ID,material_ID,date,quantity,unit,isHoliday,isWeekend,isPayday,dayOfWeek,month,weekOfYear,year
aabdfc2f-862f-4408-930b-3d9c7ec8fb3f,MAT-001,2023-01-01,2.89,KG,1,1,1,6,1,52,2023
61b47234-26ab-4ccf-836c-471dbcf2b1b2,MAT-002,2023-01-01,0.99,L,1,1,1,6,1,52,2023
662276a6-467a-47f4-9cdf-7410e74f7a22,MAT-003,2023-01-01,4.64,UN,1,1,1,6,1,52,2023
af4ce598-a99a-4f6f-bf71-81c80ebcb8f6,MAT-004,2023-01-01,0.65,KG,1,1,1,6,1,52,2023
d2b5ee0e-3a5c-4023-9100-462b4b01c71b,MAT-005,2023-01-01,1.78,M,1,1,1,6,1,52,2023
40bfe1ed-f55c-41bc-a5de-7aa6f2d350cd,MAT-001,2023-01-02,208.48,KG,0,0,0,0,1,1,2023
3ff12402-0782-4d1c-b938-926546666117,MAT-002,2023-01-02,87.53,L,0,0,0,0,1,1,2023
438732ce-65db-4fd3-8b00-1013a087c4ae,MAT-003,2023-01-02,315.3,UN,0,0,0,0,1,1,2023
4d0df549-a45e-4354-a70f-fb2af686aa4d,MAT-004,2023-01-02,49.06,KG,0,0,0,0,1,1,2023
890edc28-8200-46b7-89d7-8444e0ca730a,MAT-005,2023-01-02,106.46,M,0,0,0,0,1,1,2023
68efacbf-71b7-4218-a966-2db9eab552fa,MAT-001,2023-01-03,186.49,KG,0,0,0,1,1,1,2023
604e99c8-a0cd-4a46-a1a6-eabea4008d91,MAT-002,2023-01-03,80.1,L,0,0,0,1,1,1,2023
557048d0-cff1-4972-91a0-ef068aca5309,MAT-003,2023-01-03,310.23,UN,0,0,0,1,1,1,2023
1c95c93a-6c8b-4f5a-8d18-e79bd2ff350c,MAT-004,2023-01-03,46.39,KG,0,0,0,1,1,1,2023
5603dfc4-dd4c-46bf-b7c9-d984c495ad91,MAT-005,2023-01-03,124.32,M,0,0,0,1,1,1,2023
454463fc-be5a-4826-a95e-b7b408c1e6eb,MAT-001,2023-01-04,202.16,KG,0,0,0,2,1,1,2023
9928fc44-cdce-4b54-a104-dc2abcc3a468,MAT-002,2023-01-04,74.63,L,0,0,0,2,1,1,2023
bdbc9ce4-ad43-4a12-95f7-012f96d9f77b,MAT-003,2023-01-04,357.5,UN,0,0,0,2,1,1,2023
3cecfae5-0336-4b7b-8b30-770bf3df1c78,MAT-004,2023-01-04,53.71,KG,0,0,0,2,1,1,2023
21fa7584-0af7-46b3-9b62-7100308ec8d7,MAT-005,2023-01-04,105.79,M,0,0,0,2,1,1,2023
1682baa7-e190-46e9-9fa3-e62134a512df,MAT-001,2023-01-05,214.68,KG,0,0,0,3,1,1,2023
b94085ce-9a52-4168-aaa0-9ba683252c84,MAT-002,2023-01-05,83.8,L,0,0,0,3,1,1,2023
992bd676-c03c-4337-87e2-6493dec12097,MAT-003,2023-01-05,336.58,UN,0,0,0,3,1,1,2023
eb3fa46c-aac8-4569-b60d-3e3b284f5df9,MAT-004,2023-01-05,45.87,KG,0,0,0,3,1,1,2023
e1271878-b6ac-44fd-ac96-e6eaaac163d3,MAT-005,2023-01-05,133.17,M,0,0,0,3,1,1,2023
dc9b302a-8f41-4e34-beeb-15c55197f2a4,MAT-001,2023-01-06,192.16,KG,0,0,0,4,1,1,2023
75baa317-06c2-4787-98b6-008e02e3ad40,MAT-002,2023-01-06,72.18,L,0,0,0,4,1,1,2023
5577e7ee-ce14-4b64-80d1-457d4f4c49d7,MAT-003,2023-01-06,316.12,UN,0,0,0,4,1,1,2023
dfc39f5a-1b8c-49c6-ad12-cf54b944c55f,MAT-004,2023-01-06,54.17,KG,0,0,0,4,1,1,2023
d8b1de0e-01b0-4a5a-98a2-11fbe6a75c64,MAT-005,2023-01-06,122.99,M,0,0,0,4,1,1,2023
311f70a0-3a72-49c3-884e-f340aef5cdff,MAT-001,2023-01-07,42.95,KG,0,1,0,5,1,1,2023
0cb4573e-0627-4987-ba9d-cfd220360bb9,MAT-002,2023-01-07,16.88,L,0,1,0,5,1,1,2023
7481afa4-d353-4286-957e-25acd21e1090,MAT-003,2023-01-07,70.61,UN,0,1,0,5,1,1,2023
e20d9ec6-6b1e-4b24-873a-22a87932091e,MAT-004,2023-01-07,11.14,KG,0,1,0,5,1,1,2023
5d8a3455-9093-47c4-ad50-545318d9518d,MAT-005,2023-01-07,23.3,M,0,1,0,5,1,1,2023
ecb6eed1-43c2-4bf7-96aa-429627350dee,MAT-001,2023-01-08,40.5,KG,0,1,0,6,1,1,2023
500bdf34-9a75-4b27-83a4-7e346602656d,MAT-002,2023-01-08,17.26,L,0,1,0,6,1,1,2023
80109eb1-9dd6-4d89-a64a-af9dd7f83268,MAT-003,2023-01-08,71.99,UN,0,1,0,6,1,1,2023
a1b2727f-6044-4666-b99e-50172cca4fc5,MAT-004,2023-01-08,10.87,KG,0,1,0,6,1,1,2023
28336576-5f56-463d-8db2-c347e46bb9e2,MAT-005,2023-01-08,24.45,M,0,1,0,6,1,1,2023
250ff647-2639-4138-80d8-8a23a09cbc15,MAT-001,2023-01-09,209.82,KG,0,0,0,0,1,2,2023
fd854ce2-393f-43c5-b9c4-b8804ea2f0a7,MAT-002,2023-01-09,71.28,L,0,0,0,0,1,2,2023
c5635df0-5bf9-4b97-9d4c-b3576c37092d,MAT-003,2023-01-09,327.14,UN,0,0,0,0,1,2,2023
0130e290-d67e-40da-a2d2-cd87a7634c55,MAT-004,2023-01-09,47.47,KG,0,0,0,0,1,2,2023
ca54da16-7514-440c-82f8-edffb07a41f9,MAT-005,2023-01-09,107.9,M,0,0,0,0,1,2,2023
03a15050-dbd1-4621-8aef-af15d0d19219,MAT-001,2023-01-10,187.17,KG,0,0,0,1,1,2,2023
5ec0252c-c43c-4c84-afcd-4e6bf14f4169,MAT-002,2023-01-10,72.34,L,0,0,0,1,1,2,2023
b06538fc-c288-4a48-91e7-436c0688fe62,MAT-003,2023-01-10,331.35,UN,0,0,0,1,1,2,2023
5a818e5c-a9d5-4fa7-b6c2-046774ff5760,MAT-004,2023-01-10,51.63,KG,0,0,0,1,1,2,2023
b67e8ebb-109e-484c-8811-3aa6aee30325,MAT-005,2023-01-10,116.11,M,0,0,0,1,1,2,2023
20e73d57-139b-46e9-9aa3-dd39846e20ff,MAT-001,2023-01-11,193.77,KG,0,0,0,2,1,2,2023
4b0d43a9-ec9b-404d-9fc0-7c37b22abdf8,MAT-002,2023-01-11,74.42,L,0,0,0,2,1,2,2023
ef498084-0a2c-4392-81e7-67738cd538e7,MAT-003,2023-01-11,330.43,UN,0,0,0,2,1,2,2023
4a11f152-caa8-4ffb-911f-37c0170479cb,MAT-004,2023-01-11,55.24,KG,0,0,0,2,1,2,2023
2272b071-92d6-44fe-8825-e1e0cdb13443,MAT-005,2023-01-11,124.26,M,0,0,0,2,1,2,2023
64681675-0f5d-4f75-b351-8737620157ab,MAT-001,2023-01-12,205.24,KG,0,0,0,3,1,2,2023
338685cb-99b1-4f3f-9bd6-085e39b195c7,MAT-002,2023-01-12,73.69,L,0,0,0,3,1,2,2023
f19b2100-d754-4a2b-821f-e1bfc5564dc4,MAT-003,2023-01-12,369.25,UN,0,0,0,3,1,2,2023
edcf97ec-0e6d-470b-b236-448fef1490dd,MAT-004,2023-01-12,45.96,KG,0,0,0,3,1,2,2023
4f9302da-d6f1-4662-84fe-ab69500ce98e,MAT-005,2023-01-12,116.53,M,0,0,0,3,1,2,2023
2d79f99c-d2fb-48cd-9c3d-c8b9fca04c47,MAT-001,2023-01-13,223.5,KG,0,0,0,4,1,2,2023
ef5a5d11-8e41-44b1-8ad8-ea28453f41d8,MAT-002,2023-01-13,82.69,L,0,0,0,4,1,2,2023
7b5258a6-3c18-46ca-8c61-3e025e12f492,MAT-003,2023-01-13,354.78,UN,0,0,0,4,1,2,2023
798d8a31-061c-44a8-9dbf-51542953d0a7,MAT-004,2023-01-13,52.22,KG,0,0,0,4,1,2,2023
3103011d-b59c-4d3d-bcc0-3e0082ecb52c,MAT-005,2023-01-13,129.87,M,0,0,0,4,1,2,2023
e90a678a-e768-4b95-bb04-8946389fc943,MAT-001,2023-01-14,42.65,KG,0,1,0,5,1,2,2023
78949c4f-3492-4390-adab-f0d9f929904e,MAT-002,2023-01-14,14.96,L,0,1,0,5,1,2,2023
fdb4d039-7a2c-4074-9d3c-b61157a2e8d9,MAT-003,2023-01-14,62.14,UN,0,1,0,5,1,2,2023
fbd7aa63-2bb3-4084-950b-df784f99f33e,MAT-004,2023-01-14,9.56,KG,0,1,0,5,1,2,2023
1abfcbba-92f9-4a87-bfc1-e2f9785a160a,MAT-005,2023-01-14,22.66,M,0,1,0,5,1,2,2023
6317e43f-0b96-49c2-96c6-9bef0afa4cf6,MAT-001,2023-01-15,52.12,KG,0,1,1,6,1,2,2023
1b867394-f1e4-4ae5-9644-cb90b8d34612,MAT-002,2023-01-15,24.78,L,0,1,1,6,1,2,2023
a0cdf161-1288-48a8-895f-a634714c0d2d,MAT-003,2023-01-15,106.85,UN,0,1,1,6,1,2,2023
5d86ee36-cb86-411f-9a30-964d5a557132,MAT-004,2023-01-15,13.38,KG,0,1,1,6,1,2,2023
b67ee877-2058-4b39-83c7-4de0e3b02b0b,MAT-005,2023-01-15,34.85,M,0,1,1,6,1,2,2023
3c7b0109-6d9b-4a2a-b6b2-b72f60a5a1cc,MAT-001,2023-01-16,194.99,KG,0,0,0,0,1,3,2023
e6bf019b-d30e-4c26-83ba-a0eb4e6240f0,MAT-002,2023-01-16,87.96,L,0,0,0,0,1,3,2023
85edc6e4-858d-4eaf-90e6-644f3736ddfd,MAT-003,2023-01-16,346.54,UN,0,0,0,0,1,3,2023
b2679a19-9c95-4eef-b40d-4eec9ebe7eb2,MAT-004,2023-01-16,47.18,KG,0,0,0,0,1,3,2023
d4539d70-57f9-45c8-ac19-31401de6b4b5,MAT-005,2023-01-16,112.7,M,0,0,0,0,1,3,2023
236c5c51-c2b7-4c1c-8bf6-b9417bc55d3e,MAT-001,2023-01-17,202.95,KG,0,0,0,1,1,3,2023
e7c5a00b-f9f6-4bbb-bcee-987c7ca383a4,MAT-002,2023-01-17,75.44,L,0,0,0,1,1,3,2023
4ae3bcdf-b54c-4be0-afa9-5a6f73f22762,MAT-003,2023-01-17,357.11,UN,0,0,0,1,1,3,2023
8aa550d4-a171-4d35-83d7-96e6d5fc547a,MAT-004,2023-01-17,54.77,KG,0,0,0,1,1,3,2023
e76d351a-6bdd-4303-a7c2-78ea3d213538,MAT-005,2023-01-17,117.1,M,0,0,0,1,1,3,2023
9052cb55-9874-47db-b0e5-db96d83260bb,MAT-001,2023-01-18,186.53,KG,0,0,0,2,1,3,2023
4d24302e-689f-4715-bd01-ea57571a1e1e,MAT-002,2023-01-18,89.55,L,0,0,0,2,1,3,2023
19a6f328-e622-451e-9821-b1766486d3d1,MAT-003,2023-01-18,350.8,UN,0,0,0,2,1,3,2023
113df2ca-d27a-4312-8d2e-a522b7ef50d6,MAT-004,2023-01-18,45.09,KG,0,0,0,2,1,3,2023
ef04be57-d2fd-4229-aa23-21323d9dbd6d,MAT-005,2023-01-18,106.96,M,0,0,0,2,1,3,2023
0da0e327-8cc3-45bb-8c3a-4c7442035460,MAT-001,2023-01-19,181.26,KG,0,0,0,3,1,3,2023
9213023b-d2a1-420f-94a0-d76a5a2f37e1,MAT-002,2023-01-19,82.45,L,0,0,0,3,1,3,2023
01584046-9dce-4494-9236-3fbaf588f61d,MAT-003,2023-01-19,374.53,UN,0,0,0,3,1,3,2023
2165e916-6695-4fb6-b6e1-14926398f185,MAT-004,2023-01-19,49.07,KG,0,0,0,3,1,3,2023
9bf735b7-0007-4515-8a50-67e9bc21a259,MAT-005,2023-01-19,107.43,M,0,0,0,3,1,3,2023
cc8de9c3-23ad-4b8b-9429-ce5c7aaeb7d7,MAT-001,2023-01-20,194.32,KG,0,0,0,4,1,3,2023
cdd394b5-c818-4c70-a7e1-b697d0d947c1,MAT-002,2023-01-20,89.53,L,0,0,0,4,1,3,2023
f2b99b69-1ca1-4f2d-9e5b-2edc02c2e337,MAT-003,2023-01-20,352.45,UN,0,0,0,4,1,3,2023
a7e2ae0e-6096-4235-b831-73cc3b8e3925,MAT-004,2023-01-20,55.65,KG,0,0,0,4,1,3,2023
2fb2c98b-89a9-40f9-9c46-e066aeb40137,MAT-005,2023-01-20,130.39,M,0,0,0,4,1,3,2023
459ab1c3-1e41-4df7-a4cb-e144b4be0d8e,MAT-001,2023-01-21,35.31,KG,0,1,0,5,1,3,2023
1442ad9f-a616-47f2-98a1-efd0f17cec3e,MAT-002,2023-01-21,16.85,L,0,1,0,5,1,3,2023
37ffeb40-1780-4147-ab6d-7a3ba946d6ea,MAT-003,2023-01-21,73.05,UN,0,1,0,5,1,3,2023
9f8a8555-5620-4e94-808e-d085a17a245a,MAT-004,2023-01-21,10.09,KG,0,1,0,5,1,3,2023
d4b44cf1-fb73-4a68-b26e-0fd0e77cf7f3,MAT-005,2023-01-21,22.66,M,0,1,0,5,1,3,2023
0556bf00-c9de-4943-8b77-847b61fc1942,MAT-001,2023-01-22,41.35,KG,0,1,0,6,1,3,2023
305166da-604a-469a-ace5-26207dcaf0cf,MAT-002,2023-01-22,14.51,L,0,1,0,6,1,3,2023
85671eec-f33b-4086-8f3a-f5126872ffa4,MAT-003,2023-01-22,68.9,UN,0,1,0,6,1,3,2023
e3bcafab-52a5-40c3-b84e-c18bfafba07c,MAT-004,2023-01-22,9.89,KG,0,1,0,6,1,3,2023
ab310243-3fd4-4dd2-9685-4ac1cd5761c3,MAT-005,2023-01-22,26.61,M,0,1,0,6,1,3,2023
4ee25b78-4eba-43ed-920b-e4d44a9276a0,MAT-001,2023-01-23,218.04,KG,0,0,0,0,1,4,2023
129af7bf-2c77-4b71-b9dd-a7c4af9343e0,MAT-002,2023-01-23,75.46,L,0,0,0,0,1,4,2023
615fa72e-d5f8-4e48-9994-6afcfa9a3f3e,MAT-003,2023-01-23,350.05,UN,0,0,0,0,1,4,2023
54fd6386-d0d0-4141-ad91-8c6e0ac2fa10,MAT-004,2023-01-23,46.14,KG,0,0,0,0,1,4,2023
19f2ee69-0c0b-422e-b1e6-c7e2fd631644,MAT-005,2023-01-23,131.88,M,0,0,0,0,1,4,2023
647dd493-8ce8-4bad-9512-4b4045479078,MAT-001,2023-01-24,217.78,KG,0,0,0,1,1,4,2023
caa0f967-92d3-4bce-85e3-0953ae9da5e8,MAT-002,2023-01-24,76.13,L,0,0,0,1,1,4,2023
fba8e4aa-b968-4a16-8aa0-d3f2938c84a1,MAT-003,2023-01-24,361.67,UN,0,0,0,1,1,4,2023
3fb2f3ba-186e-4f50-abc2-79819b4bdbc8,MAT-004,2023-01-24,51.31,KG,0,0,0,1,1,4,2023
7df07976-8154-47db-bfea-fa6e0b0e8d81,MAT-005,2023-01-24,110.0,M,0,0,0,1,1,4,2023
ecd27426-6124-4f21-bed4-2b2a52a481e7,MAT-001,2023-01-25,212.6,KG,0,0,0,2,1,4,2023
5cdc45f2-ecb9-4568-ae0e-8566d46ceccb,MAT-002,2023-01-25,80.76,L,0,0,0,2,1,4,2023
0281ff86-ff00-4860-8d95-a62488caa50a,MAT-003,2023-01-25,373.4,UN,0,0,0,2,1,4,2023
06365765-a711-4813-987a-66396adeba7a,MAT-004,2023-01-25,50.36,KG,0,0,0,2,1,4,2023
ed867228-e89d-4b73-a408-2d951c58e677,MAT-005,2023-01-25,105.62,M,0,0,0,2,1,4,2023
1d771208-02d0-4167-b8aa-1b16bd81215e,MAT-001,2023-01-26,191.56,KG,0,0,0,3,1,4,2023
4ed53c46-f5f6-494b-860b-cca6a338bc67,MAT-002,2023-01-26,70.77,L,0,0,0,3,1,4,2023
b75d8b33-98d6-49c4-abdc-0602d23f7fba,MAT-003,2023-01-26,386.04,UN,0,0,0,3,1,4,2023
c2c000ed-17a3-42df-bc5f-b90574f97c63,MAT-004,2023-01-26,54.54,KG,0,0,0,3,1,4,2023
c5af1ab3-a3da-4dba-b761-f15992f8aebb,MAT-005,2023-01-26,129.55,M,0,0,0,3,1,4,2023
57e483c1-0b64-4212-bcd5-f484b4f919f1,MAT-001,2023-01-27,190.76,KG,0,0,0,4,1,4,2023
948fae6e-6220-411c-acf8-03ac3a9d99c3,MAT-002,2023-01-27,71.51,L,0,0,0,4,1,4,2023
aca63c3b-36ef-40e4-8a4c-8d46f59cde9e,MAT-003,2023-01-27,381.75,UN,0,0,0,4,1,4,2023
3b82f271-da65-4ff8-a77b-5e06988f5dd0,MAT-004,2023-01-27,55.36,KG,0,0,0,4,1,4,2023
051cdd72-d42e-4e00-8d34-2ba75091cf23,MAT-005,2023-01-27,108.07,M,0,0,0,4,1,4,2023
e793ebba-66fa-4fac-8b9e-278cb1d38b4c,MAT-001,2023-01-28,39.87,KG,0,1,0,5,1,4,2023
d03920a2-a84d-4c5e-94f7-2b39d3af1151,MAT-002,2023-01-28,14.35,L,0,1,0,5,1,4,2023
78c57385-34b1-4531-a14c-07fed767d402,MAT-003,2023-01-28,74.38,UN,0,1,0,5,1,4,2023
77750c61-20df-4e1f-9876-884248b78b03,MAT-004,2023-01-28,10.64,KG,0,1,0,5,1,4,2023
0b5eca97-75be-40e5-85f3-a7a2dfa177ae,MAT-005,2023-01-28,21.86,M,0,1,0,5,1,4,2023
7f75a761-12c4-41f5-a88b-34647248eb28,MAT-001,2023-01-29,39.76,KG,0,1,0,6,1,4,2023
2926ed3d-537d-4b7a-af5d-13a989589cd9,MAT-002,2023-01-29,16.19,L,0,1,0,6,1,4,2023
c2e4e634-050a-4213-8b57-71af6185cf96,MAT-003,2023-01-29,66.05,UN,0,1,0,6,1,4,2023
c304c694-f2d3-481d-a3a3-6de89e6d799a,MAT-004,2023-01-29,10.89,KG,0,1,0,6,1,4,2023
375d6e40-5b8f-4606-8d94-7972b4eabcd0,MAT-005,2023-01-29,23.56,M,0,1,0,6,1,4,2023
447eb59f-fa3e-41aa-aec6-5aeacf275965,MAT-001,2023-01-30,186.17,KG,0,0,0,0,1,5,2023
c00d23aa-868a-4cf0-aa29-db20d8de738b,MAT-002,2023-01-30,80.75,L,0,0,0,0,1,5,2023
f4a68fd5-9dc0-4f9a-9cdd-28e22acc4ea8,MAT-003,2023-01-30,369.31,UN,0,0,0,0,1,5,2023
34d90221-9cd0-4011-a3a7-7fd6b5e6e6ab,MAT-004,2023-01-30,46.41,KG,0,0,0,0,1,5,2023
a35ac8a4-f5d7-49ef-bcb4-c560bd417bb8,MAT-005,2023-01-30,114.58,M,0,0,0,0,1,5,2023
7be36811-c45d-4921-8719-b9758ca6f768,MAT-001,2023-01-31,223.77,KG,0,0,0,1,1,5,2023
06887581-4507-45db-bac1-c3ab29c581d2,MAT-002,2023-01-31,82.88,L,0,0,0,1,1,5,2023
6bf40190-77b7-4ba0-8026-75fded653fe8,MAT-003,2023-01-31,344.8,UN,0,0,0,1,1,5,2023
5c348cd1-00b7-46d2-8822-9d21d67c6fab,MAT-004,2023-01-31,50.21,KG,0,0,0,1,1,5,2023
39b2572e-6271-491b-b30d-40251349927e,MAT-005,2023-01-31,109.08,M,0,0,0,1,1,5,2023
4ead39de-8b36-4c86-80ca-ba74cf41cadb,MAT-001,2023-02-01,261.5,KG,0,0,1,2,2,5,2023
71e65aef-3ff7-49aa-b7b0-cb5d5ebd1767,MAT-002,2023-02-01,107.65,L,0,0,1,2,2,5,2023
e6cb9e34-6dda-4187-99f7-c154e8a220f9,MAT-003,2023-02-01,500.39,UN,0,0,1,2,2,5,2023
f2709fcb-6299-44a3-a15c-6ce71a36a452,MAT-004,2023-02-01,65.47,KG,0,0,1,2,2,5,2023
c25c5605-c816-4a8a-b5c5-c5b55f58defa,MAT-005,2023-02-01,156.72,M,0,0,1,2,2,5,2023
1ff27c17-c0de-4e15-97f0-1ef1374aa724,MAT-001,2023-02-02,179.41,KG,0,0,0,3,2,5,2023
825f5f97-1254-45c9-ad97-b02ccc0b5369,MAT-002,2023-02-02,82.52,L,0,0,0,3,2,5,2023
a2d84228-aec0-44f1-afa1-b0ad0586dd05,MAT-003,2023-02-02,327.23,UN,0,0,0,3,2,5,2023
774f7511-9fbc-465f-9598-731584ec905e,MAT-004,2023-02-02,54.87,KG,0,0,0,3,2,5,2023
a439b783-5956-492b-8116-17125b47b550,MAT-005,2023-02-02,130.36,M,0,0,0,3,2,5,2023
c7ecacac-55e1-442a-aa2c-f60449f7f788,MAT-001,2023-02-03,179.4,KG,0,0,0,4,2,5,2023
760c6ca0-71d7-4b7e-8ea6-956310ad3ffa,MAT-002,2023-02-03,74.97,L,0,0,0,4,2,5,2023
ebf67de0-14f3-4f7e-9ad1-9708073a692d,MAT-003,2023-02-03,364.19,UN,0,0,0,4,2,5,2023
7851b6d8-66d4-4bda-9186-33cdfde4e4af,MAT-004,2023-02-03,46.57,KG,0,0,0,4,2,5,2023
38534027-5eff-443c-a010-b263152346b0,MAT-005,2023-02-03,109.41,M,0,0,0,4,2,5,2023
0c712357-59c6-425e-8a35-dc900f3292c3,MAT-001,2023-02-04,44.18,KG,0,1,0,5,2,5,2023
baa7411c-519b-4732-a4ce-2f1b270f3017,MAT-002,2023-02-04,16.27,L,0,1,0,5,2,5,2023
e65c8e65-f0d7-4bf5-b237-ebc057980145,MAT-003,2023-02-04,69.54,UN,0,1,0,5,2,5,2023
b4ec3a71-bce6-4321-bd59-271983e424c5,MAT-004,2023-02-04,10.68,KG,0,1,0,5,2,5,2023
d49150f0-f2d4-4ab6-bd7b-2f6b0d293596,MAT-005,2023-02-04,25.77,M,0,1,0,5,2,5,2023
9bcf47af-a132-414f-a43f-20abc6fbc271,MAT-001,2023-02-05,37.03,KG,0,1,0,6,2,5,2023
bab94806-cd31-44d7-94a9-2ed2830c16a3,MAT-002,2023-02-05,14.45,L,0,1,0,6,2,5,2023
4ae906f3-71c0-40f5-bfed-e2705456349f,MAT-003,2023-02-05,68.84,UN,0,1,0,6,2,5,2023
523454f5-646d-411e-a49b-48ac759e3a4c,MAT-004,2023-02-05,9.82,KG,0,1,0,6,2,5,2023
47088a7e-6524-4af7-b552-24edfd8a39f6,MAT-005,2023-02-05,23.81,M,0,1,0,6,2,5,2023
9d7cefdb-4202-48e0-a5f7-c6e3e8ba9b03,MAT-001,2023-02-06,211.0,KG,0,0,0,0,2,6,2023
1fdcedb5-4d4a-49e6-b308-f8dd6625585e,MAT-002,2023-02-06,83.33,L,0,0,0,0,2,6,2023
342fa51e-bafb-444d-8992-cf133dfbbedf,MAT-003,2023-02-06,390.67,UN,0,0,0,0,2,6,2023
18c542f8-363f-45d7-a0a5-6d72b8dbfdd5,MAT-004,2023-02-06,45.18,KG,0,0,0,0,2,6,2023
9672101f-2199-4973-a9a6-8393a6a3aa79,MAT-005,2023-02-06,117.2,M,0,0,0,0,2,6,2023
6fd3f83e-6f86-4277-b0a7-b3d457391a5c,MAT-001,2023-02-07,192.29,KG,0,0,0,1,2,6,2023
9887b9b9-53ea-450a-ac38-1cfb6558164b,MAT-002,2023-02-07,86.94,L,0,0,0,1,2,6,2023
28be931c-576c-40b4-8c8e-5a354736b80e,MAT-003,2023-02-07,328.89,UN,0,0,0,1,2,6,2023
797caa48-8717-4f7d-b905-f3aa19f1ba7c,MAT-004,2023-02-07,46.28,KG,0,0,0,1,2,6,2023
4f6b2e7f-0612-4365-a3bd-11da994df714,MAT-005,2023-02-07,118.52,M,0,0,0,1,2,6,2023
963325d0-57b3-4285-b735-987113f51cbb,MAT-001,2023-02-08,196.25,KG,0,0,0,2,2,6,2023
f145c35e-4859-4bdf-9b55-e4924985f511,MAT-002,2023-02-08,75.75,L,0,0,0,2,2,6,2023
9a4a1d43-ab3d-4680-b43d-f182e0d671a9,MAT-003,2023-02-08,328.98,UN,0,0,0,2,2,6,2023
b3a254dd-4bc8-4116-a18a-8fa9fbb8aca5,MAT-004,2023-02-08,55.08,KG,0,0,0,2,2,6,2023
f7186a98-2a18-4d63-8cea-6e608986bb9e,MAT-005,2023-02-08,118.36,M,0,0,0,2,2,6,2023
a4568291-69c9-4469-967d-a31f827ff933,MAT-001,2023-02-09,217.34,KG,0,0,0,3,2,6,2023
d897c5dc-6640-404b-a522-b76f4ba41bea,MAT-002,2023-02-09,80.97,L,0,0,0,3,2,6,2023
10548b51-37a7-4ae2-b0fe-573ae70eb6d0,MAT-003,2023-02-09,312.25,UN,0,0,0,3,2,6,2023
c8af3156-fa20-4cc7-b59c-fc5778d1c479,MAT-004,2023-02-09,55.99,KG,0,0,0,3,2,6,2023
ffce7f82-9a66-44cc-bf70-69003c31faaa,MAT-005,2023-02-09,129.68,M,0,0,0,3,2,6,2023
346701f2-81e8-4f67-be39-931a86eb9bbd,MAT-001,2023-02-10,222.51,KG,0,0,0,4,2,6,2023
de6df263-461a-4b29-b488-c6bbe98a58db,MAT-002,2023-02-10,88.19,L,0,0,0,4,2,6,2023
ac041a3d-bd8e-4e74-b21c-d06aaf432eb3,MAT-003,2023-02-10,379.29,UN,0,0,0,4,2,6,2023
f6071d5c-e4c0-4b41-865b-c61c3d7d1901,MAT-004,2023-02-10,46.0,KG,0,0,0,4,2,6,2023
2863244a-1223-4ac4-b3d4-509a3b7b9f95,MAT-005,2023-02-10,119.59,M,0,0,0,4,2,6,2023
1d638046-5bb8-40e6-b2b0-0989a9ea73b2,MAT-001,2023-02-11,37.25,KG,0,1,0,5,2,6,2023
cea34d4c-79e0-42a7-834a-f317e2fb8f68,MAT-002,2023-02-11,15.62,L,0,1,0,5,2,6,2023
2dc52fa5-daf0-43d7-a60f-f52a9c3cedf7,MAT-003,2023-02-11,62.59,UN,0,1,0,5,2,6,2023
be58deae-4d93-4d9c-a2a8-3f9e5442c7cf,MAT-004,2023-02-11,9.71,KG,0,1,0,5,2,6,2023
2657d641-c895-46b1-aeda-a73ffde3c84e,MAT-005,2023-02-11,26.8,M,0,1,0,5,2,6,2023
c44be6e6-ac28-4387-a664-84172b899d4e,MAT-001,2023-02-12,37.75,KG,0,1,0,6,2,6,2023
278f8249-d8b5-4d9b-b154-1be2b6773d37,MAT-002,2023-02-12,17.09,L,0,1,0,6,2,6,2023
a3c83fb6-8992-4224-ab56-fee01d3cf7ff,MAT-003,2023-02-12,69.24,UN,0,1,0,6,2,6,2023
7c729824-c2c8-44c5-ae47-8f899333f803,MAT-004,2023-02-12,9.82,KG,0,1,0,6,2,6,2023
9c089ca2-92c9-47fc-8d03-f0512329fedf,MAT-005,2023-02-12,26.63,M,0,1,0,6,2,6,2023
12e365a4-a98c-4b4d-b9ec-2e299dd6ae76,MAT-001,2023-02-13,223.78,KG,0,0,0,0,2,7,2023
a050d9c3-bf31-445a-bd66-751e8f446897,MAT-002,2023-02-13,81.07,L,0,0,0,0,2,7,2023
00bc1ed8-c978-4d8f-9e59-e4b129882a49,MAT-003,2023-02-13,368.35,UN,0,0,0,0,2,7,2023
9095ac35-c754-4616-a3ce-f8de8cb8bd8f,MAT-004,2023-02-13,45.86,KG,0,0,0,0,2,7,2023
6cc9579d-bd9b-48d1-ac23-f2224d675086,MAT-005,2023-02-13,114.15,M,0,0,0,0,2,7,2023
f682b622-2f8d-40b5-a7c1-33b82f7cae3f,MAT-001,2023-02-14,222.5,KG,0,0,0,1,2,7,2023
c40f34ee-d4ef-455b-af27-7496be78de9d,MAT-002,2023-02-14,81.52,L,0,0,0,1,2,7,2023
ab64ed10-189b-4125-adee-3e0a2499ec1d,MAT-003,2023-02-14,353.54,UN,0,0,0,1,2,7,2023
0c3f1579-6d74-495c-ba4f-f962786bf52c,MAT-004,2023-02-14,52.98,KG,0,0,0,1,2,7,2023
be64bda4-e952-443a-874b-ae0098439d3f,MAT-005,2023-02-14,107.25,M,0,0,0,1,2,7,2023
1b23042b-715e-42f0-bc37-497eec82f3e9,MAT-001,2023-02-15,285.66,KG,0,0,1,2,2,7,2023
fdd284d3-0b03-4f41-9811-3b01b9bd3048,MAT-002,2023-02-15,112.08,L,0,0,1,2,2,7,2023
173b8a25-c4cb-483c-8cf7-c928578fc2b9,MAT-003,2023-02-15,531.48,UN,0,0,1,2,2,7,2023
1e0a9804-448d-4dea-a3be-36ef945a38d3,MAT-004,2023-02-15,64.24,KG,0,0,1,2,2,7,2023
2a2af50e-ac0d-4648-9436-8499cf5a2bb3,MAT-005,2023-02-15,186.58,M,0,0,1,2,2,7,2023
2ed61a7b-e871-4b96-97c7-9e6448c06316,MAT-001,2023-02-16,179.85,KG,0,0,0,3,2,7,2023
28f4365a-fbed-4b0c-817e-b5eb99e0a5a7,MAT-002,2023-02-16,73.97,L,0,0,0,3,2,7,2023
f4eaf9c1-3625-4a5f-9328-31b6647dd85a,MAT-003,2023-02-16,357.98,UN,0,0,0,3,2,7,2023
dbc0cb19-1152-44e5-80ab-45857c51814f,MAT-004,2023-02-16,52.1,KG,0,0,0,3,2,7,2023
32c9f929-7ea7-4893-8541-8992b9fe7bfe,MAT-005,2023-02-16,112.37,M,0,0,0,3,2,7,2023
1daaf182-291e-4620-b250-5a055b8a1317,MAT-001,2023-02-17,181.75,KG,0,0,0,4,2,7,2023
8b10dcdf-389c-4d2d-bbd8-a5889639afa8,MAT-002,2023-02-17,87.49,L,0,0,0,4,2,7,2023
f1d13c14-4ffa-4cb8-8455-f27ff12d7a84,MAT-003,2023-02-17,328.68,UN,0,0,0,4,2,7,2023
fc85010e-8b76-4da8-9ff9-6c9dc2af3dd9,MAT-004,2023-02-17,51.13,KG,0,0,0,4,2,7,2023
9fabba77-a86e-4ac8-98ce-2d65d4c02fcc,MAT-005,2023-02-17,123.44,M,0,0,0,4,2,7,2023
379df197-51de-48a0-9dc3-2cf563cb58bc,MAT-001,2023-02-18,39.22,KG,0,1,0,5,2,7,2023
2178a058-3edc-4fa1-956a-7c2b0c8844cc,MAT-002,2023-02-18,16.32,L,0,1,0,5,2,7,2023
67ae9118-8985-4624-82cc-3b55103f847f,MAT-003,2023-02-18,70.38,UN,0,1,0,5,2,7,2023
b273ecbc-ebb7-426c-9ab5-4439a42281a0,MAT-004,2023-02-18,11.04,KG,0,1,0,5,2,7,2023
250c221c-3b58-4a0a-9ff0-e55123852dea,MAT-005,2023-02-18,22.3,M,0,1,0,5,2,7,2023
7d41f222-23b2-4b90-ae1f-4c8a2a434e42,MAT-001,2023-02-19,42.08,KG,0,1,0,6,2,7,2023
061e2fad-e04e-40bf-8de4-fa28b80b535d,MAT-002,2023-02-19,15.0,L,0,1,0,6,2,7,2023
49293e67-5506-4311-897a-5e7669ab13a2,MAT-003,2023-02-19,68.25,UN,0,1,0,6,2,7,2023
3725f5dc-04c1-42e9-bd6e-10b6bba82abd,MAT-004,2023-02-19,10.41,KG,0,1,0,6,2,7,2023
7b23483c-69ce-4005-8806-6e87859752f6,MAT-005,2023-02-19,22.85,M,0,1,0,6,2,7,2023
29e9e8b1-498e-452d-80ac-a2f74ea1536f,MAT-001,2023-02-20,191.18,KG,0,0,0,0,2,8,2023
4ba4e539-4831-4e71-942c-6865749bf287,MAT-002,2023-02-20,84.84,L,0,0,0,0,2,8,2023
3180049b-6d9d-4043-aa38-293378e59a04,MAT-003,2023-02-20,314.09,UN,0,0,0,0,2,8,2023
f105fc88-cc58-4418-86cc-efef02205f0c,MAT-004,2023-02-20,49.5,KG,0,0,0,0,2,8,2023
cea8cc56-bb43-44b2-84d2-0ac9b70d2b91,MAT-005,2023-02-20,134.36,M,0,0,0,0,2,8,2023
a934ae94-361b-4e16-877b-58b81bc6f523,MAT-001,2023-02-21,223.81,KG,0,0,0,1,2,8,2023
0dc59558-4e82-4d2d-9ee7-1add05bbf916,MAT-002,2023-02-21,71.81,L,0,0,0,1,2,8,2023
8a50ad4e-a09b-4abf-9fc0-4064fbcae926,MAT-003,2023-02-21,325.9,UN,0,0,0,1,2,8,2023
692e1412-3711-41ee-8150-2ee961948ea5,MAT-004,2023-02-21,47.18,KG,0,0,0,1,2,8,2023
aadf4a0e-4456-40b0-b3d8-82f47e123e46,MAT-005,2023-02-21,132.48,M,0,0,0,1,2,8,2023
6aabefaf-2227-4bd7-b351-3705d2f1790c,MAT-001,2023-02-22,218.28,KG,0,0,0,2,2,8,2023
e99d656f-99ea-4f51-84d0-26231cfd1aaf,MAT-002,2023-02-22,87.28,L,0,0,0,2,2,8,2023
a4a92d78-8bc0-4c24-92bb-72b6065e9218,MAT-003,2023-02-22,339.04,UN,0,0,0,2,2,8,2023
fce6435d-e079-4a33-ac57-8eb82251d64c,MAT-004,2023-02-22,45.89,KG,0,0,0,2,2,8,2023
da2b7e19-907f-417d-8fe8-b4b3798b6fd6,MAT-005,2023-02-22,129.61,M,0,0,0,2,2,8,2023
d0f6b6e8-5fc3-4b53-ae1c-9be942c7a308,MAT-001,2023-02-23,209.77,KG,0,0,0,3,2,8,2023
de2976a6-d95b-4e38-b380-9e12dd65b749,MAT-002,2023-02-23,82.14,L,0,0,0,3,2,8,2023
a9e03eaf-baa7-47a4-9e8f-fbc551f64d27,MAT-003,2023-02-23,390.93,UN,0,0,0,3,2,8,2023
8bc25044-d5f2-47be-9f55-4b6e15d9db69,MAT-004,2023-02-23,51.85,KG,0,0,0,3,2,8,2023
aeef51ff-667e-46c8-8c15-4d138511dd76,MAT-005,2023-02-23,105.83,M,0,0,0,3,2,8,2023
c80a6d11-4458-4701-9c58-324d5e8b4e2a,MAT-001,2023-02-24,215.22,KG,0,0,0,4,2,8,2023
b54769de-205f-4674-b10e-94c9b03c1e60,MAT-002,2023-02-24,76.15,L,0,0,0,4,2,8,2023
006c5ac6-1ece-4c35-b0f2-1e51ec2c5d0d,MAT-003,2023-02-24,363.72,UN,0,0,0,4,2,8,2023
761a18b2-9d56-40d8-aa90-ae6946ca02de,MAT-004,2023-02-24,55.27,KG,0,0,0,4,2,8,2023
04f7253a-993e-4f6c-8464-8610a7201c82,MAT-005,2023-02-24,109.47,M,0,0,0,4,2,8,2023
b2bca497-f166-41b7-8a39-361e8bc3ebcc,MAT-001,2023-02-25,36.31,KG,0,1,0,5,2,8,2023
610a1f5e-baa2-4f59-a061-0cb77d7c37d3,MAT-002,2023-02-25,14.49,L,0,1,0,5,2,8,2023
e8f5ecdb-d4fc-4dc5-9e82-ea37dffc22e1,MAT-003,2023-02-25,70.89,UN,0,1,0,5,2,8,2023
826ec437-eff6-4da6-a158-6afd04ccc977,MAT-004,2023-02-25,9.45,KG,0,1,0,5,2,8,2023
ee5a816a-0d26-49db-8ec6-9b7b1d7ea301,MAT-005,2023-02-25,24.6,M,0,1,0,5,2,8,2023
f16b6ceb-3d58-4f57-959f-62a8d2ba4e42,MAT-001,2023-02-26,42.09,KG,0,1,0,6,2,8,2023
f5d9578b-7300-4475-9678-a86c7619e7f4,MAT-002,2023-02-26,14.86,L,0,1,0,6,2,8,2023
8e4c47ea-d7d0-4ae4-9fd1-e51f80e1d2f5,MAT-003,2023-02-26,72.26,UN,0,1,0,6,2,8,2023
33aa66d0-1df2-4bed-a853-9742b94e2d6e,MAT-004,2023-02-26,9.43,KG,0,1,0,6,2,8,2023
bdae25c8-65b1-41ee-a04e-b5be30190a5d,MAT-005,2023-02-26,23.93,M,0,1,0,6,2,8,2023
f4b166af-011e-4510-affe-d218d8c9f685,MAT-001,2023-02-27,219.46,KG,0,0,0,0,2,9,2023
6abe7295-ce65-436b-883f-cba718d5a42c,MAT-002,2023-02-27,86.65,L,0,0,0,0,2,9,2023
fce09a3f-1cd6-41c9-80cb-d1642d979969,MAT-003,2023-02-27,315.75,UN,0,0,0,0,2,9,2023
ada3fa98-3c0a-4d7f-87bb-ed7c6a8e19d7,MAT-004,2023-02-27,49.08,KG,0,0,0,0,2,9,2023
6db312ad-f8fa-4c1c-9825-e2f84e46ec32,MAT-005,2023-02-27,113.57,M,0,0,0,0,2,9,2023
fdbe676d-f811-4dca-87cc-25c8a373746c,MAT-001,2023-02-28,176.17,KG,0,0,0,1,2,9,2023
9212e096-2f14-4414-b80e-3e04bc3bd890,MAT-002,2023-02-28,85.21,L,0,0,0,1,2,9,2023
479a4d9c-6997-44c8-84d1-ca7939f14abf,MAT-003,2023-02-28,361.52,UN,0,0,0,1,2,9,2023
b75867dc-d9ad-4456-9f14-4be0dad18852,MAT-004,2023-02-28,47.14,KG,0,0,0,1,2,9,2023
794bc72b-4638-444b-a87e-61f2d37ed112,MAT-005,2023-02-28,126.95,M,0,0,0,1,2,9,2023
d13b1d5f-ba8f-4099-8e18-eb3654675c14,MAT-001,2023-03-01,283.47,KG,0,0,1,2,3,9,2023
8abd4654-ee41-45c8-bfc5-6a04a0a55a51,MAT-002,2023-03-01,110.06,L,0,0,1,2,3,9,2023
7ceddaa9-fb63-46a2-a4dd-3d9984a386e1,MAT-003,2023-03-01,432.34,UN,0,0,1,2,3,9,2023
3a3ac315-a5dd-446a-8138-e56f7bf73e5d,MAT-004,2023-03-01,62.86,KG,0,0,1,2,3,9,2023
872c1ff3-3e2e-4f18-bbee-f30245faa421,MAT-005,2023-03-01,183.45,M,0,0,1,2,3,9,2023
62627e6a-c553-4fbc-ab2a-8c0c856b82f1,MAT-001,2023-03-02,219.39,KG,0,0,0,3,3,9,2023
9ac1dece-7670-481d-abcc-5b7598ef75d5,MAT-002,2023-03-02,80.88,L,0,0,0,3,3,9,2023
581b10eb-f76b-4cf1-99ef-6e3c903a48a8,MAT-003,2023-03-02,378.11,UN,0,0,0,3,3,9,2023
b666731d-2d70-4a38-bbf6-d91e165a55ec,MAT-004,2023-03-02,50.99,KG,0,0,0,3,3,9,2023
0c0f924d-7567-4101-812a-8f138761644b,MAT-005,2023-03-02,109.87,M,0,0,0,3,3,9,2023
581192c9-e54f-418c-9d87-0e931c8ca99a,MAT-001,2023-03-03,182.12,KG,0,0,0,4,3,9,2023
2b334e50-8671-41ee-a8b1-a5e5eae4a2fe,MAT-002,2023-03-03,76.32,L,0,0,0,4,3,9,2023
0717a798-a6af-407b-963f-596956af2dc2,MAT-003,2023-03-03,383.51,UN,0,0,0,4,3,9,2023
11f3964d-3668-463a-96b0-8478b6b1462b,MAT-004,2023-03-03,53.55,KG,0,0,0,4,3,9,2023
c2be6089-c1de-4ad3-bfbe-d69e276f1be5,MAT-005,2023-03-03,130.39,M,0,0,0,4,3,9,2023
36d6867d-c987-4910-a84b-4617851a6691,MAT-001,2023-03-04,43.83,KG,0,1,0,5,3,9,2023
c811d2cf-a865-445d-9744-d667c8568f09,MAT-002,2023-03-04,14.89,L,0,1,0,5,3,9,2023
7f1e257b-8223-49cd-976e-87a2bea464a4,MAT-003,2023-03-04,65.79,UN,0,1,0,5,3,9,2023
3ec3545b-17d6-44a6-8ff7-7329fddd3b49,MAT-004,2023-03-04,9.05,KG,0,1,0,5,3,9,2023
c57fd423-3afe-4500-8ce0-9ff9d440b645,MAT-005,2023-03-04,25.61,M,0,1,0,5,3,9,2023
2a5ab97e-be5f-4c76-a318-785a3c3922eb,MAT-001,2023-03-05,43.69,KG,0,1,0,6,3,9,2023
7aa3b556-61c1-4edb-8624-26f2051457ea,MAT-002,2023-03-05,15.64,L,0,1,0,6,3,9,2023
96949a39-824b-4e2f-bbc5-6facf98e87a1,MAT-003,2023-03-05,72.03,UN,0,1,0,6,3,9,2023
5f2ae413-a224-451e-bf46-643c90e47e5f,MAT-004,2023-03-05,9.17,KG,0,1,0,6,3,9,2023
e7827783-b447-49e7-bb73-24372d4411cd,MAT-005,2023-03-05,26.48,M,0,1,0,6,3,9,2023
950ba348-cb2d-49c3-83fe-4145bcd8992c,MAT-001,2023-03-06,217.5,KG,0,0,0,0,3,10,2023
50e050d4-6894-437f-b8c9-153538b93c01,MAT-002,2023-03-06,89.14,L,0,0,0,0,3,10,2023
5c8955c2-c172-4016-b8f3-819e8afe625f,MAT-003,2023-03-06,376.1,UN,0,0,0,0,3,10,2023
7fb75658-34c6-4d9b-9438-7d3b346fe28b,MAT-004,2023-03-06,54.58,KG,0,0,0,0,3,10,2023
60a086d5-99ab-47b4-9901-4e26806bf569,MAT-005,2023-03-06,106.31,M,0,0,0,0,3,10,2023
b5278371-2d63-4286-b930-ecb256424852,MAT-001,2023-03-07,211.36,KG,0,0,0,1,3,10,2023
abed10c1-ba8b-4779-b5ee-7c0b84ee9dab,MAT-002,2023-03-07,76.78,L,0,0,0,1,3,10,2023
57f2eb64-3e8c-42d1-b700-bbac8fd71ade,MAT-003,2023-03-07,386.19,UN,0,0,0,1,3,10,2023
d4029438-1718-47fb-bd48-810a85dd7c30,MAT-004,2023-03-07,53.63,KG,0,0,0,1,3,10,2023
4beec905-7aaf-417c-acb7-dd8a126e929a,MAT-005,2023-03-07,130.49,M,0,0,0,1,3,10,2023
3b8c2dee-600a-4a93-b1eb-0c703a2a8b66,MAT-001,2023-03-08,214.92,KG,0,0,0,2,3,10,2023
002a1b02-21ef-4008-a689-326e201fff4e,MAT-002,2023-03-08,75.52,L,0,0,0,2,3,10,2023
3fa437f8-6372-4c64-bd5d-f28c68ffd340,MAT-003,2023-03-08,374.14,UN,0,0,0,2,3,10,2023
699164ae-123f-4fce-ba9a-af7516a10a09,MAT-004,2023-03-08,45.3,KG,0,0,0,2,3,10,2023
c6d86ed6-dcc9-499f-b086-75db153d4e25,MAT-005,2023-03-08,130.72,M,0,0,0,2,3,10,2023
947ad6d0-6f9f-4816-a6b2-691023b669a8,MAT-001,2023-03-09,217.21,KG,0,0,0,3,3,10,2023
d1bb4e37-e8ba-467e-825b-6304f8e71771,MAT-002,2023-03-09,74.67,L,0,0,0,3,3,10,2023
3d26359b-0f20-42cb-95a6-6f06df4eb638,MAT-003,2023-03-09,376.59,UN,0,0,0,3,3,10,2023
65b4ee5d-a5b2-4f10-9b2a-e09bcb00230f,MAT-004,2023-03-09,49.52,KG,0,0,0,3,3,10,2023
5f89949a-bde4-43ff-b5ac-0a5fe5099042,MAT-005,2023-03-09,114.39,M,0,0,0,3,3,10,2023
de821732-2e5d-43b9-b4b1-42fdebc20350,MAT-001,2023-03-10,214.18,KG,0,0,0,4,3,10,2023
42daf712-09a4-4a9e-9cc4-dd8cc58fce7a,MAT-002,2023-03-10,74.77,L,0,0,0,4,3,10,2023
ec9c870c-7615-41f5-af54-ddc377f758a9,MAT-003,2023-03-10,309.99,UN,0,0,0,4,3,10,2023
91d1273d-e350-4411-bbae-ad6e52c437f5,MAT-004,2023-03-10,46.32,KG,0,0,0,4,3,10,2023
3f31baf6-ba51-4c52-80c7-049d769883ab,MAT-005,2023-03-10,115.05,M,0,0,0,4,3,10,2023
7584c0e5-4e32-4f48-a036-1b744bf8fcf6,MAT-001,2023-03-11,43.5,KG,0,1,0,5,3,10,2023
2b6ad2bc-8cb8-4206-9e46-f96f6272cd00,MAT-002,2023-03-11,17.79,L,0,1,0,5,3,10,2023
8cdc3b25-4dfd-422d-930b-cbeeccd5ba9f,MAT-003,2023-03-11,66.29,UN,0,1,0,5,3,10,2023
31bbffc8-2f00-4092-8d66-a8c9e8e2266f,MAT-004,2023-03-11,10.34,KG,0,1,0,5,3,10,2023
97c07143-f0fa-46a4-8558-022e6a8ec6d0,MAT-005,2023-03-11,23.42,M,0,1,0,5,3,10,2023
3b6b0a13-2126-4034-9d3f-9debb0a77f99,MAT-001,2023-03-12,44.62,KG,0,1,0,6,3,10,2023
d4241582-321a-4fae-a999-ec6746f12221,MAT-002,2023-03-12,16.14,L,0,1,0,6,3,10,2023
12d62008-b381-489e-8683-47d2008a8509,MAT-003,2023-03-12,77.38,UN,0,1,0,6,3,10,2023
ae2344f9-d9ac-4bd5-9e87-a6376c3594fb,MAT-004,2023-03-12,9.08,KG,0,1,0,6,3,10,2023
5e9a71e8-90c2-45e2-b68a-6c12d8c273e4,MAT-005,2023-03-12,26.71,M,0,1,0,6,3,10,2023
2ffb9676-a4ce-4222-b3b8-50ab2792e171,MAT-001,2023-03-13,184.57,KG,0,0,0,0,3,11,2023
7e9a81c1-2655-47a7-ab9e-39fbdac5ea85,MAT-002,2023-03-13,88.88,L,0,0,0,0,3,11,2023
2154c8ff-42d8-4ed9-8bc1-2ad281d35662,MAT-003,2023-03-13,330.3,UN,0,0,0,0,3,11,2023
1dc64fe2-e661-4298-8e3d-f78d03b262f4,MAT-004,2023-03-13,45.3,KG,0,0,0,0,3,11,2023
3ee32e8c-3462-4c86-8cc4-81140df3a9e3,MAT-005,2023-03-13,118.12,M,0,0,0,0,3,11,2023
7973e2bf-1ca8-4a16-a6dc-170192e31ee2,MAT-001,2023-03-14,210.97,KG,0,0,0,1,3,11,2023
19e10422-7cca-4ae4-a7f7-762b35cfa01d,MAT-002,2023-03-14,76.42,L,0,0,0,1,3,11,2023
821db470-66c8-476d-80a5-8e0e86c1ec98,MAT-003,2023-03-14,358.92,UN,0,0,0,1,3,11,2023
9e391325-421b-47b0-a199-479785e946e9,MAT-004,2023-03-14,50.14,KG,0,0,0,1,3,11,2023
dffdbd72-8076-4940-a19e-200e3bb0cf06,MAT-005,2023-03-14,116.69,M,0,0,0,1,3,11,2023
924da0b1-8033-447e-b477-18ac3ae8a8cb,MAT-001,2023-03-15,285.15,KG,0,0,1,2,3,11,2023
848edf93-4e24-4c1d-86e2-932f9af90d0a,MAT-002,2023-03-15,105.41,L,0,0,1,2,3,11,2023
b9c10f79-a1c4-4ea9-b5be-dff76cfc3b29,MAT-003,2023-03-15,514.55,UN,0,0,1,2,3,11,2023
18e62026-601a-49e4-8826-de58bfcbddfc,MAT-004,2023-03-15,61.63,KG,0,0,1,2,3,11,2023
eefd407a-f236-477f-8a41-e9edb4b6029a,MAT-005,2023-03-15,185.16,M,0,0,1,2,3,11,2023
6da12dce-32a4-474a-b0d4-b9ff0d964886,MAT-001,2023-03-16,201.85,KG,0,0,0,3,3,11,2023
bf5a7a09-934e-4001-a59a-59a1915a3f75,MAT-002,2023-03-16,84.21,L,0,0,0,3,3,11,2023
1d1c605e-572a-4e82-aaad-a7e1265ce790,MAT-003,2023-03-16,370.32,UN,0,0,0,3,3,11,2023
311e4af4-46b8-475f-902d-32e601b9c592,MAT-004,2023-03-16,52.05,KG,0,0,0,3,3,11,2023
82425d30-3222-428e-a8b0-ee8f6256fde1,MAT-005,2023-03-16,116.09,M,0,0,0,3,3,11,2023
294e165f-da3f-4b81-989c-b008c3ac1d12,MAT-001,2023-03-17,179.36,KG,0,0,0,4,3,11,2023
9b03fa28-80ca-4b0c-8e93-c7d12737daa9,MAT-002,2023-03-17,83.15,L,0,0,0,4,3,11,2023
955d7a30-cd9c-4851-8b47-720a880524c9,MAT-003,2023-03-17,335.74,UN,0,0,0,4,3,11,2023
1914a824-8e36-489f-a6f8-b2ae162ff385,MAT-004,2023-03-17,47.77,KG,0,0,0,4,3,11,2023
19280367-5450-4a5c-98d1-606aa09cc465,MAT-005,2023-03-17,130.02,M,0,0,0,4,3,11,2023
6c67ae52-e209-4198-a9e9-0c9778b3642d,MAT-001,2023-03-18,42.11,KG,0,1,0,5,3,11,2023
eee13dcc-fc95-48d5-961e-5f10bfcb2ae4,MAT-002,2023-03-18,15.23,L,0,1,0,5,3,11,2023
172d0a3c-d099-4b8e-9c7a-e05c47b46bd6,MAT-003,2023-03-18,66.8,UN,0,1,0,5,3,11,2023
97c59d8f-3363-4eec-a5e9-1d83652e3c54,MAT-004,2023-03-18,9.78,KG,0,1,0,5,3,11,2023
cb279af9-a4e9-4e08-bcca-ffb57b0d1d57,MAT-005,2023-03-18,23.44,M,0,1,0,5,3,11,2023
c952381d-ca34-4ef3-9218-c1ceb17c3515,MAT-001,2023-03-19,38.04,KG,0,1,0,6,3,11,2023
a1fe26eb-4936-4180-b6db-a4c15622c9a9,MAT-002,2023-03-19,14.57,L,0,1,0,6,3,11,2023
455f4d04-d753-4c7f-a1f0-d903810d1067,MAT-003,2023-03-19,68.66,UN,0,1,0,6,3,11,2023
ab502225-9989-4668-8b80-6e37f56ee171,MAT-004,2023-03-19,11.06,KG,0,1,0,6,3,11,2023
c60195ab-3ae0-468d-b3db-7cb0e0d88755,MAT-005,2023-03-19,25.02,M,0,1,0,6,3,11,2023
dec2013a-bc82-447e-a9b7-77da28b1e4eb,MAT-001,2023-03-20,219.33,KG,0,0,0,0,3,12,2023
f866f54c-31c5-4c87-b3ac-aff6c71dfa54,MAT-002,2023-03-20,82.22,L,0,0,0,0,3,12,2023
d2a0fde8-fda8-47fd-9202-94520bfdda87,MAT-003,2023-03-20,333.28,UN,0,0,0,0,3,12,2023
39e87cb2-2573-4f91-9bff-34d53ce5a18e,MAT-004,2023-03-20,50.58,KG,0,0,0,0,3,12,2023
966abd57-a627-4d80-9db4-d9ea3b7e6274,MAT-005,2023-03-20,105.61,M,0,0,0,0,3,12,2023
5803b515-80f8-46b6-a176-d08df6ae80e1,MAT-001,2023-03-21,189.77,KG,0,0,0,1,3,12,2023
b3279bcf-da3a-43ba-ace9-e391dc5c7458,MAT-002,2023-03-21,78.65,L,0,0,0,1,3,12,2023
f52098ee-3180-4a15-853a-7ad7b72210b6,MAT-003,2023-03-21,356.72,UN,0,0,0,1,3,12,2023
5381295f-1963-4381-802d-2992b66cc6c2,MAT-004,2023-03-21,51.86,KG,0,0,0,1,3,12,2023
00d75b57-f75f-4760-853d-3b8e3121a804,MAT-005,2023-03-21,118.99,M,0,0,0,1,3,12,2023
a88493d4-35cf-4197-9414-ae78c39edebf,MAT-001,2023-03-22,197.22,KG,0,0,0,2,3,12,2023
4dc2de5f-c15e-45f1-a074-4e85d17ef7de,MAT-002,2023-03-22,74.5,L,0,0,0,2,3,12,2023
7cb1290b-c2db-4525-8d2e-91dfa7e976cd,MAT-003,2023-03-22,347.75,UN,0,0,0,2,3,12,2023
ff671da8-816d-4133-854f-b4189ca5660a,MAT-004,2023-03-22,54.81,KG,0,0,0,2,3,12,2023
39f05416-72f0-4257-9591-3dcd5e258f1b,MAT-005,2023-03-22,128.53,M,0,0,0,2,3,12,2023
aa66b6fc-5ac6-41f5-9a49-933d3716d6b1,MAT-001,2023-03-23,184.15,KG,0,0,0,3,3,12,2023
e4d99334-cd7a-498a-a370-1316dd82b4ed,MAT-002,2023-03-23,72.03,L,0,0,0,3,3,12,2023
782e63ae-32b5-4d27-9cc9-3dfb826c697b,MAT-003,2023-03-23,351.3,UN,0,0,0,3,3,12,2023
6da614f4-8974-4c70-be15-c94fac75cea1,MAT-004,2023-03-23,51.6,KG,0,0,0,3,3,12,2023
a3672de0-eb67-42c6-a582-37f005c1af08,MAT-005,2023-03-23,115.25,M,0,0,0,3,3,12,2023
12d8f53e-234a-48d7-8e0e-80f8deb1269a,MAT-001,2023-03-24,215.28,KG,0,0,0,4,3,12,2023
e84b3085-57ef-4085-8b28-25b1e9056ae3,MAT-002,2023-03-24,84.82,L,0,0,0,4,3,12,2023
eaf71043-3c54-43f0-bd8e-65f2eb37d961,MAT-003,2023-03-24,364.51,UN,0,0,0,4,3,12,2023
78139977-4af7-4ce2-a4b8-f766bb860141,MAT-004,2023-03-24,46.7,KG,0,0,0,4,3,12,2023
cc4895f6-740f-4a77-bb9e-7695b818ab2b,MAT-005,2023-03-24,111.33,M,0,0,0,4,3,12,2023
773a4d76-2735-4d62-aa89-b5961bc7c0a8,MAT-001,2023-03-25,35.43,KG,0,1,0,5,3,12,2023
d59e3ad1-995f-4697-8d49-e66c0296cd11,MAT-002,2023-03-25,15.02,L,0,1,0,5,3,12,2023
94b01d9c-733d-4e78-8b41-ad5093260b7c,MAT-003,2023-03-25,69.58,UN,0,1,0,5,3,12,2023
8e49b5ef-0ced-44da-b8bb-755be6bf7d79,MAT-004,2023-03-25,10.84,KG,0,1,0,5,3,12,2023
599f7e9e-693a-4390-a2a1-d97c25b4edeb,MAT-005,2023-03-25,21.54,M,0,1,0,5,3,12,2023
edd7f657-9dd5-401f-84a6-d80ea3506ee3,MAT-001,2023-03-26,39.18,KG,0,1,0,6,3,12,2023
4c2c00be-ae4e-4e0d-b34f-158d7b4b65c3,MAT-002,2023-03-26,16.5,L,0,1,0,6,3,12,2023
13bfb8c1-4eaf-4228-83e7-e0701eadec84,MAT-003,2023-03-26,64.87,UN,0,1,0,6,3,12,2023
e06a659c-5b06-43e1-8a93-6ac229149fa7,MAT-004,2023-03-26,10.47,KG,0,1,0,6,3,12,2023
1224d66f-e873-477a-9488-a0875cc41e96,MAT-005,2023-03-26,23.97,M,0,1,0,6,3,12,2023
d421b157-5309-4dd7-a1fd-9c8035b88dea,MAT-001,2023-03-27,187.71,KG,0,0,0,0,3,13,2023
c2d5f92a-75ac-4f95-b1d2-e4462f4f8306,MAT-002,2023-03-27,83.0,L,0,0,0,0,3,13,2023
19c0d256-ed77-4266-ab2e-a484df4286fd,MAT-003,2023-03-27,308.47,UN,0,0,0,0,3,13,2023
c61019a8-ea17-4d8e-ab4e-9a7e1ae62a49,MAT-004,2023-03-27,53.01,KG,0,0,0,0,3,13,2023
d6d40a64-2395-4cdd-bfb4-e61b3cda34d5,MAT-005,2023-03-27,127.78,M,0,0,0,0,3,13,2023
cec84d61-374f-4862-9d9b-e05a9563077e,MAT-001,2023-03-28,181.12,KG,0,0,0,1,3,13,2023
473b9222-3f3e-4069-b09b-88401a52d0a9,MAT-002,2023-03-28,78.56,L,0,0,0,1,3,13,2023
5ce99197-3224-47b4-84b7-dec92445740d,MAT-003,2023-03-28,322.77,UN,0,0,0,1,3,13,2023
4c02e1c7-cac3-4bd6-9813-3fc310f570c7,MAT-004,2023-03-28,55.5,KG,0,0,0,1,3,13,2023
5f6d8ba6-4360-4754-94e3-30d4f168e8a8,MAT-005,2023-03-28,120.52,M,0,0,0,1,3,13,2023
9004222b-44b7-4417-b6f8-66bd38655c95,MAT-001,2023-03-29,178.41,KG,0,0,0,2,3,13,2023
963d9199-b3a6-45c1-915b-9b1d8d057fe7,MAT-002,2023-03-29,75.18,L,0,0,0,2,3,13,2023
c4ed6ce6-ece1-4dcc-af8d-fb9e3157baa6,MAT-003,2023-03-29,379.26,UN,0,0,0,2,3,13,2023
7b5c20b7-acf3-4e7e-a93a-3c1f6d5dbe61,MAT-004,2023-03-29,49.48,KG,0,0,0,2,3,13,2023
615ccc61-2019-46b1-9f6b-b2de6ec88989,MAT-005,2023-03-29,128.68,M,0,0,0,2,3,13,2023
e2a4d3e9-f7fc-4742-b32b-75c6e4ca9574,MAT-001,2023-03-30,208.04,KG,0,0,0,3,3,13,2023
f1f1fbc2-a1a2-4bdf-9712-59c81f326336,MAT-002,2023-03-30,89.37,L,0,0,0,3,3,13,2023
7a8fc96b-933f-427e-a0ed-00b86522d768,MAT-003,2023-03-30,358.02,UN,0,0,0,3,3,13,2023
590d1ddb-109c-4615-a339-f58a30b27c82,MAT-004,2023-03-30,55.4,KG,0,0,0,3,3,13,2023
25549719-f306-46ba-b8a9-b15a7c6e63d4,MAT-005,2023-03-30,131.27,M,0,0,0,3,3,13,2023
03bd9c66-1680-494f-bf4b-72ab0a6e2c45,MAT-001,2023-03-31,205.41,KG,0,0,0,4,3,13,2023
b32af96a-c6e4-4e39-b1b0-e311dc856813,MAT-002,2023-03-31,84.21,L,0,0,0,4,3,13,2023
78794308-1e48-48ef-9e31-5708ab25661a,MAT-003,2023-03-31,350.4,UN,0,0,0,4,3,13,2023
73af89fb-d528-4b7e-b4a4-670b9bd4f607,MAT-004,2023-03-31,53.97,KG,0,0,0,4,3,13,2023
6ca9e6ea-81aa-4a5c-9aa3-6466280d436f,MAT-005,2023-03-31,121.38,M,0,0,0,4,3,13,2023
4e6b8234-edc7-48b1-9cf2-f4a25e685c7f,MAT-001,2023-04-01,61.34,KG,0,1,1,5,4,13,2023
a69a0564-9321-4b63-be37-77ad6dafbbcf,MAT-002,2023-04-01,23.71,L,0,1,1,5,4,13,2023
2575bf67-ae0f-4d73-a6ee-eafb81745f33,MAT-003,2023-04-01,97.4,UN,0,1,1,5,4,13,2023
f08ec06f-0cca-48bb-959d-a9ec944d9676,MAT-004,2023-04-01,13.19,KG,0,1,1,5,4,13,2023
c93c6286-6a9c-4c04-8196-0f72cabf9245,MAT-005,2023-04-01,31.56,M,0,1,1,5,4,13,2023
510821ed-3387-4d3e-993b-9bc9fafdc450,MAT-001,2023-04-02,41.32,KG,0,1,0,6,4,13,2023
c241ea3d-ab87-42f1-bd62-675e7648d023,MAT-002,2023-04-02,17.02,L,0,1,0,6,4,13,2023
f2085fc0-4b2f-4b3d-b6d3-5a202b2b3df6,MAT-003,2023-04-02,70.36,UN,0,1,0,6,4,13,2023
431a2599-a03c-42d8-8423-5d40b2f09aee,MAT-004,2023-04-02,10.3,KG,0,1,0,6,4,13,2023
8afddba5-3471-41bb-861a-a533370a97d5,MAT-005,2023-04-02,22.7,M,0,1,0,6,4,13,2023
80ab1e7d-fc21-4ff2-ac8c-77174f8d5e42,MAT-001,2023-04-03,179.72,KG,0,0,0,0,4,14,2023
b7a08d73-a6f6-40a0-b799-40df4896460b,MAT-002,2023-04-03,75.89,L,0,0,0,0,4,14,2023
42704e97-2430-4d65-b578-355d03587c56,MAT-003,2023-04-03,330.82,UN,0,0,0,0,4,14,2023
08d8060a-343b-41a6-83cc-a329e4de3575,MAT-004,2023-04-03,47.84,KG,0,0,0,0,4,14,2023
0db5051c-d18e-4782-a732-941016aaa73c,MAT-005,2023-04-03,121.16,M,0,0,0,0,4,14,2023
c12bc92d-bf9c-4a54-80c2-3d8123dbbf24,MAT-001,2023-04-04,182.64,KG,0,0,0,1,4,14,2023
103cad56-77fb-484e-b200-2541eb048940,MAT-002,2023-04-04,74.84,L,0,0,0,1,4,14,2023
d7a20adc-8ae7-48b2-ac17-153a44b73d11,MAT-003,2023-04-04,366.29,UN,0,0,0,1,4,14,2023
4d08cc26-213f-46e9-a7fc-f23812be0984,MAT-004,2023-04-04,52.48,KG,0,0,0,1,4,14,2023
4d6bf2f8-4750-47b7-84a8-468eece9b9a7,MAT-005,2023-04-04,107.45,M,0,0,0,1,4,14,2023
0b77af78-c443-42e0-bf11-1a7f12278ec2,MAT-001,2023-04-05,195.56,KG,0,0,0,2,4,14,2023
362bf43a-a9e2-47c9-b2a5-e2cb3b223d1c,MAT-002,2023-04-05,80.82,L,0,0,0,2,4,14,2023
44093c07-1e2a-45c8-a186-d5621454198f,MAT-003,2023-04-05,342.93,UN,0,0,0,2,4,14,2023
0d1b6d1c-15c4-4623-a02e-4aaec4b5ddb0,MAT-004,2023-04-05,46.48,KG,0,0,0,2,4,14,2023
fc308421-73e7-4e6f-903f-1f2b3c82d473,MAT-005,2023-04-05,117.7,M,0,0,0,2,4,14,2023
f8426bbc-8879-4d8b-8411-1f8db293c805,MAT-001,2023-04-06,219.43,KG,0,0,0,3,4,14,2023
d730ba64-2990-4b7f-bc98-7d24fdfc231b,MAT-002,2023-04-06,81.61,L,0,0,0,3,4,14,2023
e3b2b673-934f-4364-8f0c-a3c16ce749ba,MAT-003,2023-04-06,366.42,UN,0,0,0,3,4,14,2023
7803838d-e937-4401-87c1-ea4b6b8d5e61,MAT-004,2023-04-06,54.28,KG,0,0,0,3,4,14,2023
ec134caf-742a-4243-afd5-b74ade6df022,MAT-005,2023-04-06,127.65,M,0,0,0,3,4,14,2023
69ed5f61-9cf5-4e50-bfdd-e05846fd515b,MAT-001,2023-04-07,9.71,KG,1,0,0,4,4,14,2023
13694a01-2692-4089-9fb0-7678c4bdb34c,MAT-002,2023-04-07,3.53,L,1,0,0,4,4,14,2023
c0c1d10d-febe-4222-a676-62dac89d9d44,MAT-003,2023-04-07,16.88,UN,1,0,0,4,4,14,2023
a921149f-8903-447a-9c9b-efd4a65e7b5b,MAT-004,2023-04-07,2.65,KG,1,0,0,4,4,14,2023
5ef0778d-b503-4a15-8ed1-125be8d811c7,MAT-005,2023-04-07,6.51,M,1,0,0,4,4,14,2023
6755c291-cb72-4325-b60e-47b2441a0532,MAT-001,2023-04-08,44.35,KG,0,1,0,5,4,14,2023
6b455c7d-0a36-4872-84b9-41b9df5a463c,MAT-002,2023-04-08,15.69,L,0,1,0,5,4,14,2023
3bbf551a-4a3e-40ad-ab72-fb73483e8658,MAT-003,2023-04-08,74.16,UN,0,1,0,5,4,14,2023
a2ea6400-e534-44e2-bc9f-2a85f7a6e348,MAT-004,2023-04-08,10.11,KG,0,1,0,5,4,14,2023
2296f2d5-e530-41cc-b6a4-2244da573607,MAT-005,2023-04-08,24.59,M,0,1,0,5,4,14,2023
92adde3b-1c80-4d73-b105-6ba5deb395b8,MAT-001,2023-04-09,37.32,KG,0,1,0,6,4,14,2023
68d14c5e-ab39-46be-9076-d33e74c4ecf3,MAT-002,2023-04-09,14.92,L,0,1,0,6,4,14,2023
a991c4e2-6566-4c8a-a1ac-a3b3130553da,MAT-003,2023-04-09,68.92,UN,0,1,0,6,4,14,2023
b7f0677e-7163-40f2-9a42-1fbfff327b84,MAT-004,2023-04-09,8.87,KG,0,1,0,6,4,14,2023
fdad61fe-cbc0-41f5-a1a5-163b0299adc9,MAT-005,2023-04-09,23.06,M,0,1,0,6,4,14,2023
e9819a54-0c9a-4723-853c-353244639d9d,MAT-001,2023-04-10,208.6,KG,0,0,0,0,4,15,2023
19e3e64b-4af6-4ea1-9128-205b4295fa2c,MAT-002,2023-04-10,78.16,L,0,0,0,0,4,15,2023
06ad5ab9-6b32-47c1-bab2-4ad63324453a,MAT-003,2023-04-10,321.86,UN,0,0,0,0,4,15,2023
88fce075-60a1-462e-937d-2fb457464951,MAT-004,2023-04-10,49.61,KG,0,0,0,0,4,15,2023
d66ddf06-13f0-44ee-a910-0adf274968e7,MAT-005,2023-04-10,109.28,M,0,0,0,0,4,15,2023
4ca5e3e7-77b1-46ae-8e27-d3502c86fe52,MAT-001,2023-04-11,205.87,KG,0,0,0,1,4,15,2023
83358bfa-6066-4c9d-9743-0142656b6a84,MAT-002,2023-04-11,70.92,L,0,0,0,1,4,15,2023
50efb599-4868-4af8-8e0d-2e03056532b0,MAT-003,2023-04-11,341.1,UN,0,0,0,1,4,15,2023
a8dc800a-c0ee-4451-9add-fedce5f708b7,MAT-004,2023-04-11,50.77,KG,0,0,0,1,4,15,2023
a361abed-d290-4a24-8dea-e0278b85b3ed,MAT-005,2023-04-11,106.38,M,0,0,0,1,4,15,2023
ad4a9bff-7d80-4215-be30-27e4a16c9fdf,MAT-001,2023-04-12,206.85,KG,0,0,0,2,4,15,2023
bfe817bd-1976-44b9-a99b-ceb812a5f070,MAT-002,2023-04-12,73.01,L,0,0,0,2,4,15,2023
9c096f39-c7bf-471d-b698-8f8697b7e510,MAT-003,2023-04-12,346.78,UN,0,0,0,2,4,15,2023
b17b1d3b-eeb7-4845-bbc9-888c9e7c348f,MAT-004,2023-04-12,44.6,KG,0,0,0,2,4,15,2023
b9c3bcb0-ecf9-4c0d-993c-996e99125f94,MAT-005,2023-04-12,116.52,M,0,0,0,2,4,15,2023
dd4a987e-2e7f-4a33-a359-9d32dacd9ee7,MAT-001,2023-04-13,186.16,KG,0,0,0,3,4,15,2023
195a437d-7f08-483d-b3c2-806016cc3424,MAT-002,2023-04-13,76.68,L,0,0,0,3,4,15,2023
071115b7-c28c-4c0a-ba37-620ac3a64e41,MAT-003,2023-04-13,371.94,UN,0,0,0,3,4,15,2023
c28d3b36-ffe9-471c-ad28-18aa8b27fe59,MAT-004,2023-04-13,48.55,KG,0,0,0,3,4,15,2023
fb237e55-2463-4a92-a99c-18cd8eb38900,MAT-005,2023-04-13,127.26,M,0,0,0,3,4,15,2023
8427f41b-8ffc-42f7-a973-14fd0d9ac985,MAT-001,2023-04-14,215.93,KG,0,0,0,4,4,15,2023
6294bfe9-55ff-42e1-91a0-efc7f4a13964,MAT-002,2023-04-14,75.24,L,0,0,0,4,4,15,2023
7b32d0fe-53f9-4f44-a9c9-749131189b6c,MAT-003,2023-04-14,314.88,UN,0,0,0,4,4,15,2023
9dca5253-5e81-4059-b790-261ffa2be48e,MAT-004,2023-04-14,44.23,KG,0,0,0,4,4,15,2023
2fb647a9-7cae-44db-b948-d02e6094fafe,MAT-005,2023-04-14,121.14,M,0,0,0,4,4,15,2023
eeb08f51-98fe-48c8-9433-2c92eb4620ff,MAT-001,2023-04-15,62.72,KG,0,1,1,5,4,15,2023
ab3b4ae8-572b-494b-b29f-dc9bf884ea4b,MAT-002,2023-04-15,21.59,L,0,1,1,5,4,15,2023
0fd7875c-d12a-49f3-a2b2-05123329140e,MAT-003,2023-04-15,101.53,UN,0,1,1,5,4,15,2023
e1d69cfe-ada0-41b0-99d4-b7c6572a3491,MAT-004,2023-04-15,14.94,KG,0,1,1,5,4,15,2023
3eba0153-7846-4f09-953f-667762f3f428,MAT-005,2023-04-15,34.82,M,0,1,1,5,4,15,2023
ccaaea06-bbac-49c7-8c09-4260b4557d32,MAT-001,2023-04-16,42.44,KG,0,1,0,6,4,15,2023
ad26e45f-c6ce-46c1-949a-4114bfeb6a89,MAT-002,2023-04-16,17.73,L,0,1,0,6,4,15,2023
ade788f4-980c-4dad-bf1c-52d6e578c4d1,MAT-003,2023-04-16,64.95,UN,0,1,0,6,4,15,2023
7dc8cb39-e7cc-4b3f-adad-62364e8c6506,MAT-004,2023-04-16,8.85,KG,0,1,0,6,4,15,2023
9c188ed9-b0fe-47b8-b489-4fe6c6e4ec88,MAT-005,2023-04-16,22.0,M,0,1,0,6,4,15,2023
a845d129-b38b-4193-a318-5d41218b2fc6,MAT-001,2023-04-17,182.06,KG,0,0,0,0,4,16,2023
6a01c4ff-d34b-4cc2-9b30-a8ec5ce738f7,MAT-002,2023-04-17,83.25,L,0,0,0,0,4,16,2023
2a4fce71-bd50-4279-9bfe-a74b823bc100,MAT-003,2023-04-17,355.37,UN,0,0,0,0,4,16,2023
f9faaef2-2a3c-4136-88e1-c8dc01e1b1a8,MAT-004,2023-04-17,46.62,KG,0,0,0,0,4,16,2023
971f192e-2d12-466b-95be-f1f4a1de376c,MAT-005,2023-04-17,125.74,M,0,0,0,0,4,16,2023
22e3dc4f-ee25-4e8a-ba66-440cdd5565b1,MAT-001,2023-04-18,212.81,KG,0,0,0,1,4,16,2023
a9d10934-9fbe-4a20-8467-8bfd0d239c1a,MAT-002,2023-04-18,73.62,L,0,0,0,1,4,16,2023
8527737b-0be3-4d81-92d2-070918c982a9,MAT-003,2023-04-18,359.01,UN,0,0,0,1,4,16,2023
21cd9489-8e72-4ab7-bf71-123747783edc,MAT-004,2023-04-18,52.98,KG,0,0,0,1,4,16,2023
61bc6294-fdcc-498f-b718-3da835be28a5,MAT-005,2023-04-18,108.9,M,0,0,0,1,4,16,2023
145fccf1-59ea-4318-81ce-89dc8668a9e9,MAT-001,2023-04-19,215.33,KG,0,0,0,2,4,16,2023
ac7059d7-c667-4c13-af99-2db610a0c61d,MAT-002,2023-04-19,88.92,L,0,0,0,2,4,16,2023
3353c804-a9db-4c36-8e9d-5f679a1ee8ae,MAT-003,2023-04-19,317.08,UN,0,0,0,2,4,16,2023
3a3bc024-7c77-43b0-998a-c161c9612c6c,MAT-004,2023-04-19,44.31,KG,0,0,0,2,4,16,2023
574da310-828d-4cbe-9a12-98e985c685e5,MAT-005,2023-04-19,114.58,M,0,0,0,2,4,16,2023
ea4dcd1f-9bc8-4b7d-a7b2-8e2ad8de8847,MAT-001,2023-04-20,208.51,KG,0,0,0,3,4,16,2023
4b29be2c-4267-419c-bc28-d176857323c3,MAT-002,2023-04-20,88.8,L,0,0,0,3,4,16,2023
63234d1b-ac64-44dd-b3fd-da313fe7901b,MAT-003,2023-04-20,341.32,UN,0,0,0,3,4,16,2023
62d4cf22-e5f3-4739-a8d1-a5f8874c605d,MAT-004,2023-04-20,52.58,KG,0,0,0,3,4,16,2023
819c46f2-0867-4aec-9344-397778d242ca,MAT-005,2023-04-20,107.79,M,0,0,0,3,4,16,2023
ae7a0e6d-3caa-4324-875d-59ce979990e8,MAT-001,2023-04-21,209.15,KG,0,0,0,4,4,16,2023
269a475e-b794-4cd8-a333-c6902bc632a0,MAT-002,2023-04-21,82.44,L,0,0,0,4,4,16,2023
932c4b42-f9a2-4647-8d79-35d8e713b504,MAT-003,2023-04-21,316.56,UN,0,0,0,4,4,16,2023
e104af74-5021-4e8d-a564-14f20938bf92,MAT-004,2023-04-21,53.27,KG,0,0,0,4,4,16,2023
483feba0-06b4-4ae1-86ca-5ecaea4d6406,MAT-005,2023-04-21,130.09,M,0,0,0,4,4,16,2023
49b2d2bd-4a07-474f-868c-81127bd2bd69,MAT-001,2023-04-22,40.96,KG,0,1,0,5,4,16,2023
1e4ccb01-81cc-433d-a247-59efd4eafb2e,MAT-002,2023-04-22,14.54,L,0,1,0,5,4,16,2023
b3d4d00a-1b63-4003-88b1-a10f732527b9,MAT-003,2023-04-22,78.13,UN,0,1,0,5,4,16,2023
229980e3-9de3-43f7-a16a-46d1bd8f998f,MAT-004,2023-04-22,10.68,KG,0,1,0,5,4,16,2023
55860013-f1cd-43b1-8849-37f9df53fce0,MAT-005,2023-04-22,23.12,M,0,1,0,5,4,16,2023
eb6656cd-7827-4f41-8c79-5b358b51fe87,MAT-001,2023-04-23,39.31,KG,0,1,0,6,4,16,2023
074ef8ee-1390-4836-aa43-55de40b8bff8,MAT-002,2023-04-23,15.5,L,0,1,0,6,4,16,2023
e7765b63-1d09-4d0e-b2ed-70837c767c4a,MAT-003,2023-04-23,70.1,UN,0,1,0,6,4,16,2023
e330e2e5-30d9-411d-9ecb-fd7636e71b2e,MAT-004,2023-04-23,9.62,KG,0,1,0,6,4,16,2023
2fa5516e-40a8-4501-a21c-5762a3a79d20,MAT-005,2023-04-23,26.01,M,0,1,0,6,4,16,2023
b99f4a19-73cc-423b-b326-d9994a569ea4,MAT-001,2023-04-24,215.47,KG,0,0,0,0,4,17,2023
cf5f874e-56bb-4d5b-99ef-027143a5dc12,MAT-002,2023-04-24,72.43,L,0,0,0,0,4,17,2023
0fbc20c1-4642-4767-84f0-24001633ee18,MAT-003,2023-04-24,388.71,UN,0,0,0,0,4,17,2023
aea23b34-dde3-4cbe-a424-caa23e26db78,MAT-004,2023-04-24,51.63,KG,0,0,0,0,4,17,2023
9db01789-bb12-4dc8-b79e-fb52416359fb,MAT-005,2023-04-24,129.47,M,0,0,0,0,4,17,2023
129e7183-f86e-40a7-85bd-9de4fdd8f4d6,MAT-001,2023-04-25,209.95,KG,0,0,0,1,4,17,2023
8fee732d-cb4f-42b4-a518-a39c1bfc00a7,MAT-002,2023-04-25,78.76,L,0,0,0,1,4,17,2023
bcb560cd-f39d-4540-9bc2-bb05d1a9e8c3,MAT-003,2023-04-25,369.64,UN,0,0,0,1,4,17,2023
06997303-8f5b-4f29-9933-3fd54766ca69,MAT-004,2023-04-25,55.59,KG,0,0,0,1,4,17,2023
53643608-9f3a-4075-a84d-8f0cf4fbcf4f,MAT-005,2023-04-25,113.38,M,0,0,0,1,4,17,2023
51508e0a-1d53-45c5-b100-8b9676705d1d,MAT-001,2023-04-26,214.79,KG,0,0,0,2,4,17,2023
169c9dc1-0c65-4fb4-91d7-fa9f0c97df92,MAT-002,2023-04-26,80.73,L,0,0,0,2,4,17,2023
f1d2c7dc-5aad-4e16-bf92-4f5a44a87119,MAT-003,2023-04-26,348.61,UN,0,0,0,2,4,17,2023
8788aa33-9e8e-41fb-98e9-f1decf666f09,MAT-004,2023-04-26,49.23,KG,0,0,0,2,4,17,2023
0caab5c5-3bab-4911-81a0-42c08cfa5c4d,MAT-005,2023-04-26,126.65,M,0,0,0,2,4,17,2023
0a3b0cc8-7857-4f27-8386-271087ca5c81,MAT-001,2023-04-27,188.88,KG,0,0,0,3,4,17,2023
b37345aa-21bf-4ec9-839e-8dd9bec37cf6,MAT-002,2023-04-27,86.75,L,0,0,0,3,4,17,2023
49b1cfd0-7f0b-43eb-9218-e7c582324057,MAT-003,2023-04-27,377.78,UN,0,0,0,3,4,17,2023
874fccf5-6ff6-4562-9f67-34a7703ea5f9,MAT-004,2023-04-27,45.04,KG,0,0,0,3,4,17,2023
f6e5b1a5-fd90-4ad2-9565-71e24dcf1e11,MAT-005,2023-04-27,130.99,M,0,0,0,3,4,17,2023
4c793a48-b75e-4673-a81f-5d16d08b9cd9,MAT-001,2023-04-28,187.71,KG,0,0,0,4,4,17,2023
ef27df8d-3d0b-4180-91eb-094616efb3b5,MAT-002,2023-04-28,79.32,L,0,0,0,4,4,17,2023
2c542b5a-9b9e-4ae6-beb0-1b354433ef25,MAT-003,2023-04-28,359.27,UN,0,0,0,4,4,17,2023
1df0b37b-7780-4dcc-b374-1469377dc043,MAT-004,2023-04-28,48.55,KG,0,0,0,4,4,17,2023
501e4be1-22da-4e97-894c-5c53ebcdf66d,MAT-005,2023-04-28,106.43,M,0,0,0,4,4,17,2023
da19d845-e984-4b07-87a6-cc28d80039c5,MAT-001,2023-04-29,43.37,KG,0,1,0,5,4,17,2023
1f8cc191-d338-4592-a613-1c5af7ae165d,MAT-002,2023-04-29,14.78,L,0,1,0,5,4,17,2023
9ca0d398-4bbe-44fc-8aba-811d43da6a2c,MAT-003,2023-04-29,65.16,UN,0,1,0,5,4,17,2023
0db05b2e-af01-4429-9e53-234947ee5482,MAT-004,2023-04-29,10.71,KG,0,1,0,5,4,17,2023
67ccfa6d-f762-495c-91f0-c243b979d630,MAT-005,2023-04-29,23.08,M,0,1,0,5,4,17,2023
87da2fc9-36b2-4117-bb80-7c0bdabd18a5,MAT-001,2023-04-30,43.65,KG,0,1,0,6,4,17,2023
e4f55644-7375-4d7c-ba6a-18b4311dd342,MAT-002,2023-04-30,16.77,L,0,1,0,6,4,17,2023
3842963a-0c50-4a1f-bea4-2a533725b52d,MAT-003,2023-04-30,66.24,UN,0,1,0,6,4,17,2023
498176bc-0db8-47ea-86ba-4d3c4fef73bd,MAT-004,2023-04-30,8.82,KG,0,1,0,6,4,17,2023
0c959275-74bf-4fc3-a532-2c59ea306a31,MAT-005,2023-04-30,26.58,M,0,1,0,6,4,17,2023
bf458871-e9e6-4a55-827d-6efaa8eb8e83,MAT-001,2023-05-01,12.61,KG,1,0,1,0,5,18,2023
0d6236ae-e7ca-4b8f-b88e-d9ff5e20d43b,MAT-002,2023-05-01,5.9,L,1,0,1,0,5,18,2023
0d72e6de-dece-4c9d-aa59-7eed70f94613,MAT-003,2023-05-01,24.43,UN,1,0,1,0,5,18,2023
e0a26ef4-9701-47c8-8071-e8e4ec0b53b1,MAT-004,2023-05-01,3.72,KG,1,0,1,0,5,18,2023
0894454a-8e21-4f9b-92c6-5c10679da865,MAT-005,2023-05-01,8.78,M,1,0,1,0,5,18,2023
131b9561-0f5e-4714-8d75-6ebc01efd96d,MAT-001,2023-05-02,207.0,KG,0,0,0,1,5,18,2023
b9af8030-674d-4c16-8fe8-84c76ccbd03f,MAT-002,2023-05-02,79.82,L,0,0,0,1,5,18,2023
ebb43ca6-eac5-48f0-9c21-fa1a45c29a07,MAT-003,2023-05-02,374.61,UN,0,0,0,1,5,18,2023
90936f0a-43df-4600-b9bd-b6f2fe4d2336,MAT-004,2023-05-02,45.12,KG,0,0,0,1,5,18,2023
6eb0c375-aa0d-4010-bfe1-e282b3c23f61,MAT-005,2023-05-02,111.98,M,0,0,0,1,5,18,2023
7a2672c9-a622-4fee-a1d8-55f54a1d7d94,MAT-001,2023-05-03,209.21,KG,0,0,0,2,5,18,2023
60857bd4-4963-427d-b715-17d3ceb6ee66,MAT-002,2023-05-03,76.28,L,0,0,0,2,5,18,2023
4899db12-81d0-4ab1-9dbe-95b5072b557e,MAT-003,2023-05-03,356.85,UN,0,0,0,2,5,18,2023
c549ebc4-7f29-4b42-88b4-7dfd81366c7c,MAT-004,2023-05-03,49.68,KG,0,0,0,2,5,18,2023
9ca02155-0642-4d19-b780-70e5c9acadc9,MAT-005,2023-05-03,120.89,M,0,0,0,2,5,18,2023
96da4aca-c28f-4b9b-b8ad-bc4330a39444,MAT-001,2023-05-04,196.42,KG,0,0,0,3,5,18,2023
99a734be-de1d-486c-bdc6-9f9dba93d107,MAT-002,2023-05-04,84.72,L,0,0,0,3,5,18,2023
2422cbe0-aa8b-4d38-936f-a09139fd1474,MAT-003,2023-05-04,335.79,UN,0,0,0,3,5,18,2023
a0704598-49ea-411d-a007-64d38f3d44fd,MAT-004,2023-05-04,52.43,KG,0,0,0,3,5,18,2023
cf77d09f-0350-4390-98d9-99fcb69207d1,MAT-005,2023-05-04,113.4,M,0,0,0,3,5,18,2023
bb4e3d5a-e1b1-4ba8-8295-9fd9cc2e927d,MAT-001,2023-05-05,188.07,KG,0,0,0,4,5,18,2023
0c64114c-eecc-4e15-86b6-76483aa503a5,MAT-002,2023-05-05,72.72,L,0,0,0,4,5,18,2023
56223368-f512-48ee-a083-7a010fecac23,MAT-003,2023-05-05,324.18,UN,0,0,0,4,5,18,2023
aa86844a-3828-4e50-bbf8-bf192f3f124b,MAT-004,2023-05-05,45.43,KG,0,0,0,4,5,18,2023
4bdea77a-7c2e-44f8-8a98-be585b2b43df,MAT-005,2023-05-05,121.03,M,0,0,0,4,5,18,2023
cb0652e8-40f3-4136-b286-4ae8a83f3cac,MAT-001,2023-05-06,42.52,KG,0,1,0,5,5,18,2023
7d63bba4-e704-4cfd-a7c4-baa922a4b1db,MAT-002,2023-05-06,14.79,L,0,1,0,5,5,18,2023
cdd4d009-437e-49aa-9c49-c8f7a9633038,MAT-003,2023-05-06,65.24,UN,0,1,0,5,5,18,2023
974df063-283f-4926-9084-eaa6b51823c3,MAT-004,2023-05-06,9.96,KG,0,1,0,5,5,18,2023
30515b74-37a8-409e-a849-c154f54b92d0,MAT-005,2023-05-06,25.29,M,0,1,0,5,5,18,2023
f3e41d94-b4c8-4689-ad64-183a863da431,MAT-001,2023-05-07,44.58,KG,0,1,0,6,5,18,2023
ee7dce0e-6a7d-4ce7-8495-b1da356430c7,MAT-002,2023-05-07,16.09,L,0,1,0,6,5,18,2023
fb41e3c3-9a18-49bd-8708-14b68c43c0cc,MAT-003,2023-05-07,66.35,UN,0,1,0,6,5,18,2023
02566db7-4ffb-4ebb-a11a-24e71442ebcb,MAT-004,2023-05-07,9.04,KG,0,1,0,6,5,18,2023
a3ad5802-71e3-43f4-84ca-b073246f9108,MAT-005,2023-05-07,22.24,M,0,1,0,6,5,18,2023
b48add71-131d-4488-a203-6965b04729ae,MAT-001,2023-05-08,186.92,KG,0,0,0,0,5,19,2023
c82a7dc1-1112-44d8-b87b-97079146727d,MAT-002,2023-05-08,73.85,L,0,0,0,0,5,19,2023
c5dfe8a8-8b48-428b-86ef-02bce1f6f8a4,MAT-003,2023-05-08,309.19,UN,0,0,0,0,5,19,2023
6ab0f012-3b5d-4b5f-aba2-dac8035c5e29,MAT-004,2023-05-08,50.41,KG,0,0,0,0,5,19,2023
70fc2fcb-d9f0-4cce-abb7-4264bc6bf363,MAT-005,2023-05-08,113.5,M,0,0,0,0,5,19,2023
e2ace74f-a2b3-484b-96de-3348bcfc9f82,MAT-001,2023-05-09,222.77,KG,0,0,0,1,5,19,2023
8b7eaa56-d3d5-4ebb-a148-60cf9222aea0,MAT-002,2023-05-09,81.02,L,0,0,0,1,5,19,2023
6fd7f69b-d092-4f16-9115-8e7200f85c3a,MAT-003,2023-05-09,366.58,UN,0,0,0,1,5,19,2023
f6c86021-d503-4b4e-baea-cbbb60848a6b,MAT-004,2023-05-09,45.52,KG,0,0,0,1,5,19,2023
cc455ee1-688e-41e1-82a3-81062f414e96,MAT-005,2023-05-09,130.61,M,0,0,0,1,5,19,2023
d3d9b466-631c-4a6c-bb61-eb57f1835d9f,MAT-001,2023-05-10,199.56,KG,0,0,0,2,5,19,2023
32f15157-ec2c-47e3-86b0-24ee113db4e0,MAT-002,2023-05-10,87.16,L,0,0,0,2,5,19,2023
aa46b51d-514f-4d47-822f-a940d6053133,MAT-003,2023-05-10,356.22,UN,0,0,0,2,5,19,2023
229b502a-7dbd-4e0d-b0c3-892ac7e2ea64,MAT-004,2023-05-10,49.63,KG,0,0,0,2,5,19,2023
8249cde7-3932-48eb-b97f-542b7b2cf2b6,MAT-005,2023-05-10,118.29,M,0,0,0,2,5,19,2023
ede5b58b-98bd-4b09-b925-873df12270c3,MAT-001,2023-05-11,184.85,KG,0,0,0,3,5,19,2023
4bf24dee-1f6b-4924-b5ce-a76d4696c50a,MAT-002,2023-05-11,71.39,L,0,0,0,3,5,19,2023
15d4f51a-dd73-475b-b02d-b2d830c0767b,MAT-003,2023-05-11,387.05,UN,0,0,0,3,5,19,2023
8fa369a5-012f-4d43-8d42-af8479d9fc7c,MAT-004,2023-05-11,49.73,KG,0,0,0,3,5,19,2023
d9c03431-4beb-4f9c-aef2-c6729571866a,MAT-005,2023-05-11,129.28,M,0,0,0,3,5,19,2023
19adaa71-b344-40d4-a18c-02848e896004,MAT-001,2023-05-12,195.23,KG,0,0,0,4,5,19,2023
638311bf-8b61-4405-9f5d-c1a53666087d,MAT-002,2023-05-12,71.82,L,0,0,0,4,5,19,2023
93ed61d0-d703-439a-81e2-46a7292702a1,MAT-003,2023-05-12,360.87,UN,0,0,0,4,5,19,2023
d1bc4fc8-3594-4c3c-961e-773b6a826dbf,MAT-004,2023-05-12,44.64,KG,0,0,0,4,5,19,2023
f13a42ea-334e-4f6d-8a1f-637429f9846a,MAT-005,2023-05-12,109.9,M,0,0,0,4,5,19,2023
c257f9fc-8840-48cd-a461-b399fe390753,MAT-001,2023-05-13,40.6,KG,0,1,0,5,5,19,2023
6846dc6a-2252-4f62-a0a7-48451fbc018e,MAT-002,2023-05-13,15.25,L,0,1,0,5,5,19,2023
4647eb6a-6f25-4d2c-8f05-f11d9b5b587b,MAT-003,2023-05-13,78.3,UN,0,1,0,5,5,19,2023
033a28cd-1e34-4af9-b990-7580287d3e83,MAT-004,2023-05-13,9.08,KG,0,1,0,5,5,19,2023
c0ce6bea-ce21-4677-b7f2-cdae8fdc8dc0,MAT-005,2023-05-13,25.52,M,0,1,0,5,5,19,2023
cf2bdedc-0265-4ca9-bc34-cba7b0bbb155,MAT-001,2023-05-14,41.02,KG,0,1,0,6,5,19,2023
ef69756e-02a9-4c25-9b8b-35cf3a2ce971,MAT-002,2023-05-14,17.12,L,0,1,0,6,5,19,2023
ab92c775-1834-4e03-a01b-c4d79b8cbed8,MAT-003,2023-05-14,65.39,UN,0,1,0,6,5,19,2023
a9d09045-57d8-4a87-9098-1d852571beeb,MAT-004,2023-05-14,10.05,KG,0,1,0,6,5,19,2023
0ddd233b-a662-4e30-ab1f-6a61d6b6fb18,MAT-005,2023-05-14,23.71,M,0,1,0,6,5,19,2023
183028b0-65ac-4281-afa1-d9fa4a513336,MAT-001,2023-05-15,276.15,KG,0,0,1,0,5,20,2023
ade8eb75-7a42-4b73-bd2c-9385f83950d2,MAT-002,2023-05-15,121.68,L,0,0,1,0,5,20,2023
d5967c85-2be7-432f-b9b0-d9f657c86ea4,MAT-003,2023-05-15,547.63,UN,0,0,1,0,5,20,2023
ad61c318-f4e0-4ca3-ac10-bfe368cc54c1,MAT-004,2023-05-15,66.73,KG,0,0,1,0,5,20,2023
e5e45a7a-f12a-48ff-9fb1-f7511cc78ac3,MAT-005,2023-05-15,172.88,M,0,0,1,0,5,20,2023
12323c21-8d77-4bba-b86d-0ecf3e93ad67,MAT-001,2023-05-16,205.26,KG,0,0,0,1,5,20,2023
9767351d-38a9-4005-8c43-ccc756ff38ac,MAT-002,2023-05-16,84.61,L,0,0,0,1,5,20,2023
ae500448-7f67-43f6-8ab0-adea3c9b7e72,MAT-003,2023-05-16,387.6,UN,0,0,0,1,5,20,2023
2eb6815c-ad33-49fc-be70-f1446d897de8,MAT-004,2023-05-16,46.49,KG,0,0,0,1,5,20,2023
ea3d0643-b906-4d48-8c6d-ef63f78ed391,MAT-005,2023-05-16,111.68,M,0,0,0,1,5,20,2023
5189aadc-8ff5-48ab-86c5-c3121b019d5b,MAT-001,2023-05-17,207.7,KG,0,0,0,2,5,20,2023
479f6eb4-1159-49fc-8c88-9ae9383c3830,MAT-002,2023-05-17,73.42,L,0,0,0,2,5,20,2023
c0da29fc-c255-4e47-bd72-dacfdb55fffd,MAT-003,2023-05-17,322.6,UN,0,0,0,2,5,20,2023
da0bfac1-9ac5-48c3-a671-1cec2336acd6,MAT-004,2023-05-17,44.9,KG,0,0,0,2,5,20,2023
5a156787-8023-4c78-865e-e6fe43984e35,MAT-005,2023-05-17,105.68,M,0,0,0,2,5,20,2023
1f706ca3-442a-4329-819f-7af1176835f3,MAT-001,2023-05-18,197.62,KG,0,0,0,3,5,20,2023
8104b5aa-e108-466f-988f-eac103a5b536,MAT-002,2023-05-18,81.8,L,0,0,0,3,5,20,2023
44167e97-5cdb-4547-be03-8b746809baaa,MAT-003,2023-05-18,332.47,UN,0,0,0,3,5,20,2023
db9f29e6-3b27-466d-b13e-be428257764d,MAT-004,2023-05-18,46.78,KG,0,0,0,3,5,20,2023
9f9fa29c-9957-405f-b9d9-0fd4abe9252c,MAT-005,2023-05-18,125.96,M,0,0,0,3,5,20,2023
16088477-472d-484f-b77e-1e94da62e5b2,MAT-001,2023-05-19,209.74,KG,0,0,0,4,5,20,2023
d619cf32-94ad-4167-b862-9365e373ab52,MAT-002,2023-05-19,79.12,L,0,0,0,4,5,20,2023
576b4b0a-dac3-498d-a1c6-10263f70e0c4,MAT-003,2023-05-19,365.74,UN,0,0,0,4,5,20,2023
4f311906-6402-4b3f-abc6-2a6ee2836b47,MAT-004,2023-05-19,55.09,KG,0,0,0,4,5,20,2023
b95bdc3c-57e0-40a3-a7b7-f4fe21cff3c7,MAT-005,2023-05-19,128.29,M,0,0,0,4,5,20,2023
116e3c31-82cc-49fe-993b-c9f738dbfc20,MAT-001,2023-05-20,41.2,KG,0,1,0,5,5,20,2023
5dde7c4a-bb6f-46a5-8ffa-6e7880ef3af1,MAT-002,2023-05-20,16.62,L,0,1,0,5,5,20,2023
11082c12-a798-4501-a9bc-b95dec6f366a,MAT-003,2023-05-20,77.29,UN,0,1,0,5,5,20,2023
98833b8b-63b3-4954-b936-7b7c1414c4a8,MAT-004,2023-05-20,9.82,KG,0,1,0,5,5,20,2023
4402c67a-16b5-4394-a415-6e1f7e1ce113,MAT-005,2023-05-20,24.26,M,0,1,0,5,5,20,2023
0b746524-35fa-46df-ae90-8f08c9635023,MAT-001,2023-05-21,41.42,KG,0,1,0,6,5,20,2023
9dfbe985-8583-4fe2-bb20-f4e24be32e4a,MAT-002,2023-05-21,17.57,L,0,1,0,6,5,20,2023
36b4b70a-b03e-4cae-a565-9e6d41bb8a21,MAT-003,2023-05-21,75.49,UN,0,1,0,6,5,20,2023
c2427ca6-eea0-421e-bfc7-aa35bdc68025,MAT-004,2023-05-21,8.97,KG,0,1,0,6,5,20,2023
45b77f7a-53c8-4dda-94c8-e19e199f70ed,MAT-005,2023-05-21,22.08,M,0,1,0,6,5,20,2023
caf4ccb4-ce6f-4d25-bf75-b4613dc01ea1,MAT-001,2023-05-22,190.77,KG,0,0,0,0,5,21,2023
3359f0b6-896d-4ce4-bf50-1c65d2564dd9,MAT-002,2023-05-22,84.78,L,0,0,0,0,5,21,2023
96c4a96e-997a-427b-bbaf-2ee64325654e,MAT-003,2023-05-22,355.81,UN,0,0,0,0,5,21,2023
5880ede7-81ab-4f3e-9b33-b092965bb855,MAT-004,2023-05-22,47.46,KG,0,0,0,0,5,21,2023
fcb4ee26-229d-4ac5-bf1e-bbea42b40d97,MAT-005,2023-05-22,109.18,M,0,0,0,0,5,21,2023
d91b7b94-5236-44ed-8ff9-30d10d82315b,MAT-001,2023-05-23,209.06,KG,0,0,0,1,5,21,2023
8097090a-520f-4ef4-bb7e-3c0c5fa25a0d,MAT-002,2023-05-23,83.83,L,0,0,0,1,5,21,2023
368d7c43-7982-4c28-8a7a-7f788d59bfcd,MAT-003,2023-05-23,387.18,UN,0,0,0,1,5,21,2023
0681a659-d728-40e3-9105-925434addd3c,MAT-004,2023-05-23,50.01,KG,0,0,0,1,5,21,2023
97b26ae0-df64-44dd-864e-f9840f3c13b2,MAT-005,2023-05-23,119.82,M,0,0,0,1,5,21,2023
8455fb29-a767-4c7d-bf4b-0d335c8dd617,MAT-001,2023-05-24,179.86,KG,0,0,0,2,5,21,2023
23f02a91-9f2b-4e22-93c5-dcdde10de9b8,MAT-002,2023-05-24,71.17,L,0,0,0,2,5,21,2023
0cf412af-c6d3-4e70-a9ac-c6c84495d057,MAT-003,2023-05-24,344.29,UN,0,0,0,2,5,21,2023
1077912f-3dfd-4ffa-968d-a553e7e62743,MAT-004,2023-05-24,47.87,KG,0,0,0,2,5,21,2023
1d2a726c-9625-43ea-957b-d57b60370705,MAT-005,2023-05-24,112.81,M,0,0,0,2,5,21,2023
b4575669-d177-4b37-abee-ede6c3a9d336,MAT-001,2023-05-25,180.38,KG,0,0,0,3,5,21,2023
be81ff42-2d5d-418a-b8af-2d67a854b601,MAT-002,2023-05-25,88.87,L,0,0,0,3,5,21,2023
07c05188-4b6c-4edd-b7bc-6f3aa439dcb0,MAT-003,2023-05-25,378.22,UN,0,0,0,3,5,21,2023
dd4e3f52-3687-48da-97ee-fb90eec7861a,MAT-004,2023-05-25,50.9,KG,0,0,0,3,5,21,2023
ffde3430-2381-4b94-915a-3f4f9eb1bc40,MAT-005,2023-05-25,132.98,M,0,0,0,3,5,21,2023
1c3a694e-c439-432f-a1a1-314f887ab233,MAT-001,2023-05-26,223.98,KG,0,0,0,4,5,21,2023
32d8c8c0-a098-48df-a3ce-79b5039a1a01,MAT-002,2023-05-26,83.31,L,0,0,0,4,5,21,2023
235a7870-79b0-4159-a7b4-a090918e388b,MAT-003,2023-05-26,330.64,UN,0,0,0,4,5,21,2023
024843ae-4739-4bda-af02-26e8f0244117,MAT-004,2023-05-26,44.48,KG,0,0,0,4,5,21,2023
ef1b027e-82dc-42f3-a413-9793b587c6dc,MAT-005,2023-05-26,127.38,M,0,0,0,4,5,21,2023
aab17170-4c40-40e8-a0dd-ad7ddd0a8505,MAT-001,2023-05-27,39.72,KG,0,1,0,5,5,21,2023
3c5a0c5e-21ce-4db9-951b-edbcf00885e5,MAT-002,2023-05-27,16.58,L,0,1,0,5,5,21,2023
14ed11dd-1266-445c-a415-567708cb249a,MAT-003,2023-05-27,76.99,UN,0,1,0,5,5,21,2023
4b30712c-0d1e-464d-88f0-f03cc1a82d9e,MAT-004,2023-05-27,9.24,KG,0,1,0,5,5,21,2023
b0f65628-6e92-41a3-8b0e-4bc16cdb1fab,MAT-005,2023-05-27,24.49,M,0,1,0,5,5,21,2023
58294040-632a-46bc-af65-3079c13411fe,MAT-001,2023-05-28,41.29,KG,0,1,0,6,5,21,2023
ac5c81a4-bba9-425a-968a-3656ee04e259,MAT-002,2023-05-28,15.97,L,0,1,0,6,5,21,2023
02f03552-805b-4430-9574-6274963742c3,MAT-003,2023-05-28,63.13,UN,0,1,0,6,5,21,2023
9de59e44-25e0-482c-8376-afae7f099398,MAT-004,2023-05-28,9.64,KG,0,1,0,6,5,21,2023
19726118-3df8-4acd-83f1-f45fbf5f9d0f,MAT-005,2023-05-28,23.04,M,0,1,0,6,5,21,2023
7aad9b1e-25c5-49ae-a106-ea63969a2762,MAT-001,2023-05-29,208.17,KG,0,0,0,0,5,22,2023
7b174e3f-60c8-43ee-affb-192cf3565a97,MAT-002,2023-05-29,86.87,L,0,0,0,0,5,22,2023
72110fe0-ff2a-4339-8ba5-462c2b428a9f,MAT-003,2023-05-29,335.7,UN,0,0,0,0,5,22,2023
78b497d0-9f53-44fa-b566-b54ac5982a5c,MAT-004,2023-05-29,52.32,KG,0,0,0,0,5,22,2023
41749ab4-03d5-4019-8d6e-1600b2454075,MAT-005,2023-05-29,113.9,M,0,0,0,0,5,22,2023
e4593bfb-3250-49ee-9d09-11b22c9ad031,MAT-001,2023-05-30,221.37,KG,0,0,0,1,5,22,2023
91e4d0b3-5b5f-4df1-ad3d-c7092d26e271,MAT-002,2023-05-30,86.02,L,0,0,0,1,5,22,2023
7bd32bd7-6f9d-43ea-9a19-4ed675df0492,MAT-003,2023-05-30,354.21,UN,0,0,0,1,5,22,2023
a1c76249-e61f-486e-af60-4d86cd5182fb,MAT-004,2023-05-30,49.46,KG,0,0,0,1,5,22,2023
ecaada33-7e81-45cc-92ab-8ff621e8e8e6,MAT-005,2023-05-30,114.66,M,0,0,0,1,5,22,2023
2f9154d0-3582-49b5-9777-326de19aff80,MAT-001,2023-05-31,191.52,KG,0,0,0,2,5,22,2023
10649f62-f231-472c-b66e-ede4d63f63e2,MAT-002,2023-05-31,89.03,L,0,0,0,2,5,22,2023
aa59a69a-d437-4a45-9797-ac42afbd554b,MAT-003,2023-05-31,341.95,UN,0,0,0,2,5,22,2023
70bac4ec-af6e-4238-ae2c-692d1a52e81c,MAT-004,2023-05-31,50.18,KG,0,0,0,2,5,22,2023
5270dc17-53c9-40c5-b00f-03e434e0e78b,MAT-005,2023-05-31,134.06,M,0,0,0,2,5,22,2023
8bd1a044-381f-4b2b-a577-0b58f249fe20,MAT-001,2023-06-01,290.59,KG,0,0,1,3,6,22,2023
35d6dd69-87cb-4429-92d7-cd5c08b2bddb,MAT-002,2023-06-01,113.14,L,0,0,1,3,6,22,2023
bcd610a7-4a50-4950-b2e2-72673d5229c8,MAT-003,2023-06-01,479.8,UN,0,0,1,3,6,22,2023
5224344f-7e5b-466a-b404-4683947e2758,MAT-004,2023-06-01,64.75,KG,0,0,1,3,6,22,2023
8bb9055a-7134-45d8-a475-32d7acb8fb51,MAT-005,2023-06-01,162.43,M,0,0,1,3,6,22,2023
d089d97b-dec5-442b-b309-8900bdbf50fe,MAT-001,2023-06-02,212.31,KG,0,0,0,4,6,22,2023
44569a81-6969-4141-a8c2-21b6f9d6e286,MAT-002,2023-06-02,82.41,L,0,0,0,4,6,22,2023
4c299324-7d7d-4572-bf97-d4a321e5607c,MAT-003,2023-06-02,371.84,UN,0,0,0,4,6,22,2023
2b0c2f8b-72d5-46cb-a35d-99e9d4d2a113,MAT-004,2023-06-02,46.44,KG,0,0,0,4,6,22,2023
7ae7b865-0c6a-41dc-b46a-24a5c7a017c4,MAT-005,2023-06-02,121.42,M,0,0,0,4,6,22,2023
7f26c705-0477-4e87-8a43-07f9a84c9864,MAT-001,2023-06-03,44.11,KG,0,1,0,5,6,22,2023
af4c8b29-895c-4a87-b086-316ab79f2a70,MAT-002,2023-06-03,15.76,L,0,1,0,5,6,22,2023
3f53814d-36f8-4f0a-ac4f-94c89cd89089,MAT-003,2023-06-03,73.33,UN,0,1,0,5,6,22,2023
0ca98139-6fb5-40fa-bb6c-7e92cbd93a4e,MAT-004,2023-06-03,9.09,KG,0,1,0,5,6,22,2023
0bc438b9-c9dd-4b95-8f53-51c56a2821a0,MAT-005,2023-06-03,26.73,M,0,1,0,5,6,22,2023
740439ee-e07d-4e79-a1c1-74f03d05b884,MAT-001,2023-06-04,41.05,KG,0,1,0,6,6,22,2023
9b03585e-08ce-47a0-b8d0-84c6bb6f5d6e,MAT-002,2023-06-04,15.0,L,0,1,0,6,6,22,2023
b0c656af-863b-4648-a814-537f542a9c16,MAT-003,2023-06-04,64.26,UN,0,1,0,6,6,22,2023
475efebd-3237-48f7-8ec1-6c9817c83f14,MAT-004,2023-06-04,10.12,KG,0,1,0,6,6,22,2023
c049410f-c5c0-45f0-8d0e-873ffd2e04ce,MAT-005,2023-06-04,24.3,M,0,1,0,6,6,22,2023
fb17c8d1-c3eb-41c0-a883-760960aebe5a,MAT-001,2023-06-05,180.47,KG,0,0,0,0,6,23,2023
8d7be492-e410-4bde-9cd0-32af200b3d1c,MAT-002,2023-06-05,89.45,L,0,0,0,0,6,23,2023
a7f938d5-a7e3-4732-800d-84ff07c780ed,MAT-003,2023-06-05,384.69,UN,0,0,0,0,6,23,2023
3d940c5a-0980-4da4-9e96-bc0b2b72b8e4,MAT-004,2023-06-05,49.54,KG,0,0,0,0,6,23,2023
5e52c4c0-3369-4649-8011-a728fdb885e7,MAT-005,2023-06-05,108.98,M,0,0,0,0,6,23,2023
4554d45c-e0f7-4aa2-b05c-572540d31d5c,MAT-001,2023-06-06,215.94,KG,0,0,0,1,6,23,2023
aeef2361-53c1-4d06-bd82-05c0b02e135c,MAT-002,2023-06-06,79.97,L,0,0,0,1,6,23,2023
c1dd1ddb-f242-4d4b-94a3-c6439a615c71,MAT-003,2023-06-06,368.19,UN,0,0,0,1,6,23,2023
9959e625-276d-4fc4-8f24-d611ab9c7f44,MAT-004,2023-06-06,50.11,KG,0,0,0,1,6,23,2023
659bd58a-4fa9-400b-98c5-79cd2ddd0a3d,MAT-005,2023-06-06,113.47,M,0,0,0,1,6,23,2023
e851247f-d41e-4654-8d3c-280cb6d87d20,MAT-001,2023-06-07,216.07,KG,0,0,0,2,6,23,2023
1729d7cf-5703-4aba-8088-d8816b26e3ab,MAT-002,2023-06-07,89.22,L,0,0,0,2,6,23,2023
49266af0-68d3-4256-8bb6-1451ff7246a9,MAT-003,2023-06-07,328.47,UN,0,0,0,2,6,23,2023
53061395-24af-49be-8cdc-fcca42a1267a,MAT-004,2023-06-07,50.62,KG,0,0,0,2,6,23,2023
8328d545-3e24-4598-a334-256c34b83207,MAT-005,2023-06-07,116.65,M,0,0,0,2,6,23,2023
1d56e847-4c10-4386-b65b-e20816f9907f,MAT-001,2023-06-08,220.25,KG,0,0,0,3,6,23,2023
bf5c0073-c256-4406-9e52-a7659709e419,MAT-002,2023-06-08,80.16,L,0,0,0,3,6,23,2023
f956b666-ebb6-4cfc-adb2-4e15d57c5520,MAT-003,2023-06-08,381.86,UN,0,0,0,3,6,23,2023
530c6f73-27ae-4deb-acaa-1987a0d67a18,MAT-004,2023-06-08,54.37,KG,0,0,0,3,6,23,2023
25b8dc60-b67c-479d-8f53-8181647eb39d,MAT-005,2023-06-08,113.56,M,0,0,0,3,6,23,2023
4026b63c-cb76-49e8-a132-aaad5cfa6943,MAT-001,2023-06-09,213.92,KG,0,0,0,4,6,23,2023
473405bb-6c26-4e8d-beb1-cd2eb6cb97d1,MAT-002,2023-06-09,78.37,L,0,0,0,4,6,23,2023
797615e5-50c9-41ee-8de0-61b6cc8eebe4,MAT-003,2023-06-09,386.48,UN,0,0,0,4,6,23,2023
74a969d2-f842-4191-9355-9c08e1cb50d9,MAT-004,2023-06-09,50.09,KG,0,0,0,4,6,23,2023
5c8904cc-38b5-4d7d-a25e-6f1cad6c7a56,MAT-005,2023-06-09,129.23,M,0,0,0,4,6,23,2023
d16240d2-57ea-4831-917b-f402735a7233,MAT-001,2023-06-10,37.92,KG,0,1,0,5,6,23,2023
93f3a7c0-ec88-43c5-840c-543c6b8f4262,MAT-002,2023-06-10,15.23,L,0,1,0,5,6,23,2023
109c9992-7230-4c39-b4ae-3e39ac84d7fb,MAT-003,2023-06-10,71.46,UN,0,1,0,5,6,23,2023
cbb77fc0-e6af-4482-a279-7c8a368d97fd,MAT-004,2023-06-10,11.2,KG,0,1,0,5,6,23,2023
d5a7c530-b89e-4bdf-9b2c-77dc592ce7ae,MAT-005,2023-06-10,23.94,M,0,1,0,5,6,23,2023
26a63252-c4dd-4b99-914c-f68240fa5a7e,MAT-001,2023-06-11,36.63,KG,0,1,0,6,6,23,2023
c57b6f39-94e3-4c28-9191-59bfe3389af0,MAT-002,2023-06-11,16.15,L,0,1,0,6,6,23,2023
3ef7f69b-0ea1-4484-84e7-95f47408da67,MAT-003,2023-06-11,67.4,UN,0,1,0,6,6,23,2023
549e28ab-66b8-4522-819d-852edf3bbf23,MAT-004,2023-06-11,10.12,KG,0,1,0,6,6,23,2023
f3147a68-3c6b-46e9-a725-3d185ce7ef88,MAT-005,2023-06-11,24.25,M,0,1,0,6,6,23,2023
8f694bd2-56fb-4f1b-96a3-af83fe5a2dc0,MAT-001,2023-06-12,197.86,KG,0,0,0,0,6,24,2023
6cc37d9b-4258-45bc-b47a-ea826a95d573,MAT-002,2023-06-12,76.58,L,0,0,0,0,6,24,2023
2e4a02cc-65c7-4412-ad30-6689259550c4,MAT-003,2023-06-12,323.85,UN,0,0,0,0,6,24,2023
de6762d8-9fa3-47fc-babf-5cd27bea7858,MAT-004,2023-06-12,52.37,KG,0,0,0,0,6,24,2023
735e813f-5e5f-464b-a7f4-b6e4822ef4e0,MAT-005,2023-06-12,122.07,M,0,0,0,0,6,24,2023
0e013157-b276-4ad3-86af-ba8907dce184,MAT-001,2023-06-13,187.21,KG,0,0,0,1,6,24,2023
1c27120d-f660-43b1-a162-d08ed92a17e5,MAT-002,2023-06-13,85.29,L,0,0,0,1,6,24,2023
17175e9b-d29b-459a-a793-0f35d85acec9,MAT-003,2023-06-13,311.67,UN,0,0,0,1,6,24,2023
19ade253-4e26-4c93-8681-1fcea4cf288e,MAT-004,2023-06-13,52.94,KG,0,0,0,1,6,24,2023
c71fa383-ff6e-474d-9502-4e3a509dad97,MAT-005,2023-06-13,125.91,M,0,0,0,1,6,24,2023
aded190c-d84b-42f3-98c3-2630fb108d5c,MAT-001,2023-06-14,214.95,KG,0,0,0,2,6,24,2023
6c629392-7181-406e-8d23-12e50a6dda2d,MAT-002,2023-06-14,77.81,L,0,0,0,2,6,24,2023
73f1b00a-ce2d-4bfa-9647-8a66c85106f0,MAT-003,2023-06-14,363.75,UN,0,0,0,2,6,24,2023
e6652571-9651-4260-9004-1cedb88663fc,MAT-004,2023-06-14,53.85,KG,0,0,0,2,6,24,2023
ef36d9e8-32a6-4bc8-85f3-aa3fd81f39b5,MAT-005,2023-06-14,133.85,M,0,0,0,2,6,24,2023
a9ba3ae6-3d4a-49d6-a090-3cdcf81a5c51,MAT-001,2023-06-15,279.69,KG,0,0,1,3,6,24,2023
88263c23-188a-4420-a6e3-5fdf020039bb,MAT-002,2023-06-15,99.56,L,0,0,1,3,6,24,2023
89be5c52-a2e0-47ee-87de-5e274d341de9,MAT-003,2023-06-15,490.27,UN,0,0,1,3,6,24,2023
b6c5f8c2-ba7b-42d6-8638-d8235dc09fbe,MAT-004,2023-06-15,71.52,KG,0,0,1,3,6,24,2023
1d61c463-5050-4be0-b73a-a5e711bfda2a,MAT-005,2023-06-15,182.91,M,0,0,1,3,6,24,2023
abd6f6fe-84e0-46aa-a3e1-48f7e282b5b3,MAT-001,2023-06-16,217.96,KG,0,0,0,4,6,24,2023
794a7f27-9860-48e9-ad54-ee9e94f7babb,MAT-002,2023-06-16,78.85,L,0,0,0,4,6,24,2023
2bee0c83-af37-4866-b972-5fab73abc3f2,MAT-003,2023-06-16,352.18,UN,0,0,0,4,6,24,2023
c17a28f1-0e59-4323-b797-902cb3dcd176,MAT-004,2023-06-16,49.48,KG,0,0,0,4,6,24,2023
c1a90888-99a8-419c-b20f-38857cb16968,MAT-005,2023-06-16,126.41,M,0,0,0,4,6,24,2023
d1868b9d-4062-4b19-9d09-1b6f3785406e,MAT-001,2023-06-17,39.14,KG,0,1,0,5,6,24,2023
7c6d984b-9097-498c-991a-b9a516cbddc7,MAT-002,2023-06-17,16.59,L,0,1,0,5,6,24,2023
6bd0d4d0-0af5-407d-bd68-2a856ebe1c57,MAT-003,2023-06-17,64.19,UN,0,1,0,5,6,24,2023
7bcd18f1-a2d7-43b0-9d3d-e9d929bad522,MAT-004,2023-06-17,9.93,KG,0,1,0,5,6,24,2023
b5106095-65fc-4782-87f5-ac7d0b283a85,MAT-005,2023-06-17,26.7,M,0,1,0,5,6,24,2023
de12da34-02bd-45aa-9f45-89c50822a510,MAT-001,2023-06-18,38.45,KG,0,1,0,6,6,24,2023
ea2bc35e-a470-4c6c-b1e9-fbd4d6452291,MAT-002,2023-06-18,16.74,L,0,1,0,6,6,24,2023
46429834-6f71-425d-acbe-0b3660569cc9,MAT-003,2023-06-18,72.52,UN,0,1,0,6,6,24,2023
33606f07-7215-4a4a-9eac-848e04accce3,MAT-004,2023-06-18,10.84,KG,0,1,0,6,6,24,2023
fb246aad-6f33-420e-be5f-b7875091c3da,MAT-005,2023-06-18,26.03,M,0,1,0,6,6,24,2023
035abf55-bd1a-4f54-b5dd-08ec5ecca5c7,MAT-001,2023-06-19,217.25,KG,0,0,0,0,6,25,2023
96c97a2a-5ba1-4bd8-910a-da4277373792,MAT-002,2023-06-19,77.7,L,0,0,0,0,6,25,2023
0df47812-0577-498d-99f3-c3dec0cf4272,MAT-003,2023-06-19,334.6,UN,0,0,0,0,6,25,2023
b5da0a78-da30-4a71-8633-72ec1606df41,MAT-004,2023-06-19,52.62,KG,0,0,0,0,6,25,2023
5c48602d-97f8-4db6-a8b3-3e288277b5a5,MAT-005,2023-06-19,127.47,M,0,0,0,0,6,25,2023
504a1fb3-8442-4bd8-baef-244e1e26ca9d,MAT-001,2023-06-20,217.87,KG,0,0,0,1,6,25,2023
6fb55548-619e-49d6-b159-2bbc94572667,MAT-002,2023-06-20,71.09,L,0,0,0,1,6,25,2023
8da758ac-c3b8-4eb9-8416-b9c3140df255,MAT-003,2023-06-20,313.75,UN,0,0,0,1,6,25,2023
f863c8b6-ade9-4cc2-875d-09450e9401f9,MAT-004,2023-06-20,51.57,KG,0,0,0,1,6,25,2023
41a865e1-91b6-4584-91db-e8e402330f30,MAT-005,2023-06-20,132.12,M,0,0,0,1,6,25,2023
2c758885-02fc-49f9-bc80-4b1df796b24c,MAT-001,2023-06-21,223.88,KG,0,0,0,2,6,25,2023
28581386-90a4-444e-85ea-43be72f8b32b,MAT-002,2023-06-21,84.74,L,0,0,0,2,6,25,2023
36cb6f87-8588-4191-8111-091d5d0d8e19,MAT-003,2023-06-21,344.45,UN,0,0,0,2,6,25,2023
18a05d65-4d33-4442-8024-862ed0f030f3,MAT-004,2023-06-21,45.18,KG,0,0,0,2,6,25,2023
30fe93c7-e6f2-4cdf-9497-7f932f164ceb,MAT-005,2023-06-21,123.85,M,0,0,0,2,6,25,2023
3124c6d9-8e9d-4ec1-b828-d8a800850395,MAT-001,2023-06-22,217.88,KG,0,0,0,3,6,25,2023
765e63a4-f766-4aff-b0fa-089ef24e71fc,MAT-002,2023-06-22,78.92,L,0,0,0,3,6,25,2023
88201b37-9ceb-436c-bd42-696baebbe5f4,MAT-003,2023-06-22,366.3,UN,0,0,0,3,6,25,2023
ffeeabb2-8d98-4778-886a-1caf57a0d4b7,MAT-004,2023-06-22,54.84,KG,0,0,0,3,6,25,2023
e9708775-76eb-49a3-a3a6-ff0c60ab7088,MAT-005,2023-06-22,106.92,M,0,0,0,3,6,25,2023
2c3780a7-12ab-4e88-863a-931ad39e6aac,MAT-001,2023-06-23,214.21,KG,0,0,0,4,6,25,2023
4b309f90-d0e0-4139-a782-50b1be20a2f0,MAT-002,2023-06-23,76.03,L,0,0,0,4,6,25,2023
fa0daef6-cf2f-43d2-b242-800b5efa5d38,MAT-003,2023-06-23,339.49,UN,0,0,0,4,6,25,2023
9e9d7be8-f8e7-4473-9136-9020b4944152,MAT-004,2023-06-23,45.75,KG,0,0,0,4,6,25,2023
784eb007-076f-4a88-8d21-f9e7f01c2856,MAT-005,2023-06-23,120.9,M,0,0,0,4,6,25,2023
b2cd803b-e21a-442a-b015-a31517f3966a,MAT-001,2023-06-24,40.63,KG,0,1,0,5,6,25,2023
31305210-8e0c-4d46-9b0e-0dc52b73f8a7,MAT-002,2023-06-24,17.12,L,0,1,0,5,6,25,2023
e8624a53-ec93-4bc0-a711-f01b89ccf4b3,MAT-003,2023-06-24,64.46,UN,0,1,0,5,6,25,2023
ccdf85ab-c77e-46d7-a36f-c019e0165a67,MAT-004,2023-06-24,8.99,KG,0,1,0,5,6,25,2023
9584f62c-995e-4e08-a78a-6b711ab65b39,MAT-005,2023-06-24,26.14,M,0,1,0,5,6,25,2023
d7366df7-2338-4bb5-a3ef-2856b55fa70d,MAT-001,2023-06-25,41.15,KG,0,1,0,6,6,25,2023
9fa6b365-a8d2-46d5-b935-43fb49d77eb8,MAT-002,2023-06-25,15.0,L,0,1,0,6,6,25,2023
fe227d7d-80e6-4410-9037-b05d0d4ca434,MAT-003,2023-06-25,76.94,UN,0,1,0,6,6,25,2023
39aacd21-3e5f-4c09-ac79-48c76267664b,MAT-004,2023-06-25,9.14,KG,0,1,0,6,6,25,2023
fea40467-dc6a-4bb3-a787-8c2df754e3b7,MAT-005,2023-06-25,23.78,M,0,1,0,6,6,25,2023
62899d90-45ae-42dd-a0b4-9f42f69ba7d9,MAT-001,2023-06-26,188.19,KG,0,0,0,0,6,26,2023
e94a3d97-83e0-4806-9a4b-fd0c6e70508d,MAT-002,2023-06-26,75.3,L,0,0,0,0,6,26,2023
1b4f7623-c14f-4bcf-88ba-0426cf814a89,MAT-003,2023-06-26,308.79,UN,0,0,0,0,6,26,2023
f92eefed-0416-40b7-b612-4f72fdebd471,MAT-004,2023-06-26,53.66,KG,0,0,0,0,6,26,2023
0ec1077e-57a7-4c1d-b2cb-029212ae84ce,MAT-005,2023-06-26,131.55,M,0,0,0,0,6,26,2023
d17d68ef-b37f-4bca-a55c-2d5d148ae4c6,MAT-001,2023-06-27,208.53,KG,0,0,0,1,6,26,2023
18181227-3923-4583-9635-f41033683554,MAT-002,2023-06-27,73.43,L,0,0,0,1,6,26,2023
1d336790-c965-48f4-87d7-091552393a85,MAT-003,2023-06-27,345.11,UN,0,0,0,1,6,26,2023
64992e05-3c26-4030-8c7a-cd88d28ec270,MAT-004,2023-06-27,48.15,KG,0,0,0,1,6,26,2023
7c7f6b42-a53b-41ca-bf3d-0d5dfde80f3c,MAT-005,2023-06-27,122.52,M,0,0,0,1,6,26,2023
d3ebdc45-ef7d-4450-b941-0c3570d08980,MAT-001,2023-06-28,206.67,KG,0,0,0,2,6,26,2023
9f559cff-8221-4d1c-b6ae-1949de379d58,MAT-002,2023-06-28,78.55,L,0,0,0,2,6,26,2023
b5372fc1-471d-456b-a336-926c9fda4728,MAT-003,2023-06-28,329.01,UN,0,0,0,2,6,26,2023
da6f6657-ed95-488b-8a3c-b5245a3c5ed4,MAT-004,2023-06-28,54.14,KG,0,0,0,2,6,26,2023
b0c14b5b-cd8a-4ccf-b00d-6247ae02d1d2,MAT-005,2023-06-28,111.34,M,0,0,0,2,6,26,2023
890bd300-ae21-47bd-ad35-e15e525cb435,MAT-001,2023-06-29,194.47,KG,0,0,0,3,6,26,2023
bbe76122-0d22-4e43-9562-00f399c4ff0d,MAT-002,2023-06-29,79.68,L,0,0,0,3,6,26,2023
8b796a94-f806-4d74-9968-cc2d8277c381,MAT-003,2023-06-29,327.93,UN,0,0,0,3,6,26,2023
3016b6ab-bc28-4d99-8e7b-a611d3fc2464,MAT-004,2023-06-29,50.86,KG,0,0,0,3,6,26,2023
95aebfa8-e45e-43ee-9586-155785ea1761,MAT-005,2023-06-29,122.15,M,0,0,0,3,6,26,2023
52c02339-a9d6-4cfa-8e91-e3dff2109938,MAT-001,2023-06-30,223.65,KG,0,0,0,4,6,26,2023
36495a37-99b3-48fe-9e11-33e976f5dde6,MAT-002,2023-06-30,76.07,L,0,0,0,4,6,26,2023
9f686674-dd15-4f96-9d78-cf3d544cd7e2,MAT-003,2023-06-30,390.15,UN,0,0,0,4,6,26,2023
b05e83b0-73df-416b-bff4-ddb72f449c4d,MAT-004,2023-06-30,51.9,KG,0,0,0,4,6,26,2023
236a16ad-6ec0-4ed3-9270-e31f4c08a399,MAT-005,2023-06-30,113.51,M,0,0,0,4,6,26,2023
ab5abad3-e594-4273-9717-c3f082edc3f1,MAT-001,2023-07-01,56.89,KG,0,1,1,5,7,26,2023
ad9a78a6-f83f-4e0f-9889-9282a97d338c,MAT-002,2023-07-01,23.4,L,0,1,1,5,7,26,2023
2ab16763-9f7f-4e6b-bb0c-c7725e4889f5,MAT-003,2023-07-01,103.75,UN,0,1,1,5,7,26,2023
40e581dd-7586-4218-a83e-cc7be18ab3e2,MAT-004,2023-07-01,12.48,KG,0,1,1,5,7,26,2023
ef973543-9679-4f46-b32e-0532c653605f,MAT-005,2023-07-01,34.46,M,0,1,1,5,7,26,2023
2c9e5681-77e2-46d3-b2e1-6ec37b33a09e,MAT-001,2023-07-02,39.97,KG,0,1,0,6,7,26,2023
ace054c7-b37f-4f0b-b537-c5af63f25700,MAT-002,2023-07-02,17.55,L,0,1,0,6,7,26,2023
edcf9621-094f-4603-80ff-d0e1163ea454,MAT-003,2023-07-02,66.41,UN,0,1,0,6,7,26,2023
c5fc7d80-ec79-41b6-89d2-9aa93e4f3ae3,MAT-004,2023-07-02,10.72,KG,0,1,0,6,7,26,2023
823d1cfc-b5df-4bb4-a2e3-c518c760d227,MAT-005,2023-07-02,24.62,M,0,1,0,6,7,26,2023
8e6e9bb8-1996-4500-876f-e49bf36b7c4f,MAT-001,2023-07-03,192.91,KG,0,0,0,0,7,27,2023
3d70066c-e2d9-4bd6-b35e-28dc192519f7,MAT-002,2023-07-03,82.62,L,0,0,0,0,7,27,2023
0dca97bc-9d9e-4551-910b-cc579d4ce9a6,MAT-003,2023-07-03,360.15,UN,0,0,0,0,7,27,2023
e5f2db8a-8ac3-4d95-bb59-f110228d7fb0,MAT-004,2023-07-03,52.13,KG,0,0,0,0,7,27,2023
0fbe00ed-82c4-4bc2-b889-3664b2a69fa5,MAT-005,2023-07-03,126.36,M,0,0,0,0,7,27,2023
3d7588bf-10a2-470d-a014-336f31e43355,MAT-001,2023-07-04,207.64,KG,0,0,0,1,7,27,2023
789c8987-2013-4e47-b64a-1d4cc397d878,MAT-002,2023-07-04,86.5,L,0,0,0,1,7,27,2023
62e1559d-abed-48a7-b4a8-af74a8461622,MAT-003,2023-07-04,360.77,UN,0,0,0,1,7,27,2023
8f4e82ba-f170-4da5-a6e2-4478712fb545,MAT-004,2023-07-04,54.84,KG,0,0,0,1,7,27,2023
e62abc26-a2a8-40e0-aa00-7d8b962d8b2f,MAT-005,2023-07-04,124.21,M,0,0,0,1,7,27,2023
991c19a6-5779-42e9-a765-1fab2d35f592,MAT-001,2023-07-05,190.83,KG,0,0,0,2,7,27,2023
bc6070f0-0327-4ad5-8b74-cf4ae0341a5a,MAT-002,2023-07-05,78.86,L,0,0,0,2,7,27,2023
f22e8c3a-5af4-4ac3-aafc-1adbba29b195,MAT-003,2023-07-05,356.68,UN,0,0,0,2,7,27,2023
a4d21516-821b-4a7c-860d-8594b0c791c3,MAT-004,2023-07-05,52.79,KG,0,0,0,2,7,27,2023
03cdfb06-aab6-4301-9cd1-edab02d87cfe,MAT-005,2023-07-05,108.2,M,0,0,0,2,7,27,2023
7d158df6-2990-48aa-90fb-8788e17ef237,MAT-001,2023-07-06,190.17,KG,0,0,0,3,7,27,2023
17208436-8eb9-4029-8ea8-1953a167d6c7,MAT-002,2023-07-06,84.75,L,0,0,0,3,7,27,2023
003c15e5-d5df-4ea6-a631-724365f729c5,MAT-003,2023-07-06,322.75,UN,0,0,0,3,7,27,2023
e4bf78dd-1bb3-41b4-8767-27c0802a796b,MAT-004,2023-07-06,45.59,KG,0,0,0,3,7,27,2023
59c91d78-f556-49b6-8f8f-5e05b92258e4,MAT-005,2023-07-06,121.13,M,0,0,0,3,7,27,2023
8cd23b6c-855d-47ac-bbd3-618d699b97bc,MAT-001,2023-07-07,222.63,KG,0,0,0,4,7,27,2023
797a6de4-0049-42d2-9eea-5b1f73a19ac1,MAT-002,2023-07-07,80.59,L,0,0,0,4,7,27,2023
72bc3613-f0e7-4ad0-8036-586cf1264a3c,MAT-003,2023-07-07,384.73,UN,0,0,0,4,7,27,2023
e785e9d3-f144-4451-a403-79c215e19fd3,MAT-004,2023-07-07,53.97,KG,0,0,0,4,7,27,2023
6c9c6e04-7645-4057-9a74-d6d616c78c3f,MAT-005,2023-07-07,113.0,M,0,0,0,4,7,27,2023
a77cff9f-b364-460d-bc99-753cd4d75b81,MAT-001,2023-07-08,43.12,KG,0,1,0,5,7,27,2023
d4bd9593-96d7-476e-a127-484ac0b98226,MAT-002,2023-07-08,15.93,L,0,1,0,5,7,27,2023
900dc7db-804e-4448-826c-e860cbcbdf89,MAT-003,2023-07-08,75.15,UN,0,1,0,5,7,27,2023
589b2858-8535-4b2c-ac6d-cd2da3d39e0d,MAT-004,2023-07-08,10.59,KG,0,1,0,5,7,27,2023
b323d7dc-70b1-4b9c-9b75-5e5bbaedcba8,MAT-005,2023-07-08,23.07,M,0,1,0,5,7,27,2023
48986738-d011-47c9-ba4e-482c08001dac,MAT-001,2023-07-09,36.31,KG,0,1,0,6,7,27,2023
efb8bf8b-dc63-4359-8b34-00cf43f8f70f,MAT-002,2023-07-09,17.78,L,0,1,0,6,7,27,2023
f39a488c-374b-4b91-b981-778471fe0686,MAT-003,2023-07-09,63.96,UN,0,1,0,6,7,27,2023
26a38c6e-d394-4528-8ca0-e1fa8fd8301b,MAT-004,2023-07-09,11.12,KG,0,1,0,6,7,27,2023
0314ef89-502a-4eb2-8118-e1865b78c18a,MAT-005,2023-07-09,26.07,M,0,1,0,6,7,27,2023
39fff40e-a2f1-4046-8124-baf58cb69fa6,MAT-001,2023-07-10,210.76,KG,0,0,0,0,7,28,2023
cbafcd5a-814f-48e0-a51b-f8aa66e5d94e,MAT-002,2023-07-10,89.21,L,0,0,0,0,7,28,2023
f84ba65b-690a-415b-99e1-cb9dfc2df682,MAT-003,2023-07-10,389.25,UN,0,0,0,0,7,28,2023
78a8b2f7-d608-4852-91bd-00891c1cef07,MAT-004,2023-07-10,53.66,KG,0,0,0,0,7,28,2023
5d37850c-6174-40ac-815d-f1508b7d1d74,MAT-005,2023-07-10,116.13,M,0,0,0,0,7,28,2023
45e5361c-f1d5-4626-8da0-e9c72d51007e,MAT-001,2023-07-11,213.95,KG,0,0,0,1,7,28,2023
ed456099-05d6-4c4a-898e-49087dcd2914,MAT-002,2023-07-11,70.67,L,0,0,0,1,7,28,2023
da96d285-8d43-4c98-b2f4-cdc63de7a2cf,MAT-003,2023-07-11,353.07,UN,0,0,0,1,7,28,2023
f40de1f8-68cd-4b15-8f75-7312ed9f6a61,MAT-004,2023-07-11,49.46,KG,0,0,0,1,7,28,2023
fdb17a97-08c7-4aad-a7a1-769c8204bc05,MAT-005,2023-07-11,124.98,M,0,0,0,1,7,28,2023
20ca873b-dec4-4f12-b692-ebea737af256,MAT-001,2023-07-12,208.27,KG,0,0,0,2,7,28,2023
1c312921-6534-4d26-96ff-93863be79218,MAT-002,2023-07-12,81.62,L,0,0,0,2,7,28,2023
853a0565-7bd5-4597-9dfb-5358b1f88723,MAT-003,2023-07-12,377.08,UN,0,0,0,2,7,28,2023
780bea17-9481-420a-b3af-0cdc050edcaf,MAT-004,2023-07-12,55.28,KG,0,0,0,2,7,28,2023
ed7cc6aa-ffbb-4fde-9158-c9e18b4b9d5f,MAT-005,2023-07-12,108.72,M,0,0,0,2,7,28,2023
7e7ee0ed-0a04-4ae0-8218-e89a069836ba,MAT-001,2023-07-13,187.22,KG,0,0,0,3,7,28,2023
829f8455-43a4-4074-9620-f6c78d42ea5f,MAT-002,2023-07-13,70.88,L,0,0,0,3,7,28,2023
d8c272ae-ec51-4812-aed0-145afb6b0a04,MAT-003,2023-07-13,382.28,UN,0,0,0,3,7,28,2023
c1cfc130-4f29-4b5b-9ba5-17278aa6301c,MAT-004,2023-07-13,50.74,KG,0,0,0,3,7,28,2023
da374946-9efc-4cf4-ab59-dd086892a9ad,MAT-005,2023-07-13,131.96,M,0,0,0,3,7,28,2023
0e77dcd2-a343-42dc-ad9d-bdd6a54886e3,MAT-001,2023-07-14,186.63,KG,0,0,0,4,7,28,2023
3e763812-f436-4fe7-8bea-1e030bfaea98,MAT-002,2023-07-14,71.61,L,0,0,0,4,7,28,2023
9fdae570-d2f7-4af2-bdbc-c02b03f2456d,MAT-003,2023-07-14,377.2,UN,0,0,0,4,7,28,2023
aeaea8b1-04c1-4ed0-8135-a2e1fe315d9b,MAT-004,2023-07-14,54.91,KG,0,0,0,4,7,28,2023
c2e11313-b414-4178-b346-96a4e5635aa7,MAT-005,2023-07-14,114.3,M,0,0,0,4,7,28,2023
1c1557e6-bc04-482e-a561-98bb8c538d45,MAT-001,2023-07-15,54.77,KG,0,1,1,5,7,28,2023
a3d26e77-a1fb-4e89-bcb7-d6fc40ae13f8,MAT-002,2023-07-15,20.46,L,0,1,1,5,7,28,2023
e3d273f0-dac1-4321-8a0d-348ebfc7ad44,MAT-003,2023-07-15,108.5,UN,0,1,1,5,7,28,2023
28a8f205-5c77-4533-abd2-b18438e27fc4,MAT-004,2023-07-15,13.34,KG,0,1,1,5,7,28,2023
75ab0ecc-9ce1-4ef6-989e-8c65124f3d7e,MAT-005,2023-07-15,33.54,M,0,1,1,5,7,28,2023
0663ba6f-fd49-4403-a513-3e3e23861fef,MAT-001,2023-07-16,36.13,KG,0,1,0,6,7,28,2023
115eb67b-611d-4faa-a87f-f073a6b3c828,MAT-002,2023-07-16,17.49,L,0,1,0,6,7,28,2023
d03475e7-4a2a-422b-8823-21a485c9e5eb,MAT-003,2023-07-16,63.88,UN,0,1,0,6,7,28,2023
9f6a8cae-9914-47d5-9a69-cc60b0d3b884,MAT-004,2023-07-16,9.89,KG,0,1,0,6,7,28,2023
8c758e3a-8149-42d5-8efd-f6151d83d11b,MAT-005,2023-07-16,24.98,M,0,1,0,6,7,28,2023
7357fb11-f2a3-4ca9-a21a-9b2d4263bdc9,MAT-001,2023-07-17,211.67,KG,0,0,0,0,7,29,2023
8e4f1d73-6c4b-4492-8de0-782cae4cd03e,MAT-002,2023-07-17,88.56,L,0,0,0,0,7,29,2023
54dc13c9-b92b-455f-bb33-e68f9c106af3,MAT-003,2023-07-17,343.21,UN,0,0,0,0,7,29,2023
551cdc9d-9b9f-4219-a074-4c6667c0f579,MAT-004,2023-07-17,52.91,KG,0,0,0,0,7,29,2023
707d0426-d19f-4b28-9fbd-58572cbaa096,MAT-005,2023-07-17,110.05,M,0,0,0,0,7,29,2023
698c8e75-ed4f-4fe0-88db-3774329670ad,MAT-001,2023-07-18,195.91,KG,0,0,0,1,7,29,2023
0691c4bc-335a-4b87-ba4f-ee10a24ace2b,MAT-002,2023-07-18,72.3,L,0,0,0,1,7,29,2023
a2d3beea-3a23-49c2-a103-93ede5210010,MAT-003,2023-07-18,349.11,UN,0,0,0,1,7,29,2023
1981bd17-f89a-45d9-a36e-b5740cef9f51,MAT-004,2023-07-18,48.9,KG,0,0,0,1,7,29,2023
c0c517bf-cd72-41e0-b740-5fb58f6ee1dd,MAT-005,2023-07-18,133.0,M,0,0,0,1,7,29,2023
7359de6d-86e1-47b9-84d2-81f3a92b1aef,MAT-001,2023-07-19,177.57,KG,0,0,0,2,7,29,2023
698ba9d3-a007-411c-a884-0d61296504f6,MAT-002,2023-07-19,77.51,L,0,0,0,2,7,29,2023
44a3736e-7516-4887-bf6f-019544245da4,MAT-003,2023-07-19,345.24,UN,0,0,0,2,7,29,2023
98a1f25b-93cc-44e0-b369-a72e5bd5328a,MAT-004,2023-07-19,55.41,KG,0,0,0,2,7,29,2023
ec02c5c1-e9d1-4076-aa38-1ac61a2fcf5b,MAT-005,2023-07-19,130.24,M,0,0,0,2,7,29,2023
636a4c89-a3ba-424b-a9fa-3bf45ccb8038,MAT-001,2023-07-20,180.77,KG,0,0,0,3,7,29,2023
8d0e1471-b470-4725-a29c-c114fdea85ec,MAT-002,2023-07-20,83.57,L,0,0,0,3,7,29,2023
a1029860-787e-4c88-96e7-45ae00de62df,MAT-003,2023-07-20,353.74,UN,0,0,0,3,7,29,2023
47110439-6cba-4442-8bd1-87bf5dd5bbeb,MAT-004,2023-07-20,55.73,KG,0,0,0,3,7,29,2023
d8d2094f-595f-4e6c-ac68-4b7c3b8a41c4,MAT-005,2023-07-20,115.93,M,0,0,0,3,7,29,2023
e8ce3d21-2216-4e45-b85a-e0edfddeb9d1,MAT-001,2023-07-21,195.11,KG,0,0,0,4,7,29,2023
f88e77fa-f84f-481d-ab94-c4e303698add,MAT-002,2023-07-21,74.04,L,0,0,0,4,7,29,2023
862af1bb-051c-498f-9bdb-a612cff813fe,MAT-003,2023-07-21,318.26,UN,0,0,0,4,7,29,2023
2964cab5-3932-42ac-bb3d-d5aafdd60bd6,MAT-004,2023-07-21,54.18,KG,0,0,0,4,7,29,2023
b4772892-79d0-4b05-8a4f-0627ad0b5910,MAT-005,2023-07-21,118.7,M,0,0,0,4,7,29,2023
e2545cfa-0de7-48bd-aed3-b220caad41d0,MAT-001,2023-07-22,41.56,KG,0,1,0,5,7,29,2023
920cd0c5-341e-46a8-a6ef-ef45d0251fdc,MAT-002,2023-07-22,16.54,L,0,1,0,5,7,29,2023
9c8effc0-56ed-4dad-a9b1-41fff05fa415,MAT-003,2023-07-22,71.63,UN,0,1,0,5,7,29,2023
f9a706cf-54eb-49da-8790-1ea1a6c1f451,MAT-004,2023-07-22,8.85,KG,0,1,0,5,7,29,2023
1d5d79bf-48bb-4d40-9170-fd1d57d48713,MAT-005,2023-07-22,25.65,M,0,1,0,5,7,29,2023
ceb0c9a6-adb7-4536-801a-bc7875ed3db1,MAT-001,2023-07-23,37.54,KG,0,1,0,6,7,29,2023
4def7bee-b254-4ee1-8fa2-1138c31aae38,MAT-002,2023-07-23,14.56,L,0,1,0,6,7,29,2023
7bb300fb-e33b-4972-8ad1-77be4e88ae8c,MAT-003,2023-07-23,71.08,UN,0,1,0,6,7,29,2023
cc388db2-39c5-47d3-a6c4-c5b416c7e15e,MAT-004,2023-07-23,8.96,KG,0,1,0,6,7,29,2023
553e8543-8932-4495-acb7-25a46e010234,MAT-005,2023-07-23,25.53,M,0,1,0,6,7,29,2023
0dd0cb4c-74a1-49a3-96c2-b3394f2aee16,MAT-001,2023-07-24,185.94,KG,0,0,0,0,7,30,2023
5bdcf87e-99ba-4638-8826-0c41f740ce28,MAT-002,2023-07-24,74.55,L,0,0,0,0,7,30,2023
c33792c8-e195-4f44-a17c-a212e4cf5ccb,MAT-003,2023-07-24,381.05,UN,0,0,0,0,7,30,2023
c29002ed-9f5d-4fb1-831d-0ebe89e821b9,MAT-004,2023-07-24,47.94,KG,0,0,0,0,7,30,2023
ef2150e5-458e-489d-8f49-59dcb94a04ff,MAT-005,2023-07-24,109.85,M,0,0,0,0,7,30,2023
0b524172-561d-4a59-87e4-75eca58fe5b0,MAT-001,2023-07-25,219.23,KG,0,0,0,1,7,30,2023
124535b8-fbcf-45b5-a4ab-b6dcf90c2df1,MAT-002,2023-07-25,70.45,L,0,0,0,1,7,30,2023
76c54553-188e-4977-be54-e5d29c82dfd1,MAT-003,2023-07-25,380.11,UN,0,0,0,1,7,30,2023
87cd3935-48f3-4e9d-a1c2-58d963741b32,MAT-004,2023-07-25,45.74,KG,0,0,0,1,7,30,2023
5864f6b1-fcef-4498-8dcb-a7ef5122a062,MAT-005,2023-07-25,109.34,M,0,0,0,1,7,30,2023
949bd7a2-e9fa-4aec-a189-c058973aa0d0,MAT-001,2023-07-26,188.03,KG,0,0,0,2,7,30,2023
4b40d9cb-660e-4c30-8649-dae863e6e97d,MAT-002,2023-07-26,73.75,L,0,0,0,2,7,30,2023
1cae3080-48e4-427b-a57a-c98c58fe60aa,MAT-003,2023-07-26,363.53,UN,0,0,0,2,7,30,2023
32c1ad36-1ab6-4bd8-8676-8247111efb12,MAT-004,2023-07-26,44.31,KG,0,0,0,2,7,30,2023
7a1d3221-22b2-4964-b61b-afcf3bfdc57c,MAT-005,2023-07-26,106.03,M,0,0,0,2,7,30,2023
5c49ae6a-dabd-48cb-90d7-e35927c00285,MAT-001,2023-07-27,213.92,KG,0,0,0,3,7,30,2023
db71b729-0379-4a4b-b2ae-c0c99d97c7cd,MAT-002,2023-07-27,74.97,L,0,0,0,3,7,30,2023
2b1be1c1-e341-40b8-b580-0d0df7339aa1,MAT-003,2023-07-27,335.2,UN,0,0,0,3,7,30,2023
efe7bab8-721a-4c4a-b2e4-38af41981880,MAT-004,2023-07-27,46.09,KG,0,0,0,3,7,30,2023
ffd86b93-8caf-470c-a6c7-0b50c16927d0,MAT-005,2023-07-27,107.11,M,0,0,0,3,7,30,2023
802c8aa9-5a62-408c-9ac0-b40ac1fe9a21,MAT-001,2023-07-28,211.6,KG,0,0,0,4,7,30,2023
8c70811e-a800-41aa-83ae-695b05c73eb7,MAT-002,2023-07-28,80.5,L,0,0,0,4,7,30,2023
de6789a4-b15b-4941-b215-00fa2de3e3d5,MAT-003,2023-07-28,370.64,UN,0,0,0,4,7,30,2023
7953927e-87f2-487b-bf58-fbe1ee58ef2b,MAT-004,2023-07-28,49.71,KG,0,0,0,4,7,30,2023
0088dcd8-afa2-43ae-9d6f-18e3cdd146d2,MAT-005,2023-07-28,128.01,M,0,0,0,4,7,30,2023
4f681ce9-8e3d-4c35-ae21-682fa972b541,MAT-001,2023-07-29,40.13,KG,0,1,0,5,7,30,2023
40a86552-b50d-495a-bf3a-9fe53f24e3df,MAT-002,2023-07-29,14.5,L,0,1,0,5,7,30,2023
de5857df-fe52-4011-b1d2-b7e2c0eabc71,MAT-003,2023-07-29,70.06,UN,0,1,0,5,7,30,2023
fbf59d64-328d-47e2-99a5-fbdc5e175c02,MAT-004,2023-07-29,11.07,KG,0,1,0,5,7,30,2023
bc7f7c7c-c925-4ea3-a4f5-d92e8b98ef6e,MAT-005,2023-07-29,21.37,M,0,1,0,5,7,30,2023
0ffa5d13-2a1c-4f82-9f0f-5119d9f2d8e1,MAT-001,2023-07-30,42.72,KG,0,1,0,6,7,30,2023
9e45d5f2-d5cb-4447-b63a-25325a28f5d5,MAT-002,2023-07-30,17.41,L,0,1,0,6,7,30,2023
be8a8285-41c0-433b-8b23-a35f2ae04a2f,MAT-003,2023-07-30,70.36,UN,0,1,0,6,7,30,2023
33306da3-14db-4e1c-a528-fff5b03abd4c,MAT-004,2023-07-30,9.9,KG,0,1,0,6,7,30,2023
fcae37d8-dae5-49fe-a225-f926075fd578,MAT-005,2023-07-30,26.67,M,0,1,0,6,7,30,2023
b0bbdb15-17d1-46fb-8df6-186c4b4823d6,MAT-001,2023-07-31,178.92,KG,0,0,0,0,7,31,2023
253c654a-b4f9-473c-9ef5-feffea35f01d,MAT-002,2023-07-31,79.6,L,0,0,0,0,7,31,2023
22ba4352-84ba-4cf9-a67e-9629a1886ea2,MAT-003,2023-07-31,341.74,UN,0,0,0,0,7,31,2023
ac4f849c-f0a1-4ff2-9269-3799dac8bd8c,MAT-004,2023-07-31,52.23,KG,0,0,0,0,7,31,2023
d2719ff8-7022-4b74-ad23-134b0fe0b344,MAT-005,2023-07-31,119.72,M,0,0,0,0,7,31,2023
5f32fbdf-91c2-4140-9dfc-3cf206836446,MAT-001,2023-08-01,307.53,KG,0,0,1,1,8,31,2023
4c9cded8-ae3c-45d4-ae33-c6a823ce9612,MAT-002,2023-08-01,100.54,L,0,0,1,1,8,31,2023
b2400bae-2589-404f-ab3a-8b338dfae29b,MAT-003,2023-08-01,440.7,UN,0,0,1,1,8,31,2023
6f66ebb8-fb18-4c86-90aa-a6a2ac3248e5,MAT-004,2023-08-01,71.82,KG,0,0,1,1,8,31,2023
e58691f1-0166-4ffa-bc27-6301c416cb02,MAT-005,2023-08-01,150.49,M,0,0,1,1,8,31,2023
40e0f422-fc3c-45e5-b917-6fed75abb0c7,MAT-001,2023-08-02,189.2,KG,0,0,0,2,8,31,2023
69b54598-ec24-41c6-85ee-31401f5981bc,MAT-002,2023-08-02,82.56,L,0,0,0,2,8,31,2023
f2343e07-ab25-4bd5-9f1b-7e7d9bd6d22f,MAT-003,2023-08-02,354.06,UN,0,0,0,2,8,31,2023
f7cfe50d-e622-429d-9ee1-4bc65191cce1,MAT-004,2023-08-02,47.9,KG,0,0,0,2,8,31,2023
7f7d454d-af21-4e98-9de3-f3b51507c0ff,MAT-005,2023-08-02,134.25,M,0,0,0,2,8,31,2023
43b2a14c-8293-4fbc-ac97-f8af58284a38,MAT-001,2023-08-03,201.47,KG,0,0,0,3,8,31,2023
3591b6ab-a177-4118-a718-c399e7670413,MAT-002,2023-08-03,79.11,L,0,0,0,3,8,31,2023
5a8c9d13-a628-416b-8b96-2b7cd9f09353,MAT-003,2023-08-03,358.86,UN,0,0,0,3,8,31,2023
91ed33ba-6626-49d8-b64d-685ce247c74b,MAT-004,2023-08-03,45.19,KG,0,0,0,3,8,31,2023
4c45f981-fc81-43be-8bd2-89743bbedf3c,MAT-005,2023-08-03,125.81,M,0,0,0,3,8,31,2023
cda6eb6e-73de-48dc-81f5-08255b21866b,MAT-001,2023-08-04,216.93,KG,0,0,0,4,8,31,2023
9ef08bde-db57-4e5b-8147-3007a9a1d258,MAT-002,2023-08-04,82.9,L,0,0,0,4,8,31,2023
acfe5572-6944-4bb5-8834-7152b3368094,MAT-003,2023-08-04,372.59,UN,0,0,0,4,8,31,2023
8614513b-996d-48f6-b637-100b90649d52,MAT-004,2023-08-04,52.65,KG,0,0,0,4,8,31,2023
d6888430-dc83-4960-89e5-78d32df27896,MAT-005,2023-08-04,111.79,M,0,0,0,4,8,31,2023
90f1f492-eb05-42be-8379-ab450722535b,MAT-001,2023-08-05,39.53,KG,0,1,0,5,8,31,2023
115bf6c6-622d-42ef-b1c0-9cb96085a756,MAT-002,2023-08-05,14.96,L,0,1,0,5,8,31,2023
275ce8c8-cf50-458c-97f7-b0c7fd4a7a86,MAT-003,2023-08-05,67.29,UN,0,1,0,5,8,31,2023
6322f8c5-15d7-4455-9e39-7ab9500460e9,MAT-004,2023-08-05,9.89,KG,0,1,0,5,8,31,2023
aeeef744-71bf-4a33-b44c-bd1221560dd3,MAT-005,2023-08-05,23.52,M,0,1,0,5,8,31,2023
4c6fd8e0-2b81-4370-bb3e-d2eb824caae6,MAT-001,2023-08-06,36.11,KG,0,1,0,6,8,31,2023
51bda3f4-38ee-4e42-835e-d9a4128613c2,MAT-002,2023-08-06,15.72,L,0,1,0,6,8,31,2023
57369c60-c799-415d-8a02-b641fcf02028,MAT-003,2023-08-06,72.77,UN,0,1,0,6,8,31,2023
9dce5f84-d1aa-4523-8786-b94178af6548,MAT-004,2023-08-06,9.7,KG,0,1,0,6,8,31,2023
5aaa567c-e265-484d-9ae8-11a76031362d,MAT-005,2023-08-06,22.0,M,0,1,0,6,8,31,2023
ab934085-b676-44d1-9f6c-14a74e94ef7e,MAT-001,2023-08-07,220.3,KG,0,0,0,0,8,32,2023
3c12dcae-69e8-4bf5-bcc4-1e2772507f72,MAT-002,2023-08-07,71.69,L,0,0,0,0,8,32,2023
dc1c8a1b-8a12-44b1-81cd-a3fd327b88d9,MAT-003,2023-08-07,377.87,UN,0,0,0,0,8,32,2023
adc543fd-913d-406c-86c2-20dce43361ef,MAT-004,2023-08-07,45.12,KG,0,0,0,0,8,32,2023
c52d58d5-cf0a-4899-a0af-15e64ea93585,MAT-005,2023-08-07,108.38,M,0,0,0,0,8,32,2023
da768b54-c3e5-48df-b65d-bb7a78576f84,MAT-001,2023-08-08,211.46,KG,0,0,0,1,8,32,2023
3873c351-51af-4fd5-bd17-fb663c3c76b5,MAT-002,2023-08-08,85.99,L,0,0,0,1,8,32,2023
108e630c-481f-4b98-9163-ee63d2ddc0a8,MAT-003,2023-08-08,354.74,UN,0,0,0,1,8,32,2023
96c8e22b-3b15-4356-85e7-12f3178bf4ae,MAT-004,2023-08-08,51.04,KG,0,0,0,1,8,32,2023
8e03c05a-e4c9-4df1-a651-38823e35d557,MAT-005,2023-08-08,121.77,M,0,0,0,1,8,32,2023
dd6003fe-e9f2-4d7b-910d-64ac24102b08,MAT-001,2023-08-09,191.82,KG,0,0,0,2,8,32,2023
adc92fbc-5ea7-40a0-920a-c59a6c4327c6,MAT-002,2023-08-09,72.75,L,0,0,0,2,8,32,2023
36066236-906d-4bf9-8f2b-59e86192d1f5,MAT-003,2023-08-09,337.7,UN,0,0,0,2,8,32,2023
018a39f1-9c9f-456d-8721-e9eabc08a9f9,MAT-004,2023-08-09,51.98,KG,0,0,0,2,8,32,2023
2c1499ce-2597-4672-837c-a58d5b7b3f37,MAT-005,2023-08-09,127.21,M,0,0,0,2,8,32,2023
3bed68ae-7546-4903-996d-3e1f8cac56f9,MAT-001,2023-08-10,217.67,KG,0,0,0,3,8,32,2023
7160a73f-e654-4243-8bf4-59c4224c96f8,MAT-002,2023-08-10,84.24,L,0,0,0,3,8,32,2023
b9a6984f-66d6-427b-ab0e-7b5ec27ca561,MAT-003,2023-08-10,389.35,UN,0,0,0,3,8,32,2023
1d24cf3c-4bbc-4d97-a56e-1276185c23a7,MAT-004,2023-08-10,51.2,KG,0,0,0,3,8,32,2023
c4134c7e-1f47-48b0-baa1-ad2254a48c66,MAT-005,2023-08-10,115.73,M,0,0,0,3,8,32,2023
528e4aee-b468-4eaa-af3f-a0c3d5645bea,MAT-001,2023-08-11,203.74,KG,0,0,0,4,8,32,2023
514ed48d-aaed-45fd-b311-ee70a8e49f34,MAT-002,2023-08-11,74.48,L,0,0,0,4,8,32,2023
7937003e-e4d2-484d-9bea-06642de5fd61,MAT-003,2023-08-11,363.17,UN,0,0,0,4,8,32,2023
a02d7579-ac1f-4fcf-b988-57c52d1bc646,MAT-004,2023-08-11,46.69,KG,0,0,0,4,8,32,2023
c84ba850-85bd-4b59-ba47-0378803b816d,MAT-005,2023-08-11,108.72,M,0,0,0,4,8,32,2023
5af04d85-f839-432d-971e-1363604cfd5d,MAT-001,2023-08-12,43.32,KG,0,1,0,5,8,32,2023
07574732-90c6-48da-9665-8560ce17cd85,MAT-002,2023-08-12,15.49,L,0,1,0,5,8,32,2023
6b2a0d94-a7ac-48c0-857f-b73227430e14,MAT-003,2023-08-12,74.41,UN,0,1,0,5,8,32,2023
f82c0b49-bb6a-4b34-9ddb-ea1390714b73,MAT-004,2023-08-12,10.18,KG,0,1,0,5,8,32,2023
a104f327-83f2-49c8-8907-280516ac6ca1,MAT-005,2023-08-12,25.77,M,0,1,0,5,8,32,2023
2c81e522-e762-43b5-bb15-e97a2469d33d,MAT-001,2023-08-13,43.31,KG,0,1,0,6,8,32,2023
4bdb52c3-b535-4595-a7af-765cd3db299f,MAT-002,2023-08-13,17.82,L,0,1,0,6,8,32,2023
3a3c38da-3e80-4776-b65b-a58138e7d807,MAT-003,2023-08-13,75.35,UN,0,1,0,6,8,32,2023
6f7d8011-b871-4a7a-9fb6-6806f569cc29,MAT-004,2023-08-13,10.27,KG,0,1,0,6,8,32,2023
79ef557a-66de-4de6-a6a0-42a02c7349c2,MAT-005,2023-08-13,24.82,M,0,1,0,6,8,32,2023
f8cf5b93-5547-4dec-a7e5-4847be73b3a4,MAT-001,2023-08-14,177.26,KG,0,0,0,0,8,33,2023
31cca935-3c9d-4114-8558-189afeac98b5,MAT-002,2023-08-14,88.24,L,0,0,0,0,8,33,2023
c3467f1a-6360-49dc-b305-c7d8ebcd673d,MAT-003,2023-08-14,377.67,UN,0,0,0,0,8,33,2023
617d6363-0a95-42ed-96af-90a51c0ab0cb,MAT-004,2023-08-14,47.21,KG,0,0,0,0,8,33,2023
a47315e5-54f0-4f47-b3a8-cbe09cf3da73,MAT-005,2023-08-14,110.8,M,0,0,0,0,8,33,2023
b107814e-3c87-484e-ab9e-b5479ef8b0f8,MAT-001,2023-08-15,293.62,KG,0,0,1,1,8,33,2023
ebd138f7-1279-40df-9758-694f800f994a,MAT-002,2023-08-15,106.87,L,0,0,1,1,8,33,2023
00998358-3041-49b0-b93c-c5ed9b820807,MAT-003,2023-08-15,471.16,UN,0,0,1,1,8,33,2023
56f87ba3-42c7-47b2-bc70-d6f0a6d497c7,MAT-004,2023-08-15,61.7,KG,0,0,1,1,8,33,2023
4c0f4ab4-cb7d-40ae-a38d-bd2ea576e8ca,MAT-005,2023-08-15,182.91,M,0,0,1,1,8,33,2023
fcf08560-8b69-4d58-be0f-b4da3500b648,MAT-001,2023-08-16,203.18,KG,0,0,0,2,8,33,2023
c6331ce3-4971-43d9-a9b9-a2bda2bd1767,MAT-002,2023-08-16,78.1,L,0,0,0,2,8,33,2023
d8e1e874-a1fd-4491-940d-4225d109b5be,MAT-003,2023-08-16,319.92,UN,0,0,0,2,8,33,2023
74101d46-4f32-405b-98e4-161739908216,MAT-004,2023-08-16,51.6,KG,0,0,0,2,8,33,2023
c6d8623a-d82c-47e2-8eb4-e6268cf67f56,MAT-005,2023-08-16,106.48,M,0,0,0,2,8,33,2023
0c445e7c-d804-4ebf-81ba-12050b81f82f,MAT-001,2023-08-17,211.81,KG,0,0,0,3,8,33,2023
50115fa5-4c58-4c46-b3f5-8d67a366ee4f,MAT-002,2023-08-17,74.53,L,0,0,0,3,8,33,2023
836d7237-35d1-4353-a6be-8e284d0bbf56,MAT-003,2023-08-17,343.27,UN,0,0,0,3,8,33,2023
5a999742-c9cc-4544-b64f-ef53fc71389b,MAT-004,2023-08-17,48.09,KG,0,0,0,3,8,33,2023
29ae08da-1586-4bcf-90c8-4b7f662b1655,MAT-005,2023-08-17,116.26,M,0,0,0,3,8,33,2023
801f44ba-e9dd-4546-ae25-2885f2ed50e1,MAT-001,2023-08-18,210.64,KG,0,0,0,4,8,33,2023
9720bc20-9722-4d72-a0ab-31c8971f6efe,MAT-002,2023-08-18,85.32,L,0,0,0,4,8,33,2023
44bc46e8-79a6-49b3-9440-73206ddc2f42,MAT-003,2023-08-18,355.68,UN,0,0,0,4,8,33,2023
8ae6c24e-b3e3-4d20-aced-29356c282289,MAT-004,2023-08-18,45.02,KG,0,0,0,4,8,33,2023
5f7b2035-a6b5-45f9-927b-7558c864bdbf,MAT-005,2023-08-18,107.12,M,0,0,0,4,8,33,2023
bdb6558f-ffeb-451e-9e1d-606a376851f2,MAT-001,2023-08-19,36.71,KG,0,1,0,5,8,33,2023
1f458990-6c0a-45eb-b90f-cc146374011e,MAT-002,2023-08-19,16.45,L,0,1,0,5,8,33,2023
f24fa913-ce96-40c5-8e56-09fb9e73fe87,MAT-003,2023-08-19,72.92,UN,0,1,0,5,8,33,2023
d2988a20-554d-4eab-97f9-de642ae66847,MAT-004,2023-08-19,9.45,KG,0,1,0,5,8,33,2023
0d50c8df-c13a-4299-bdbe-0bf7e83e4371,MAT-005,2023-08-19,24.93,M,0,1,0,5,8,33,2023
d2ddfe49-886e-4241-acc1-e3a5c70f1558,MAT-001,2023-08-20,39.86,KG,0,1,0,6,8,33,2023
9f0270e0-6d1b-4df0-a10a-a4512a55b189,MAT-002,2023-08-20,15.78,L,0,1,0,6,8,33,2023
40323969-7262-459f-92ca-1e8b4434934d,MAT-003,2023-08-20,66.19,UN,0,1,0,6,8,33,2023
2b2430be-b386-4e11-853d-0f6bc1b52112,MAT-004,2023-08-20,10.61,KG,0,1,0,6,8,33,2023
1a0b60c2-0932-4b41-a075-75ed86e51e83,MAT-005,2023-08-20,21.78,M,0,1,0,6,8,33,2023
e9deb59b-9783-42eb-8693-a929186974bc,MAT-001,2023-08-21,196.64,KG,0,0,0,0,8,34,2023
6679d6fb-f5ad-473d-ae21-cb17777fd11b,MAT-002,2023-08-21,75.84,L,0,0,0,0,8,34,2023
3f831a85-181d-414a-975c-f7f4e65f4dca,MAT-003,2023-08-21,364.99,UN,0,0,0,0,8,34,2023
69eb038a-eeb0-49b3-9447-f8800eb7ec11,MAT-004,2023-08-21,49.84,KG,0,0,0,0,8,34,2023
9fc4677e-ca71-4501-9452-1d81acc68d7f,MAT-005,2023-08-21,124.81,M,0,0,0,0,8,34,2023
de767bd2-2834-409b-985d-2e1e412b864e,MAT-001,2023-08-22,178.18,KG,0,0,0,1,8,34,2023
23f47a79-ffbc-4cd8-9cbd-806291a97002,MAT-002,2023-08-22,77.99,L,0,0,0,1,8,34,2023
04420693-a542-455a-afc0-5f95f207fe62,MAT-003,2023-08-22,358.34,UN,0,0,0,1,8,34,2023
19f7f209-2f1b-4a90-afb4-d52fee486bcd,MAT-004,2023-08-22,44.09,KG,0,0,0,1,8,34,2023
924ddf4d-a763-4884-b99f-a348022bf3c3,MAT-005,2023-08-22,114.28,M,0,0,0,1,8,34,2023
daa6086c-4c33-48c0-878b-e474c41b198f,MAT-001,2023-08-23,186.14,KG,0,0,0,2,8,34,2023
e9e0dbae-0dd3-4ed3-a728-796bbe99c040,MAT-002,2023-08-23,73.03,L,0,0,0,2,8,34,2023
7b8e2fac-c46e-4d9c-a708-8c50d6be1500,MAT-003,2023-08-23,329.46,UN,0,0,0,2,8,34,2023
a411f840-a495-4705-81f6-306d2f1a7972,MAT-004,2023-08-23,47.94,KG,0,0,0,2,8,34,2023
6ead9cf8-580b-4ca5-bea8-f3e7192c4722,MAT-005,2023-08-23,105.82,M,0,0,0,2,8,34,2023
d4735d22-076b-4083-bbc3-25ec13118095,MAT-001,2023-08-24,211.86,KG,0,0,0,3,8,34,2023
7d9164c3-f4fb-4c02-9cfa-af59f876197c,MAT-002,2023-08-24,73.77,L,0,0,0,3,8,34,2023
3991901d-9e6d-4c14-a241-1c7021b33cbd,MAT-003,2023-08-24,339.94,UN,0,0,0,3,8,34,2023
d0138540-e497-4e2c-bba7-6e0d9a867b9f,MAT-004,2023-08-24,52.44,KG,0,0,0,3,8,34,2023
7ac569bd-be59-405f-8a15-b82a43a6a1a6,MAT-005,2023-08-24,120.01,M,0,0,0,3,8,34,2023
cfb7a90b-774a-4275-80eb-2428a12a8f43,MAT-001,2023-08-25,216.0,KG,0,0,0,4,8,34,2023
2e90f0f1-fa53-4e41-9bda-eeaa580e032f,MAT-002,2023-08-25,85.88,L,0,0,0,4,8,34,2023
af31f820-f8e7-47b3-b5d2-546f54e1366a,MAT-003,2023-08-25,314.05,UN,0,0,0,4,8,34,2023
ba9f9ae8-b219-45b6-a514-36cefe40182e,MAT-004,2023-08-25,54.34,KG,0,0,0,4,8,34,2023
a3a47794-c3e6-4f8d-a054-2783a93abf80,MAT-005,2023-08-25,106.82,M,0,0,0,4,8,34,2023
dcf0b0bc-7d0b-4a05-bb66-1988fd5b04f9,MAT-001,2023-08-26,35.38,KG,0,1,0,5,8,34,2023
01b98f15-c572-42de-8093-771ab4f7f271,MAT-002,2023-08-26,17.62,L,0,1,0,5,8,34,2023
bad9f733-0b5e-46bb-9668-909cae4eb7e7,MAT-003,2023-08-26,76.08,UN,0,1,0,5,8,34,2023
814dc487-e3ea-4e79-8fac-7ccd9c7fdfc5,MAT-004,2023-08-26,10.18,KG,0,1,0,5,8,34,2023
ecce6e66-59bc-4fea-ac73-ee31d92c725a,MAT-005,2023-08-26,24.42,M,0,1,0,5,8,34,2023
217f9e33-201d-4206-b705-feded6d2ed0e,MAT-001,2023-08-27,42.01,KG,0,1,0,6,8,34,2023
d7c39fe3-48e2-4e42-acff-b9dae0f1de2b,MAT-002,2023-08-27,15.68,L,0,1,0,6,8,34,2023
5a1aa99f-869e-413c-be7c-37eaf3bf9eff,MAT-003,2023-08-27,63.53,UN,0,1,0,6,8,34,2023
f20825a6-dd88-455c-942d-5ea14b8a89b5,MAT-004,2023-08-27,8.85,KG,0,1,0,6,8,34,2023
2e1fa7fe-f54a-4670-9d75-13cb3e719bde,MAT-005,2023-08-27,22.99,M,0,1,0,6,8,34,2023
528d5d55-9831-4276-91e8-6615b93ea642,MAT-001,2023-08-28,214.46,KG,0,0,0,0,8,35,2023
71184755-2436-48f3-8c75-56bf1f6acc17,MAT-002,2023-08-28,82.27,L,0,0,0,0,8,35,2023
4f52e250-e124-4e05-bc6d-1b9437db8761,MAT-003,2023-08-28,377.89,UN,0,0,0,0,8,35,2023
1c729101-5a32-45ee-8134-839417131ed5,MAT-004,2023-08-28,55.04,KG,0,0,0,0,8,35,2023
3452b597-2c34-4c53-bb7b-69e17bb907e7,MAT-005,2023-08-28,108.14,M,0,0,0,0,8,35,2023
580f6579-1644-44b6-99f6-4b0c8a640e46,MAT-001,2023-08-29,216.54,KG,0,0,0,1,8,35,2023
6da312ab-a659-4476-a6d2-00c88b469fc7,MAT-002,2023-08-29,75.07,L,0,0,0,1,8,35,2023
30fa16b1-5a4c-4f5b-853a-8ab73aab782f,MAT-003,2023-08-29,357.47,UN,0,0,0,1,8,35,2023
ecee1aaa-5c26-4552-ae3a-82e560454a31,MAT-004,2023-08-29,50.29,KG,0,0,0,1,8,35,2023
a40ab4b5-aeb5-4d30-bb02-4cd56029abff,MAT-005,2023-08-29,117.0,M,0,0,0,1,8,35,2023
86e0e35f-0516-41e0-8fef-05be05863c43,MAT-001,2023-08-30,190.89,KG,0,0,0,2,8,35,2023
ed330a43-4b89-46f3-b1c2-480e3e0c835e,MAT-002,2023-08-30,76.92,L,0,0,0,2,8,35,2023
86ba9d21-b491-443e-9fbd-9ccd2ef37a7a,MAT-003,2023-08-30,335.98,UN,0,0,0,2,8,35,2023
3033b3b2-1a59-4886-91e6-2d6125ae68d3,MAT-004,2023-08-30,46.02,KG,0,0,0,2,8,35,2023
b082f6de-1212-4a73-82ba-37e45345c093,MAT-005,2023-08-30,120.3,M,0,0,0,2,8,35,2023
5846b78c-0801-4a1d-be10-907a4dd59132,MAT-001,2023-08-31,181.47,KG,0,0,0,3,8,35,2023
2dcb12c5-39db-4d46-bd39-d4e0a924a0fc,MAT-002,2023-08-31,80.19,L,0,0,0,3,8,35,2023
d87be711-9406-46b4-97f7-9414247bd084,MAT-003,2023-08-31,384.1,UN,0,0,0,3,8,35,2023
82cede7f-6feb-48cb-bf06-dd8e7195d8ef,MAT-004,2023-08-31,48.19,KG,0,0,0,3,8,35,2023
19583612-7391-4500-ba8a-597f5d47f1a5,MAT-005,2023-08-31,126.55,M,0,0,0,3,8,35,2023
5a6b1e25-8c49-4caa-9943-2d5fc25ca04e,MAT-001,2023-09-01,301.43,KG,0,0,1,4,9,35,2023
935ca53c-43f0-4ad5-a8ce-cbd145af1866,MAT-002,2023-09-01,120.47,L,0,0,1,4,9,35,2023
625721be-fddc-40db-ab47-321d464b42e3,MAT-003,2023-09-01,458.99,UN,0,0,1,4,9,35,2023
2d564d56-2c83-4377-a309-536c7f6db835,MAT-004,2023-09-01,64.06,KG,0,0,1,4,9,35,2023
aaa06e2c-5d5d-4655-9a99-ec03dc22c933,MAT-005,2023-09-01,155.79,M,0,0,1,4,9,35,2023
cca966b6-5874-45c7-86da-72473894d7f6,MAT-001,2023-09-02,40.98,KG,0,1,0,5,9,35,2023
db1eacd0-269a-4f61-a4c8-fb66c8227f13,MAT-002,2023-09-02,17.0,L,0,1,0,5,9,35,2023
03c7a991-c824-4b83-b6db-709c8b424cd9,MAT-003,2023-09-02,72.61,UN,0,1,0,5,9,35,2023
0e9482de-3f7d-4f4a-b246-75d29c6f8629,MAT-004,2023-09-02,9.23,KG,0,1,0,5,9,35,2023
77a33535-5825-4363-8681-f2dc350db049,MAT-005,2023-09-02,25.57,M,0,1,0,5,9,35,2023
5bb765ee-2c8c-4d3f-b7bd-d13c00bac3a4,MAT-001,2023-09-03,39.94,KG,0,1,0,6,9,35,2023
60877769-6d07-4788-877c-6f43bb5bb376,MAT-002,2023-09-03,16.98,L,0,1,0,6,9,35,2023
414b8a6a-d362-44de-b7c4-b9ee9c7ab621,MAT-003,2023-09-03,74.37,UN,0,1,0,6,9,35,2023
5de35f2f-571e-4ea0-8f15-ab0a5052bd80,MAT-004,2023-09-03,9.88,KG,0,1,0,6,9,35,2023
54928aa5-0bf5-4f3b-83a7-e64a5dee7c4c,MAT-005,2023-09-03,26.44,M,0,1,0,6,9,35,2023
c35e7680-4cc4-4a28-a507-47ebc80d079a,MAT-001,2023-09-04,203.1,KG,0,0,0,0,9,36,2023
8ad7a268-88fc-41ca-98a8-663a1bd2f427,MAT-002,2023-09-04,82.6,L,0,0,0,0,9,36,2023
f176005f-b251-41c1-86da-ea99f210992a,MAT-003,2023-09-04,360.46,UN,0,0,0,0,9,36,2023
81c4d8a4-e824-4120-86cb-bb5b0cfef566,MAT-004,2023-09-04,54.37,KG,0,0,0,0,9,36,2023
3a67b784-9aea-451c-b7f0-5965de17df2a,MAT-005,2023-09-04,123.66,M,0,0,0,0,9,36,2023
95eb630d-ae98-4db1-a326-e2e433eaf6d7,MAT-001,2023-09-05,183.25,KG,0,0,0,1,9,36,2023
7ba69af1-485d-4707-a781-239821fb757f,MAT-002,2023-09-05,71.71,L,0,0,0,1,9,36,2023
2dd30ac1-2caf-44ae-bc15-dec71eceb44e,MAT-003,2023-09-05,345.15,UN,0,0,0,1,9,36,2023
0fcbf983-6c84-49e8-ae1d-3604b708f844,MAT-004,2023-09-05,47.63,KG,0,0,0,1,9,36,2023
d158d2d0-9946-440a-855b-95f1a885dca7,MAT-005,2023-09-05,113.51,M,0,0,0,1,9,36,2023
e4b4aa0e-a1d5-4fda-a0e2-ef19afa54c11,MAT-001,2023-09-06,178.7,KG,0,0,0,2,9,36,2023
183d6dbc-1e82-4a1e-aea9-78641cfa5b8b,MAT-002,2023-09-06,80.14,L,0,0,0,2,9,36,2023
c5849292-ec01-466c-b424-c523b410aba1,MAT-003,2023-09-06,334.07,UN,0,0,0,2,9,36,2023
cdd79cd7-bee7-4173-ad1c-09f3a41f0afb,MAT-004,2023-09-06,49.42,KG,0,0,0,2,9,36,2023
ec3fd260-3551-4569-ae45-d3ffcd8d4338,MAT-005,2023-09-06,107.24,M,0,0,0,2,9,36,2023
2b181b9e-b2b7-4a44-af84-d0e2cb6204e1,MAT-001,2023-09-07,215.92,KG,0,0,0,3,9,36,2023
740ca86e-4c5b-4912-ae59-0988b5b9b1cf,MAT-002,2023-09-07,71.87,L,0,0,0,3,9,36,2023
4ee855d6-595e-47fc-81c0-4e944ed3f52c,MAT-003,2023-09-07,380.6,UN,0,0,0,3,9,36,2023
e02157aa-7f84-49f5-83e8-5dd0b00d0de5,MAT-004,2023-09-07,54.26,KG,0,0,0,3,9,36,2023
ea45bf97-dcfe-40a7-9d13-85c8b3f48f0e,MAT-005,2023-09-07,123.31,M,0,0,0,3,9,36,2023
6228223b-398f-4595-971c-700cfa51d6ba,MAT-001,2023-09-08,200.34,KG,0,0,0,4,9,36,2023
cc308313-e080-48f9-b84a-ccf8dec0e463,MAT-002,2023-09-08,79.28,L,0,0,0,4,9,36,2023
c6245fe3-787f-41a4-af9d-dc54dd3bd12f,MAT-003,2023-09-08,354.56,UN,0,0,0,4,9,36,2023
9e439347-1a61-4d5f-b584-a956f5e36b1e,MAT-004,2023-09-08,53.5,KG,0,0,0,4,9,36,2023
9fbc0130-233a-4c17-9e5a-f2893a3a71c3,MAT-005,2023-09-08,131.4,M,0,0,0,4,9,36,2023
93f8db16-9a53-4297-9954-307bbc3ab586,MAT-001,2023-09-09,39.52,KG,0,1,0,5,9,36,2023
bd5c9bc1-6fd1-4b62-8991-87dcc5b92a82,MAT-002,2023-09-09,17.19,L,0,1,0,5,9,36,2023
45ccfbbc-f514-4505-b8a4-727ceb8b5f91,MAT-003,2023-09-09,72.55,UN,0,1,0,5,9,36,2023
7e9f75a3-8356-4dbf-bd0b-494b9a274b7b,MAT-004,2023-09-09,9.57,KG,0,1,0,5,9,36,2023
a735005b-5f8d-4e08-8967-c184e9e5dc69,MAT-005,2023-09-09,23.86,M,0,1,0,5,9,36,2023
ddcf3357-ccbb-4787-be20-a2cd4019e161,MAT-001,2023-09-10,36.65,KG,0,1,0,6,9,36,2023
45094e47-b0a6-4caa-a803-89bd32e99f88,MAT-002,2023-09-10,14.32,L,0,1,0,6,9,36,2023
de21794e-80b2-4897-8528-71b1d5c09c94,MAT-003,2023-09-10,63.34,UN,0,1,0,6,9,36,2023
f0b258bb-f598-4104-81a7-707b1d1a7eb5,MAT-004,2023-09-10,10.96,KG,0,1,0,6,9,36,2023
ef9bf3ce-9803-436b-b9b9-2d08eed4b85b,MAT-005,2023-09-10,23.1,M,0,1,0,6,9,36,2023
a162e0cc-a74e-4f59-b7d7-0815eaede8af,MAT-001,2023-09-11,210.29,KG,0,0,0,0,9,37,2023
82c6e6e9-7121-4597-9fa2-9e396d120654,MAT-002,2023-09-11,80.09,L,0,0,0,0,9,37,2023
ca255ab0-e1e8-4f9b-9a5f-f2ab76a2fd0d,MAT-003,2023-09-11,322.49,UN,0,0,0,0,9,37,2023
0c9e1944-5b4c-44d3-b2fa-1c4fe18a6122,MAT-004,2023-09-11,46.97,KG,0,0,0,0,9,37,2023
1260b019-eeeb-4f8e-8919-5cced71386fb,MAT-005,2023-09-11,118.21,M,0,0,0,0,9,37,2023
cc486831-98d7-4dc3-840f-40b069746b0b,MAT-001,2023-09-12,197.09,KG,0,0,0,1,9,37,2023
599ef549-b19b-4b78-997e-fd2d41ed6d96,MAT-002,2023-09-12,80.44,L,0,0,0,1,9,37,2023
a97660b0-461c-4e6c-b2c2-237703afddc6,MAT-003,2023-09-12,321.33,UN,0,0,0,1,9,37,2023
562a10a9-1ed8-43b8-98f6-762e0049bb83,MAT-004,2023-09-12,48.47,KG,0,0,0,1,9,37,2023
37a2b6a0-c7c0-4038-9277-c76162a27dd5,MAT-005,2023-09-12,113.75,M,0,0,0,1,9,37,2023
e141ce25-d9aa-4dd1-9768-db75c9714f85,MAT-001,2023-09-13,195.62,KG,0,0,0,2,9,37,2023
ea3c00be-36bc-42f6-a818-359bd0001d06,MAT-002,2023-09-13,76.9,L,0,0,0,2,9,37,2023
58484749-b27d-49c6-b843-5715d946f1d7,MAT-003,2023-09-13,358.22,UN,0,0,0,2,9,37,2023
0a6ec028-0cf1-4104-bb13-5ef9743f3da6,MAT-004,2023-09-13,53.47,KG,0,0,0,2,9,37,2023
c67932a1-1fb3-4a2f-9296-3cc8b345316b,MAT-005,2023-09-13,124.24,M,0,0,0,2,9,37,2023
72ab6aa0-0305-46ce-803d-92589cd80c03,MAT-001,2023-09-14,179.16,KG,0,0,0,3,9,37,2023
845f4160-3851-494f-8baf-7f4b8903ba03,MAT-002,2023-09-14,72.21,L,0,0,0,3,9,37,2023
715e3356-d1fd-4ff6-b83a-2f4f3be55859,MAT-003,2023-09-14,364.98,UN,0,0,0,3,9,37,2023
a2da4748-6f0c-4088-a91c-27681313f059,MAT-004,2023-09-14,47.41,KG,0,0,0,3,9,37,2023
6a3c3c3c-92a6-47d7-89d5-41dff0a44a33,MAT-005,2023-09-14,126.44,M,0,0,0,3,9,37,2023
934723d1-91eb-4b37-9fe4-b0b760744c95,MAT-001,2023-09-15,290.52,KG,0,0,1,4,9,37,2023
66fcff5f-30f9-4077-aa1f-8d8b52950976,MAT-002,2023-09-15,122.92,L,0,0,1,4,9,37,2023
be72f31c-334b-4998-9243-90ea99f215b4,MAT-003,2023-09-15,533.9,UN,0,0,1,4,9,37,2023
9db606a4-35bd-4c73-bb80-fd8ca1061fe7,MAT-004,2023-09-15,67.2,KG,0,0,1,4,9,37,2023
0c0ed333-058d-42c3-b788-cff8b0c07078,MAT-005,2023-09-15,171.34,M,0,0,1,4,9,37,2023
2a1b98b6-61b2-4946-b822-2d270a44c89f,MAT-001,2023-09-16,36.56,KG,0,1,0,5,9,37,2023
1b804499-a388-4b8e-a3c9-079932cbe5f7,MAT-002,2023-09-16,15.42,L,0,1,0,5,9,37,2023
d301d70b-1112-4300-bfd8-b5b2b150fea9,MAT-003,2023-09-16,77.86,UN,0,1,0,5,9,37,2023
11e31e5e-5fee-417f-a081-789331deb101,MAT-004,2023-09-16,10.48,KG,0,1,0,5,9,37,2023
3eabd257-9951-402f-ac07-2f3cb5458eae,MAT-005,2023-09-16,23.38,M,0,1,0,5,9,37,2023
2625bd11-6b60-40be-b671-d170f932391d,MAT-001,2023-09-17,40.91,KG,0,1,0,6,9,37,2023
1395ac6e-d543-4dba-8fda-4353153e5d92,MAT-002,2023-09-17,17.68,L,0,1,0,6,9,37,2023
4ebef478-d6bc-4c4e-909f-e8ac0244362e,MAT-003,2023-09-17,66.8,UN,0,1,0,6,9,37,2023
b977bbb9-b19c-4677-a056-0ef50b7858cd,MAT-004,2023-09-17,9.7,KG,0,1,0,6,9,37,2023
f056dae4-1c27-4221-839e-3470a02aafdb,MAT-005,2023-09-17,25.68,M,0,1,0,6,9,37,2023
033661ca-6e10-4b86-9711-8aa1022341d8,MAT-001,2023-09-18,215.03,KG,0,0,0,0,9,38,2023
6fab0af2-01b2-4ff2-9e8c-e694498b6e50,MAT-002,2023-09-18,83.27,L,0,0,0,0,9,38,2023
bad8bf1a-e890-4224-988c-1ac2ac53de59,MAT-003,2023-09-18,377.63,UN,0,0,0,0,9,38,2023
a470e4c2-6c95-4f9a-b2a2-39d01aca2969,MAT-004,2023-09-18,52.87,KG,0,0,0,0,9,38,2023
c367871c-6bf9-40da-9d17-c537b7f05b75,MAT-005,2023-09-18,125.34,M,0,0,0,0,9,38,2023
607796e0-2229-43b6-b1fa-7b9c642a9aca,MAT-001,2023-09-19,201.27,KG,0,0,0,1,9,38,2023
dce35f1f-6a13-446f-b37c-064daf5ddc96,MAT-002,2023-09-19,82.8,L,0,0,0,1,9,38,2023
a987310f-e4e3-4efd-8e66-54ae022792ec,MAT-003,2023-09-19,343.57,UN,0,0,0,1,9,38,2023
f0013ab3-f8c3-400b-9810-0f4c2c643f54,MAT-004,2023-09-19,48.34,KG,0,0,0,1,9,38,2023
1d7c2cd5-a7ec-441b-87de-de24c7cff355,MAT-005,2023-09-19,116.04,M,0,0,0,1,9,38,2023
624cf8d7-3db6-4dbf-bcbd-9deb254859d4,MAT-001,2023-09-20,184.65,KG,0,0,0,2,9,38,2023
5ab4a7fa-38d0-4720-ad1e-a49dd196da6a,MAT-002,2023-09-20,74.51,L,0,0,0,2,9,38,2023
de63dcd4-a481-44c8-992e-03eee43de72b,MAT-003,2023-09-20,387.6,UN,0,0,0,2,9,38,2023
9556846f-7117-4c72-b765-9e5074630c41,MAT-004,2023-09-20,49.84,KG,0,0,0,2,9,38,2023
4ef406d5-5857-4e08-865c-139f28983c7c,MAT-005,2023-09-20,112.12,M,0,0,0,2,9,38,2023
d70f0bdb-dfd2-4a05-a618-3e50e8d4e393,MAT-001,2023-09-21,182.6,KG,0,0,0,3,9,38,2023
66bc161a-a530-4541-a4aa-d9794fc2e6e9,MAT-002,2023-09-21,71.88,L,0,0,0,3,9,38,2023
45208fa3-6562-4f0f-bd43-45f98d2aaf91,MAT-003,2023-09-21,378.93,UN,0,0,0,3,9,38,2023
e464bbd1-0341-41b3-86e1-28c5b25446f3,MAT-004,2023-09-21,45.21,KG,0,0,0,3,9,38,2023
4094aaf9-e66f-4819-940c-7e2976b2009e,MAT-005,2023-09-21,127.8,M,0,0,0,3,9,38,2023
ff8e8a55-f972-411b-ad69-db5ae6cd3830,MAT-001,2023-09-22,216.09,KG,0,0,0,4,9,38,2023
671f3f88-f59d-42ce-8a7e-ef2215dea6bd,MAT-002,2023-09-22,87.37,L,0,0,0,4,9,38,2023
f791babe-94bd-4c70-b605-d04636a141c1,MAT-003,2023-09-22,311.17,UN,0,0,0,4,9,38,2023
07d7cbf7-9422-48f5-ab63-949ee63fe6e4,MAT-004,2023-09-22,48.04,KG,0,0,0,4,9,38,2023
5e4fe6ba-f5b2-4301-a8a0-77f4c75f0511,MAT-005,2023-09-22,127.67,M,0,0,0,4,9,38,2023
85948056-3b93-4b05-9691-9386c1d66029,MAT-001,2023-09-23,36.46,KG,0,1,0,5,9,38,2023
c088035a-7068-4386-9c82-931753c0a33b,MAT-002,2023-09-23,15.53,L,0,1,0,5,9,38,2023
72529674-b193-476b-876f-225078c3ef5c,MAT-003,2023-09-23,64.33,UN,0,1,0,5,9,38,2023
e31fbf96-30be-4f2b-9f09-dd8fe32481fb,MAT-004,2023-09-23,10.8,KG,0,1,0,5,9,38,2023
ba666429-bb74-47f9-ba6e-665e67d0c980,MAT-005,2023-09-23,25.56,M,0,1,0,5,9,38,2023
2b19a9c8-800d-474b-8f00-af8f1a29c9c4,MAT-001,2023-09-24,42.97,KG,0,1,0,6,9,38,2023
fdc0194f-3115-4438-9458-1aaf15e1156c,MAT-002,2023-09-24,14.72,L,0,1,0,6,9,38,2023
e8d314a2-1d00-4175-8a7a-afd847ab50d1,MAT-003,2023-09-24,68.95,UN,0,1,0,6,9,38,2023
6704a89e-6a7d-46e4-8aec-fe206fc97a57,MAT-004,2023-09-24,9.79,KG,0,1,0,6,9,38,2023
494e30f1-b073-46af-9889-e2ce72982d29,MAT-005,2023-09-24,25.02,M,0,1,0,6,9,38,2023
664679a5-6ef3-43da-a025-d28e61bc42fc,MAT-001,2023-09-25,187.4,KG,0,0,0,0,9,39,2023
157ed02d-03f3-464c-b14e-87e60192414c,MAT-002,2023-09-25,78.93,L,0,0,0,0,9,39,2023
22f860e2-4105-46be-a229-c13445886de8,MAT-003,2023-09-25,331.93,UN,0,0,0,0,9,39,2023
08d05cc9-7b4d-4b38-a170-77465321537f,MAT-004,2023-09-25,52.98,KG,0,0,0,0,9,39,2023
8a768740-ec0c-4d25-81bb-85a61494c4b4,MAT-005,2023-09-25,118.53,M,0,0,0,0,9,39,2023
4b3c1edf-d28b-401d-a3a5-c5d380f63ad9,MAT-001,2023-09-26,201.63,KG,0,0,0,1,9,39,2023
de463a1f-37ad-468b-88af-9a2ef44a4bb9,MAT-002,2023-09-26,76.34,L,0,0,0,1,9,39,2023
53d8bc10-3ff8-4490-83d3-48d29e6fe851,MAT-003,2023-09-26,375.92,UN,0,0,0,1,9,39,2023
a3f5f768-fb76-41f0-9ac4-ccfb66f36b68,MAT-004,2023-09-26,49.63,KG,0,0,0,1,9,39,2023
cb8ee329-b6d0-482f-be92-73952638730a,MAT-005,2023-09-26,129.65,M,0,0,0,1,9,39,2023
4e1a3ec8-bc1a-4e62-ac34-7068a6f95f6d,MAT-001,2023-09-27,193.66,KG,0,0,0,2,9,39,2023
ff2b2b70-bf7c-42a5-9fb3-cb3e2af89ff2,MAT-002,2023-09-27,88.58,L,0,0,0,2,9,39,2023
873ee6e3-1dce-4262-923c-291676433be4,MAT-003,2023-09-27,390.69,UN,0,0,0,2,9,39,2023
60c3f3ff-c303-409c-a6b3-4263e3c5973c,MAT-004,2023-09-27,49.54,KG,0,0,0,2,9,39,2023
0a61342a-b102-41dc-8934-b2f1cfdb0b0c,MAT-005,2023-09-27,113.72,M,0,0,0,2,9,39,2023
70c99903-813a-4fdf-8a93-6e83c6fd1aaa,MAT-001,2023-09-28,194.33,KG,0,0,0,3,9,39,2023
72de3afa-569c-4498-864b-a12f522345af,MAT-002,2023-09-28,80.53,L,0,0,0,3,9,39,2023
aa79b274-17a9-4b80-b870-0430ec71853f,MAT-003,2023-09-28,389.17,UN,0,0,0,3,9,39,2023
f4ed7798-6910-4af2-9945-e92b3de9b2d9,MAT-004,2023-09-28,53.8,KG,0,0,0,3,9,39,2023
e01980d9-bb71-4511-b4fd-fc11c54dc8de,MAT-005,2023-09-28,128.68,M,0,0,0,3,9,39,2023
93544f29-0bc6-4369-93b3-5b702f3c17e3,MAT-001,2023-09-29,182.64,KG,0,0,0,4,9,39,2023
ba8ab480-92e5-40c0-8dac-c671b37513c3,MAT-002,2023-09-29,75.2,L,0,0,0,4,9,39,2023
852832f2-cac9-4ead-a0b0-cede18297746,MAT-003,2023-09-29,361.86,UN,0,0,0,4,9,39,2023
491d2ddb-b6b3-4ffd-97ef-a6a2b3198714,MAT-004,2023-09-29,54.49,KG,0,0,0,4,9,39,2023
df568e99-ed50-4714-ad58-cf223fceb3cb,MAT-005,2023-09-29,121.57,M,0,0,0,4,9,39,2023
269ba79c-cc5a-497a-8758-604c3fed45c1,MAT-001,2023-09-30,36.18,KG,0,1,0,5,9,39,2023
49f0a7d2-a9ea-4c63-a610-726701af499e,MAT-002,2023-09-30,17.33,L,0,1,0,5,9,39,2023
3f81f8dc-8a81-4044-a700-8a3e8ed17288,MAT-003,2023-09-30,75.9,UN,0,1,0,5,9,39,2023
a0070a5c-5002-4136-a34c-8534f41eee82,MAT-004,2023-09-30,9.48,KG,0,1,0,5,9,39,2023
c675ec89-4303-4831-b0a6-4117c36cf4ee,MAT-005,2023-09-30,25.52,M,0,1,0,5,9,39,2023
426a2557-8619-4942-a903-eac46a4b800b,MAT-001,2023-10-01,68.83,KG,0,1,1,6,10,39,2023
d608bcd7-044a-434d-bad9-441988ea88d4,MAT-002,2023-10-01,24.58,L,0,1,1,6,10,39,2023
36ddf762-f1be-44dc-ab24-adcdb84263a9,MAT-003,2023-10-01,116.62,UN,0,1,1,6,10,39,2023
28fcbf09-59f8-4e62-ac04-b664eb917fc9,MAT-004,2023-10-01,13.79,KG,0,1,1,6,10,39,2023
71572501-1c69-4cb3-84c4-ed67255bc2ea,MAT-005,2023-10-01,48.36,M,0,1,1,6,10,39,2023
1e1d95cb-60ec-4fbe-b087-b531975304d7,MAT-001,2023-10-02,242.66,KG,0,0,0,0,10,40,2023
f14d08b6-6227-42cf-9f56-c17a7cc7a945,MAT-002,2023-10-02,79.06,L,0,0,0,0,10,40,2023
e39456ac-c028-4ed4-a816-46bbc1ca743f,MAT-003,2023-10-02,438.57,UN,0,0,0,0,10,40,2023
1195d481-7daa-4ee2-857d-10dfdf3e4acf,MAT-004,2023-10-02,44.32,KG,0,0,0,0,10,40,2023
97cfa0c0-bd1b-4cd4-8631-75db388db079,MAT-005,2023-10-02,139.27,M,0,0,0,0,10,40,2023
cede43b5-e945-4822-b576-cd50b7f17245,MAT-001,2023-10-03,260.13,KG,0,0,0,1,10,40,2023
e1bf96fe-d294-4f09-a42e-90aad6584d9e,MAT-002,2023-10-03,74.93,L,0,0,0,1,10,40,2023
9cd8a328-854a-4ae1-887a-c2c4e6ad51bd,MAT-003,2023-10-03,509.0,UN,0,0,0,1,10,40,2023
2d5a2f8a-6968-4b5e-bbeb-b579b8f99460,MAT-004,2023-10-03,48.5,KG,0,0,0,1,10,40,2023
b65c9dcb-d3ed-4031-aff1-4d0f92235b1b,MAT-005,2023-10-03,138.34,M,0,0,0,1,10,40,2023
02e0bc22-e616-48ff-ae97-d498fc61b829,MAT-001,2023-10-04,286.88,KG,0,0,0,2,10,40,2023
933e54ea-8b19-4454-86b8-a5a459a261bc,MAT-002,2023-10-04,86.51,L,0,0,0,2,10,40,2023
b1ba6d11-be6f-4478-93e4-a92b697ca63e,MAT-003,2023-10-04,471.38,UN,0,0,0,2,10,40,2023
e0591df2-c9eb-460d-8997-24cbf6db54ed,MAT-004,2023-10-04,53.5,KG,0,0,0,2,10,40,2023
8c65af2a-f6c0-401e-a648-95bdf897036b,MAT-005,2023-10-04,142.43,M,0,0,0,2,10,40,2023
d68fb7c4-3aca-4201-95b8-c67f13e73a79,MAT-001,2023-10-05,246.7,KG,0,0,0,3,10,40,2023
d6fa9461-ddfa-4dab-93a7-d57c19500f57,MAT-002,2023-10-05,86.33,L,0,0,0,3,10,40,2023
f897fb98-4afd-4c78-822a-a86717d16af8,MAT-003,2023-10-05,476.41,UN,0,0,0,3,10,40,2023
207eba9a-e68a-4ed9-9641-6a4a24f88370,MAT-004,2023-10-05,45.67,KG,0,0,0,3,10,40,2023
92f8b6e0-9dc0-4473-9280-abe4d410629f,MAT-005,2023-10-05,163.7,M,0,0,0,3,10,40,2023
e8acd7be-0412-4e24-8c6b-32d8ead9074a,MAT-001,2023-10-06,256.79,KG,0,0,0,4,10,40,2023
c56b3e6d-930a-44a7-abfe-a2961a0bd103,MAT-002,2023-10-06,70.5,L,0,0,0,4,10,40,2023
4132b3b7-f610-49b0-95ce-6bf8c6f26dfa,MAT-003,2023-10-06,409.05,UN,0,0,0,4,10,40,2023
0136f4b9-a84a-4c97-8d1d-cd414d4264b8,MAT-004,2023-10-06,47.07,KG,0,0,0,4,10,40,2023
3a70b60b-e2ca-4553-8b86-596652d7f9bc,MAT-005,2023-10-06,168.54,M,0,0,0,4,10,40,2023
690d336c-72d2-4c4e-92f3-40f9b2ed8708,MAT-001,2023-10-07,52.61,KG,0,1,0,5,10,40,2023
c47030ab-f7be-4ee0-b968-f2d2d7a8f884,MAT-002,2023-10-07,16.87,L,0,1,0,5,10,40,2023
d1492d71-ffae-4fe5-828a-0e3e477658ff,MAT-003,2023-10-07,91.61,UN,0,1,0,5,10,40,2023
fc1dca34-50c8-4398-9fbf-1c2cc751ae15,MAT-004,2023-10-07,9.07,KG,0,1,0,5,10,40,2023
f88b4c6b-b09d-4d20-aef9-579222c6b5e5,MAT-005,2023-10-07,29.61,M,0,1,0,5,10,40,2023
75bcb4cc-a8fa-4c0d-b520-cdc6b9d13caa,MAT-001,2023-10-08,49.52,KG,0,1,0,6,10,40,2023
5901aba3-4edd-4ee7-bc92-b92208bd3b31,MAT-002,2023-10-08,14.26,L,0,1,0,6,10,40,2023
19e849cb-8d1b-424d-8a83-005d7bd25876,MAT-003,2023-10-08,89.25,UN,0,1,0,6,10,40,2023
499bcc9e-3d60-4244-ab78-d5c97c14e727,MAT-004,2023-10-08,10.71,KG,0,1,0,6,10,40,2023
931f6897-8502-4d17-a1ee-6436ef0f98ea,MAT-005,2023-10-08,30.88,M,0,1,0,6,10,40,2023
cefa866c-a22b-4d3b-bb94-9eef47124be1,MAT-001,2023-10-09,235.72,KG,0,0,0,0,10,41,2023
2b08fce2-0619-4384-8e3b-adc79febf2ef,MAT-002,2023-10-09,87.78,L,0,0,0,0,10,41,2023
036eb290-d1aa-451e-a62b-87ff4fb73ebf,MAT-003,2023-10-09,465.56,UN,0,0,0,0,10,41,2023
62b50e15-4975-4804-a954-9cc4132400a7,MAT-004,2023-10-09,44.2,KG,0,0,0,0,10,41,2023
9c07c738-6675-462f-bef3-36cd1ac33fa2,MAT-005,2023-10-09,156.58,M,0,0,0,0,10,41,2023
a771edac-8a8c-40a1-a78c-cc8958619fdb,MAT-001,2023-10-10,243.9,KG,0,0,0,1,10,41,2023
181e20c6-2534-4d60-901e-abef578fe693,MAT-002,2023-10-10,73.16,L,0,0,0,1,10,41,2023
364016b0-d726-40c6-bd6b-c262c3d87792,MAT-003,2023-10-10,447.27,UN,0,0,0,1,10,41,2023
59864b4e-e0d1-4621-806a-54df41971113,MAT-004,2023-10-10,51.38,KG,0,0,0,1,10,41,2023
8b995b29-6b41-4b08-8fa7-5bf791a1bdb1,MAT-005,2023-10-10,146.29,M,0,0,0,1,10,41,2023
d5d861b2-5af2-42ef-8f7d-ab5649dbb070,MAT-001,2023-10-11,254.79,KG,0,0,0,2,10,41,2023
3afe5dbe-f9bd-4afc-a74e-fa282456f88f,MAT-002,2023-10-11,83.16,L,0,0,0,2,10,41,2023
e3ae945d-a903-4bfa-8da8-a6720b75c28c,MAT-003,2023-10-11,409.75,UN,0,0,0,2,10,41,2023
bcb3a687-539d-412a-a8a3-60b1ea724867,MAT-004,2023-10-11,55.7,KG,0,0,0,2,10,41,2023
afe827cf-48dc-4df4-bfd8-ad8364d90bd5,MAT-005,2023-10-11,139.81,M,0,0,0,2,10,41,2023
7db18f90-dd7e-4849-808c-034cd53f0f9a,MAT-001,2023-10-12,261.63,KG,0,0,0,3,10,41,2023
e654cffc-21f6-4c69-a525-fb0c46eac96d,MAT-002,2023-10-12,80.14,L,0,0,0,3,10,41,2023
017edc25-00bd-4c4a-8b1d-e1b71a4698a2,MAT-003,2023-10-12,508.33,UN,0,0,0,3,10,41,2023
1afcbdc9-9021-45be-83d2-f6a28e4c4b18,MAT-004,2023-10-12,50.65,KG,0,0,0,3,10,41,2023
92c34a1d-a972-469b-9c98-cc9e626bc502,MAT-005,2023-10-12,151.9,M,0,0,0,3,10,41,2023
96616e9b-7369-49a3-9fe5-0de673776b42,MAT-001,2023-10-13,258.14,KG,0,0,0,4,10,41,2023
acfda2d1-2700-4f6c-b215-38357692c8c8,MAT-002,2023-10-13,82.6,L,0,0,0,4,10,41,2023
1882d008-3c9b-4473-8ae0-77571f5e8ea0,MAT-003,2023-10-13,507.53,UN,0,0,0,4,10,41,2023
3f453135-baf6-4dba-8a77-61d9a1f098d6,MAT-004,2023-10-13,47.04,KG,0,0,0,4,10,41,2023
1fa3e00e-b0f2-431e-b1c3-2c95df9a1e17,MAT-005,2023-10-13,137.89,M,0,0,0,4,10,41,2023
4c510fda-5b4a-4345-baf0-00aa4f12b166,MAT-001,2023-10-14,55.6,KG,0,1,0,5,10,41,2023
d99d9433-9913-4ca1-82ca-3125578ff3a5,MAT-002,2023-10-14,15.4,L,0,1,0,5,10,41,2023
298db66f-1cd4-4e59-9cf9-a2b51151b110,MAT-003,2023-10-14,96.09,UN,0,1,0,5,10,41,2023
6fd8e98c-6d3d-49fb-85d0-0cf6de4efced,MAT-004,2023-10-14,10.31,KG,0,1,0,5,10,41,2023
a52b5c74-7f01-4c78-9b37-acb03c58dafb,MAT-005,2023-10-14,33.23,M,0,1,0,5,10,41,2023
3c9c4050-650f-43c2-8420-4861b91eb3ff,MAT-001,2023-10-15,76.91,KG,0,1,1,6,10,41,2023
2e1ec4bc-6bc2-47fa-b6bb-728dc7ecdf41,MAT-002,2023-10-15,21.5,L,0,1,1,6,10,41,2023
1e12e15a-8143-4faf-8d09-fff048b1e8c2,MAT-003,2023-10-15,113.47,UN,0,1,1,6,10,41,2023
0a87196b-d6e7-4c69-ad74-9f7ffb2987a1,MAT-004,2023-10-15,14.15,KG,0,1,1,6,10,41,2023
96850a3e-5e1d-4263-b4b8-155b4b021908,MAT-005,2023-10-15,46.97,M,0,1,1,6,10,41,2023
6de7384a-b84c-4f7a-9860-abe8b4dfdeab,MAT-001,2023-10-16,239.73,KG,0,0,0,0,10,42,2023
21c2980c-af09-47d6-b7f6-a2be75ad633a,MAT-002,2023-10-16,85.36,L,0,0,0,0,10,42,2023
979884c1-61ab-4399-aad1-09ad81294781,MAT-003,2023-10-16,451.14,UN,0,0,0,0,10,42,2023
df2db9bd-1f2e-429f-9fec-17941e5765c9,MAT-004,2023-10-16,52.34,KG,0,0,0,0,10,42,2023
bfacc5a1-5190-4576-a080-69bd25830c75,MAT-005,2023-10-16,160.93,M,0,0,0,0,10,42,2023
612740ef-8a3f-479a-913e-44d537cbb63b,MAT-001,2023-10-17,279.44,KG,0,0,0,1,10,42,2023
d3a53a9f-844a-4f7b-aae7-e71240554461,MAT-002,2023-10-17,71.61,L,0,0,0,1,10,42,2023
447d06b9-2f17-42d1-ac87-5e671ede6d89,MAT-003,2023-10-17,485.16,UN,0,0,0,1,10,42,2023
42d62794-d0c8-427e-a665-8d1ccc3abb6b,MAT-004,2023-10-17,49.49,KG,0,0,0,1,10,42,2023
21b765a3-3067-402c-8cfc-d03f35cd7e55,MAT-005,2023-10-17,148.27,M,0,0,0,1,10,42,2023
56f8abbd-48f4-49f1-b8f1-491ec47285be,MAT-001,2023-10-18,231.53,KG,0,0,0,2,10,42,2023
295c6664-96fc-4d29-a436-453eee7e9d8f,MAT-002,2023-10-18,74.23,L,0,0,0,2,10,42,2023
47f3871d-5021-4811-9ae1-9b31b3ad39c2,MAT-003,2023-10-18,404.98,UN,0,0,0,2,10,42,2023
050c659d-3469-4e60-9425-c31211bd2089,MAT-004,2023-10-18,55.2,KG,0,0,0,2,10,42,2023
e3527d7f-26ae-4b1d-b74e-7a5dbfac59f2,MAT-005,2023-10-18,156.58,M,0,0,0,2,10,42,2023
51f702ad-b973-48f7-90aa-e49e1dc3905e,MAT-001,2023-10-19,290.52,KG,0,0,0,3,10,42,2023
3d58d9fb-5a14-4bad-bdbc-78581544236c,MAT-002,2023-10-19,80.83,L,0,0,0,3,10,42,2023
93e3fad0-f8d4-46ff-b786-b4004fd36e05,MAT-003,2023-10-19,428.06,UN,0,0,0,3,10,42,2023
c771e2eb-4469-4d62-8f28-038341fa9398,MAT-004,2023-10-19,53.04,KG,0,0,0,3,10,42,2023
9add97e9-2768-48e0-ad12-bd961c045188,MAT-005,2023-10-19,144.43,M,0,0,0,3,10,42,2023
d5db8769-d6d5-4cdd-8089-fec87b43526d,MAT-001,2023-10-20,251.08,KG,0,0,0,4,10,42,2023
2591f2ad-ff6d-4ec4-985a-41633844f646,MAT-002,2023-10-20,85.39,L,0,0,0,4,10,42,2023
b8d11731-51c0-4f37-a102-f818bb4d90b5,MAT-003,2023-10-20,494.95,UN,0,0,0,4,10,42,2023
8629d2e9-fab3-4fcc-8adc-bd1a66bc451c,MAT-004,2023-10-20,47.98,KG,0,0,0,4,10,42,2023
a2f59c08-a102-4d14-b2bc-bde61041e2a2,MAT-005,2023-10-20,141.94,M,0,0,0,4,10,42,2023
a6aa6a80-a004-425f-883d-ab71869e3446,MAT-001,2023-10-21,50.35,KG,0,1,0,5,10,42,2023
d18730ad-3afe-4d1c-b184-24cbe171eaa8,MAT-002,2023-10-21,17.5,L,0,1,0,5,10,42,2023
f627b94f-db1b-4f04-bf4e-0c71e1865b46,MAT-003,2023-10-21,96.31,UN,0,1,0,5,10,42,2023
d3ff77a2-a243-4304-864f-2fd4fe1d4f96,MAT-004,2023-10-21,10.95,KG,0,1,0,5,10,42,2023
ab38f99a-2d85-4afd-af40-49244ff00d88,MAT-005,2023-10-21,30.35,M,0,1,0,5,10,42,2023
3678a58e-be74-45ad-9939-6917b85c9e59,MAT-001,2023-10-22,57.91,KG,0,1,0,6,10,42,2023
2e5b73c7-05b1-4141-be38-30f3507c3ee7,MAT-002,2023-10-22,15.99,L,0,1,0,6,10,42,2023
77ffc8e6-773b-41d3-852c-f1f2f0688a5b,MAT-003,2023-10-22,90.95,UN,0,1,0,6,10,42,2023
dde36887-d22f-4fad-bd9e-cad33ab4997a,MAT-004,2023-10-22,11.02,KG,0,1,0,6,10,42,2023
994a5788-e1d8-4404-9522-fbf86a250056,MAT-005,2023-10-22,31.34,M,0,1,0,6,10,42,2023
35400a07-d099-458c-9547-941cc0d0ce49,MAT-001,2023-10-23,278.79,KG,0,0,0,0,10,43,2023
010f154c-ba55-4593-a8e6-3d61794a139e,MAT-002,2023-10-23,84.36,L,0,0,0,0,10,43,2023
528118e4-89e5-47fd-aaa1-6f1c5eb04f2e,MAT-003,2023-10-23,409.02,UN,0,0,0,0,10,43,2023
d060c3c4-a45c-47dc-b0b0-ebf78b084796,MAT-004,2023-10-23,51.23,KG,0,0,0,0,10,43,2023
b85dbc35-de80-4758-b92f-ef207ea9328d,MAT-005,2023-10-23,168.07,M,0,0,0,0,10,43,2023
7284274b-5625-4d0f-bb11-78755dbb9540,MAT-001,2023-10-24,262.84,KG,0,0,0,1,10,43,2023
8a7ba520-e3ab-4027-ae42-a3c348523112,MAT-002,2023-10-24,76.57,L,0,0,0,1,10,43,2023
259731c8-2539-45ab-b1ea-ba60b67bad2b,MAT-003,2023-10-24,409.14,UN,0,0,0,1,10,43,2023
d2e43301-7c33-4fe0-9763-c2063dce928a,MAT-004,2023-10-24,51.93,KG,0,0,0,1,10,43,2023
c1bcaa5e-717d-41a5-b45c-62fb13eb0673,MAT-005,2023-10-24,148.76,M,0,0,0,1,10,43,2023
17172b5d-46fd-40ec-87b7-0cb23055d042,MAT-001,2023-10-25,266.4,KG,0,0,0,2,10,43,2023
2607a148-0147-438c-ae1a-7dab6dbc45b9,MAT-002,2023-10-25,78.58,L,0,0,0,2,10,43,2023
8fd5638b-a8d2-46a4-af92-9d702279d832,MAT-003,2023-10-25,475.72,UN,0,0,0,2,10,43,2023
dce7008d-ba29-4bb7-8471-b602955e88a4,MAT-004,2023-10-25,48.22,KG,0,0,0,2,10,43,2023
4288e64b-15d6-43e1-92dd-fe2f237fdfe0,MAT-005,2023-10-25,138.87,M,0,0,0,2,10,43,2023
e114e81d-af60-4693-bc92-e0a10e3da1cb,MAT-001,2023-10-26,283.09,KG,0,0,0,3,10,43,2023
6034b73c-1cfe-43cf-980a-5a6fcf0ddd10,MAT-002,2023-10-26,77.17,L,0,0,0,3,10,43,2023
4445377f-4750-49c9-b0f9-90d41f3459a8,MAT-003,2023-10-26,509.4,UN,0,0,0,3,10,43,2023
1d4eb05a-2c00-43e0-866f-f0cd209f453a,MAT-004,2023-10-26,47.29,KG,0,0,0,3,10,43,2023
9cc2f056-c4ce-4246-a315-55760c5a640e,MAT-005,2023-10-26,173.97,M,0,0,0,3,10,43,2023
323c1bf3-b880-4dc2-8ea0-eb40ca72a4a9,MAT-001,2023-10-27,287.95,KG,0,0,0,4,10,43,2023
a280a010-12f3-4145-8b04-a2707a45ddf9,MAT-002,2023-10-27,71.84,L,0,0,0,4,10,43,2023
6d02d16f-9f49-4289-a160-b715f6cd7f75,MAT-003,2023-10-27,470.02,UN,0,0,0,4,10,43,2023
6c252b24-ec34-4152-972d-c47254a9e081,MAT-004,2023-10-27,48.36,KG,0,0,0,4,10,43,2023
22b3707e-1d77-4bc2-a6fd-7020e9dd723f,MAT-005,2023-10-27,167.27,M,0,0,0,4,10,43,2023
b4cecc5b-6db9-42cb-9ab4-1d12175a19db,MAT-001,2023-10-28,54.24,KG,0,1,0,5,10,43,2023
fe5e9c5d-be7c-4454-90a4-1636e4eeae95,MAT-002,2023-10-28,17.74,L,0,1,0,5,10,43,2023
df44a56e-1bc6-429a-b031-63e7f02bec55,MAT-003,2023-10-28,83.2,UN,0,1,0,5,10,43,2023
15a622c9-be50-4193-a683-5d361f30370e,MAT-004,2023-10-28,10.26,KG,0,1,0,5,10,43,2023
d746ceaf-f0d2-493d-87be-1bfe3be84e8b,MAT-005,2023-10-28,33.31,M,0,1,0,5,10,43,2023
68eeb1c7-f4ad-40a9-bf56-9adbcfbf14c6,MAT-001,2023-10-29,46.19,KG,0,1,0,6,10,43,2023
6952e308-9a53-4e9a-9133-df636c5dfba8,MAT-002,2023-10-29,14.34,L,0,1,0,6,10,43,2023
8d05ab61-6c72-4357-b63e-0547af5a1077,MAT-003,2023-10-29,97.08,UN,0,1,0,6,10,43,2023
8b1c2195-2c3d-404c-a5c0-90b50755644e,MAT-004,2023-10-29,9.68,KG,0,1,0,6,10,43,2023
4d8b4d4b-fa8c-4ed4-b326-2cbe44ee889c,MAT-005,2023-10-29,30.32,M,0,1,0,6,10,43,2023
42224f22-bbb8-4a42-b686-4a1861cddc39,MAT-001,2023-10-30,264.2,KG,0,0,0,0,10,44,2023
6cc718f5-26a3-4109-9239-3f193ebfcfde,MAT-002,2023-10-30,82.02,L,0,0,0,0,10,44,2023
47cbe7a5-0ea3-41b4-a5c9-cd008073536c,MAT-003,2023-10-30,474.55,UN,0,0,0,0,10,44,2023
bffbab3c-5aa7-4c01-95a4-b123e94a38f9,MAT-004,2023-10-30,55.39,KG,0,0,0,0,10,44,2023
386b7bdf-2190-4a0e-8d73-d03eb0da49f3,MAT-005,2023-10-30,151.21,M,0,0,0,0,10,44,2023
a1805938-a3e4-4bb6-b55a-12c1c10281c9,MAT-001,2023-10-31,276.42,KG,0,0,0,1,10,44,2023
85151b56-7c82-436a-ad32-da8edc6f6e46,MAT-002,2023-10-31,81.42,L,0,0,0,1,10,44,2023
4e4d9917-d998-4c1d-89ab-20493688e206,MAT-003,2023-10-31,458.22,UN,0,0,0,1,10,44,2023
b6151fd5-3f0b-4e1b-a800-ab65c77e46c0,MAT-004,2023-10-31,48.78,KG,0,0,0,1,10,44,2023
11fd2d42-5ea9-45e7-8f11-96ab7a59d474,MAT-005,2023-10-31,161.6,M,0,0,0,1,10,44,2023
b7fb10f2-586e-4236-b9d5-d118878483f1,MAT-001,2023-11-01,342.13,KG,0,0,1,2,11,44,2023
992556b8-3c8d-4eec-8b02-c3744e14828e,MAT-002,2023-11-01,101.61,L,0,0,1,2,11,44,2023
518ffc07-f6c6-475b-b2e5-14387ec1f7f5,MAT-003,2023-11-01,673.03,UN,0,0,1,2,11,44,2023
8a028436-73b6-4382-bcae-51b887dfca7c,MAT-004,2023-11-01,69.98,KG,0,0,1,2,11,44,2023
c3e9b7e5-8dd3-498e-8b2c-02aa7c6d6f27,MAT-005,2023-11-01,212.48,M,0,0,1,2,11,44,2023
581e6415-395e-4dbb-9400-b499df37bfa3,MAT-001,2023-11-02,263.85,KG,0,0,0,3,11,44,2023
dd4604e3-c88c-492b-8ee2-ac11749f566f,MAT-002,2023-11-02,75.43,L,0,0,0,3,11,44,2023
08566f53-7f70-4e80-adf1-17b28f0405d1,MAT-003,2023-11-02,428.82,UN,0,0,0,3,11,44,2023
aa99e537-e6de-4e79-aa70-c45626f724e0,MAT-004,2023-11-02,49.36,KG,0,0,0,3,11,44,2023
a59761bf-2701-4223-9c55-ccc0524a9318,MAT-005,2023-11-02,174.58,M,0,0,0,3,11,44,2023
f9a01a24-9982-47cd-a2e4-5d695c7704b0,MAT-001,2023-11-03,246.62,KG,0,0,0,4,11,44,2023
d9c737e9-2717-4fa1-94bb-309e6c8b8e86,MAT-002,2023-11-03,88.0,L,0,0,0,4,11,44,2023
5f59650d-dc40-4ec2-b195-7e7d7207e60c,MAT-003,2023-11-03,454.04,UN,0,0,0,4,11,44,2023
3cb06110-c97e-4516-9033-3ba48c7a0210,MAT-004,2023-11-03,45.47,KG,0,0,0,4,11,44,2023
a3e97a9c-042b-4dbd-8670-09effea9a8d7,MAT-005,2023-11-03,169.21,M,0,0,0,4,11,44,2023
1381d729-79bb-4396-8eac-d1cc20fb2c36,MAT-001,2023-11-04,51.4,KG,0,1,0,5,11,44,2023
63fc0e55-ee7e-40eb-ab1c-3358fa6f9b3b,MAT-002,2023-11-04,17.53,L,0,1,0,5,11,44,2023
3c660672-c1da-4685-a276-0a9643e3e34e,MAT-003,2023-11-04,89.8,UN,0,1,0,5,11,44,2023
f823675c-1854-4be7-b0ba-512f3f0de69c,MAT-004,2023-11-04,9.01,KG,0,1,0,5,11,44,2023
c92108da-e994-4e5e-a4be-169486511a54,MAT-005,2023-11-04,32.56,M,0,1,0,5,11,44,2023
dbc1a5c8-d758-413d-8a93-4a3b37084f4d,MAT-001,2023-11-05,56.31,KG,0,1,0,6,11,44,2023
17bae8ec-a142-4358-9131-e84be18a1422,MAT-002,2023-11-05,15.31,L,0,1,0,6,11,44,2023
5c09e135-d84a-4937-a9dc-c84a35c32496,MAT-003,2023-11-05,87.67,UN,0,1,0,6,11,44,2023
14b5e321-3756-41b4-bc2a-c97efb1d77f3,MAT-004,2023-11-05,8.96,KG,0,1,0,6,11,44,2023
d64a77b4-650d-4055-b792-bb8002922f96,MAT-005,2023-11-05,31.52,M,0,1,0,6,11,44,2023
c8e46c61-d75b-436b-913e-172d877610fd,MAT-001,2023-11-06,284.42,KG,0,0,0,0,11,45,2023
5a066da1-32a5-4bb9-96f2-bb7c94bc0813,MAT-002,2023-11-06,86.75,L,0,0,0,0,11,45,2023
32afb57c-3743-4fc5-8082-bff9fb1d7cfa,MAT-003,2023-11-06,478.13,UN,0,0,0,0,11,45,2023
81b1dead-ef8f-43c4-8dc1-354d89fe491a,MAT-004,2023-11-06,55.13,KG,0,0,0,0,11,45,2023
a5454b06-8bf8-4610-86ed-3b09cfd132e2,MAT-005,2023-11-06,161.16,M,0,0,0,0,11,45,2023
cac441d4-4b8f-4ec2-961d-366b4de9f7ab,MAT-001,2023-11-07,278.33,KG,0,0,0,1,11,45,2023
0861d74d-761c-4aef-b8a4-3ffa67d88f24,MAT-002,2023-11-07,80.17,L,0,0,0,1,11,45,2023
2aa6a18b-4167-4239-9f1b-353db61668da,MAT-003,2023-11-07,413.65,UN,0,0,0,1,11,45,2023
e0641b37-79d8-43cd-90ed-03b485421509,MAT-004,2023-11-07,46.41,KG,0,0,0,1,11,45,2023
8db2abe2-84d5-40fe-85fe-da66c0a553c1,MAT-005,2023-11-07,142.48,M,0,0,0,1,11,45,2023
bf1fb7de-c613-4cca-bae6-8ed40e43ff6d,MAT-001,2023-11-08,278.12,KG,0,0,0,2,11,45,2023
f196acab-bd8a-43cc-bf9c-a8ea09a60219,MAT-002,2023-11-08,70.9,L,0,0,0,2,11,45,2023
ab0b89a8-889e-4ebc-bed8-197dff28a313,MAT-003,2023-11-08,460.9,UN,0,0,0,2,11,45,2023
a891a7d8-45c7-4838-8750-1cdcd8d894b3,MAT-004,2023-11-08,48.43,KG,0,0,0,2,11,45,2023
51e1e078-d1ee-4f6b-ac37-a671fe1b23ca,MAT-005,2023-11-08,167.37,M,0,0,0,2,11,45,2023
34d0b894-19d2-4683-8109-57b3b05aa83e,MAT-001,2023-11-09,263.22,KG,0,0,0,3,11,45,2023
add5c3d7-59e2-422a-92b2-9a273b1b3e0c,MAT-002,2023-11-09,82.15,L,0,0,0,3,11,45,2023
6738848d-a4cd-4a5f-bf75-0df5ae643c88,MAT-003,2023-11-09,409.81,UN,0,0,0,3,11,45,2023
22819670-b3eb-480a-87ea-0b78fa023a48,MAT-004,2023-11-09,47.71,KG,0,0,0,3,11,45,2023
678f2fdc-445a-4180-9808-65dccc15ec85,MAT-005,2023-11-09,174.7,M,0,0,0,3,11,45,2023
3a12d232-f12b-40f9-a16d-0170486caf29,MAT-001,2023-11-10,273.66,KG,0,0,0,4,11,45,2023
fe1119ef-14b0-4eb7-89a6-3431186e1bcb,MAT-002,2023-11-10,80.49,L,0,0,0,4,11,45,2023
ad56c01e-f115-4e4c-8430-a35d5f986fde,MAT-003,2023-11-10,484.39,UN,0,0,0,4,11,45,2023
868543f6-71fb-4423-afeb-00c4e6b0f654,MAT-004,2023-11-10,53.88,KG,0,0,0,4,11,45,2023
cf50cf4e-a7ea-40fa-851c-f12011fe8c3b,MAT-005,2023-11-10,140.04,M,0,0,0,4,11,45,2023
c66ab4bd-5d5f-4e1e-9f47-8d3767240485,MAT-001,2023-11-11,57.9,KG,0,1,0,5,11,45,2023
0bc2416e-d341-40fa-a608-91c0874427ba,MAT-002,2023-11-11,16.55,L,0,1,0,5,11,45,2023
cbc5aab8-b076-4e9a-9c82-2907b85739ba,MAT-003,2023-11-11,89.91,UN,0,1,0,5,11,45,2023
52341dca-1297-4e9a-90b4-7fc9bc50dec9,MAT-004,2023-11-11,10.43,KG,0,1,0,5,11,45,2023
07d1248c-39bd-46a8-8a15-5404d295ae4b,MAT-005,2023-11-11,30.04,M,0,1,0,5,11,45,2023
80dcc0d3-4ef8-4677-882e-749fa4caa932,MAT-001,2023-11-12,56.72,KG,0,1,0,6,11,45,2023
6a2f776d-0da8-4654-b98f-34031578fbea,MAT-002,2023-11-12,17.08,L,0,1,0,6,11,45,2023
6e996a75-1eaa-483b-8fd9-697ee5d4a998,MAT-003,2023-11-12,94.05,UN,0,1,0,6,11,45,2023
038dba59-541e-49f3-86f7-baf7891fb828,MAT-004,2023-11-12,9.24,KG,0,1,0,6,11,45,2023
0bc501de-3094-4180-9484-55eb92287001,MAT-005,2023-11-12,34.69,M,0,1,0,6,11,45,2023
bc57d9c0-5d59-4335-b9d0-81bfca1bf4b0,MAT-001,2023-11-13,255.8,KG,0,0,0,0,11,46,2023
87c88584-8185-4631-94c6-69ba531b1093,MAT-002,2023-11-13,87.89,L,0,0,0,0,11,46,2023
eb18569e-d34d-4ab5-b3f3-6627aaf0a244,MAT-003,2023-11-13,406.45,UN,0,0,0,0,11,46,2023
0c36ab21-b6b8-4693-9a42-b7167ec61c96,MAT-004,2023-11-13,45.49,KG,0,0,0,0,11,46,2023
f2c087d0-e03e-48de-8e3e-9a655edad810,MAT-005,2023-11-13,143.01,M,0,0,0,0,11,46,2023
2c12ef2c-dacd-44d0-9c8d-93fbbc349660,MAT-001,2023-11-14,239.07,KG,0,0,0,1,11,46,2023
22362dbb-b947-4d92-8dbc-afc1cf19ce16,MAT-002,2023-11-14,76.6,L,0,0,0,1,11,46,2023
0b1de272-bc8d-4aa9-8184-a5a295d7a7ea,MAT-003,2023-11-14,477.86,UN,0,0,0,1,11,46,2023
934be979-a142-42d1-82e5-1e869209f310,MAT-004,2023-11-14,48.15,KG,0,0,0,1,11,46,2023
10e14a09-740b-460d-a5d6-4214eaaca7b7,MAT-005,2023-11-14,172.51,M,0,0,0,1,11,46,2023
dfacd242-863a-4592-a5d7-1b82c7e80f98,MAT-001,2023-11-15,398.5,KG,0,0,1,2,11,46,2023
ddc3c5bd-23ef-4170-bf75-9b0bf02a4b8a,MAT-002,2023-11-15,121.3,L,0,0,1,2,11,46,2023
56d3ecea-3e92-4da1-b006-edb34aeb12f4,MAT-003,2023-11-15,598.87,UN,0,0,1,2,11,46,2023
5b3c779f-cf2f-41e4-83fc-ba68111d2189,MAT-004,2023-11-15,72.27,KG,0,0,1,2,11,46,2023
47c9b7cd-30f6-4657-a5b5-032ef5ce5260,MAT-005,2023-11-15,221.06,M,0,0,1,2,11,46,2023
0aa82965-6972-4d46-b071-5331f66e20d7,MAT-001,2023-11-16,236.61,KG,0,0,0,3,11,46,2023
9eda8b4f-437d-458f-9cd0-3e04963c0537,MAT-002,2023-11-16,76.21,L,0,0,0,3,11,46,2023
9ba16a69-e317-4b76-88cf-cc901db305ea,MAT-003,2023-11-16,458.66,UN,0,0,0,3,11,46,2023
fb59c622-dd10-4011-84b7-a8cda8e1d275,MAT-004,2023-11-16,50.03,KG,0,0,0,3,11,46,2023
588eab23-cbaa-4b9c-8dc1-cf6df1906044,MAT-005,2023-11-16,143.59,M,0,0,0,3,11,46,2023
6e6ad84b-f4f8-4a66-942c-8a8c6a218ea4,MAT-001,2023-11-17,287.56,KG,0,0,0,4,11,46,2023
b2f3a2e3-a921-4986-93cb-7a2fbe87f849,MAT-002,2023-11-17,73.36,L,0,0,0,4,11,46,2023
6e0d40a6-44be-45f1-a43c-ae33a33ee18b,MAT-003,2023-11-17,472.33,UN,0,0,0,4,11,46,2023
f374084e-2394-4473-9a61-f3bc553833ed,MAT-004,2023-11-17,52.65,KG,0,0,0,4,11,46,2023
e070f495-a472-436b-b69f-1d33536d22b7,MAT-005,2023-11-17,159.94,M,0,0,0,4,11,46,2023
b9f345de-6ab5-4b05-9290-611eb18601e5,MAT-001,2023-11-18,56.27,KG,0,1,0,5,11,46,2023
f78810d4-2ffd-49d7-bce3-6aa457030f8c,MAT-002,2023-11-18,16.24,L,0,1,0,5,11,46,2023
9de6e97a-4098-462b-8fb1-54e7675960ff,MAT-003,2023-11-18,98.1,UN,0,1,0,5,11,46,2023
a440dea5-6746-404b-ba24-d5e3f981a9ec,MAT-004,2023-11-18,8.87,KG,0,1,0,5,11,46,2023
4250adae-c3e6-4226-b830-ad0fa9dcf99a,MAT-005,2023-11-18,27.8,M,0,1,0,5,11,46,2023
e9816598-b808-4c8f-9971-31731b528847,MAT-001,2023-11-19,53.77,KG,0,1,0,6,11,46,2023
4cb7c312-59f8-4bb4-9916-0b6d6574c52e,MAT-002,2023-11-19,16.29,L,0,1,0,6,11,46,2023
4d063d2b-dd13-4025-b9c8-9d9967000d99,MAT-003,2023-11-19,94.3,UN,0,1,0,6,11,46,2023
248f0acb-bbed-4852-b66e-085e2e044d5a,MAT-004,2023-11-19,10.64,KG,0,1,0,6,11,46,2023
474aa598-5085-4b74-9356-2fc7536f4cea,MAT-005,2023-11-19,30.58,M,0,1,0,6,11,46,2023
01035bea-15c2-4283-9415-0b97b4055e7b,MAT-001,2023-11-20,268.67,KG,0,0,0,0,11,47,2023
90125280-9804-40ac-b18b-22fd1d815b85,MAT-002,2023-11-20,79.96,L,0,0,0,0,11,47,2023
116abcc3-62fb-44bf-9f72-9fa05192ee46,MAT-003,2023-11-20,468.89,UN,0,0,0,0,11,47,2023
83aff43e-fa5f-4698-bb38-8628706478aa,MAT-004,2023-11-20,47.48,KG,0,0,0,0,11,47,2023
5e145a41-4aa2-495d-a348-1a9ae6c3f16e,MAT-005,2023-11-20,173.1,M,0,0,0,0,11,47,2023
0c3c22ca-3ffb-4301-825e-a95c6e563ff1,MAT-001,2023-11-21,258.94,KG,0,0,0,1,11,47,2023
cbbb4fca-e9d9-40ad-a80f-9ae42e247e19,MAT-002,2023-11-21,85.85,L,0,0,0,1,11,47,2023
d89805d2-3b06-494d-9d08-ffa044ceb7f3,MAT-003,2023-11-21,475.2,UN,0,0,0,1,11,47,2023
657851df-2e05-455e-9f5c-f7df019e05ef,MAT-004,2023-11-21,47.57,KG,0,0,0,1,11,47,2023
2929e2b0-ec88-4389-93b5-94e0d271bbbe,MAT-005,2023-11-21,140.01,M,0,0,0,1,11,47,2023
6b9a02b7-32c4-4249-aa34-ce742df8beb2,MAT-001,2023-11-22,232.54,KG,0,0,0,2,11,47,2023
57c4f9ed-66c8-4cb3-8827-5ee0ed5efa0f,MAT-002,2023-11-22,78.84,L,0,0,0,2,11,47,2023
e5a5ae5f-4f01-4d4d-9c10-3bc1ad127585,MAT-003,2023-11-22,453.28,UN,0,0,0,2,11,47,2023
afdf986b-53f8-4992-98e1-d87bf9966d01,MAT-004,2023-11-22,46.45,KG,0,0,0,2,11,47,2023
70371b54-11b2-426d-a324-25f139ab4e57,MAT-005,2023-11-22,159.99,M,0,0,0,2,11,47,2023
323eb517-c071-4efd-9d21-0e5348a854a1,MAT-001,2023-11-23,248.31,KG,0,0,0,3,11,47,2023
415ada2e-2ed7-4465-94bb-cf0288863140,MAT-002,2023-11-23,84.19,L,0,0,0,3,11,47,2023
4a97d46f-7924-4ca0-99d2-0ab4dda96da8,MAT-003,2023-11-23,480.57,UN,0,0,0,3,11,47,2023
111d47b3-6d92-4847-9bee-d80dce2d2106,MAT-004,2023-11-23,54.33,KG,0,0,0,3,11,47,2023
e5c1be3c-981e-49b1-8315-c929f0b3da05,MAT-005,2023-11-23,173.8,M,0,0,0,3,11,47,2023
404311c6-2ca7-4a77-b5c8-2cf860bb576f,MAT-001,2023-11-24,236.96,KG,0,0,0,4,11,47,2023
20686a6b-66a3-43a0-8251-8654986f0f3c,MAT-002,2023-11-24,77.51,L,0,0,0,4,11,47,2023
cf06353c-1ba0-4154-bd70-31a8d7ad012a,MAT-003,2023-11-24,461.73,UN,0,0,0,4,11,47,2023
36b0d6f6-189d-4f94-acfc-29f92ddd2ede,MAT-004,2023-11-24,47.83,KG,0,0,0,4,11,47,2023
f843e9b9-26a0-488a-98dc-98bcbc57e666,MAT-005,2023-11-24,154.74,M,0,0,0,4,11,47,2023
497be4b2-be45-496a-9ef4-d397702fc72c,MAT-001,2023-11-25,49.1,KG,0,1,0,5,11,47,2023
3baf7719-8948-4530-9cc5-0afffdb08d69,MAT-002,2023-11-25,15.03,L,0,1,0,5,11,47,2023
36d3f161-e172-41a8-80b0-687af1493a60,MAT-003,2023-11-25,82.19,UN,0,1,0,5,11,47,2023
dc49132b-9bc0-414b-a490-81b60e76517d,MAT-004,2023-11-25,9.5,KG,0,1,0,5,11,47,2023
a137a2ef-139e-4a1b-8e5f-a43e4e853785,MAT-005,2023-11-25,30.33,M,0,1,0,5,11,47,2023
a641b781-2443-4052-a183-4d20047844ee,MAT-001,2023-11-26,53.44,KG,0,1,0,6,11,47,2023
ddfd3c4d-a631-4377-8986-897632f14577,MAT-002,2023-11-26,15.03,L,0,1,0,6,11,47,2023
982c8f6c-08e5-499c-833d-7e14bea4e175,MAT-003,2023-11-26,98.98,UN,0,1,0,6,11,47,2023
b689f5ae-9c2a-4331-8e6e-bec02169e014,MAT-004,2023-11-26,9.18,KG,0,1,0,6,11,47,2023
b34961d4-32cf-4287-9d93-39e6bed1b3ae,MAT-005,2023-11-26,29.91,M,0,1,0,6,11,47,2023
cb357863-7c8f-440a-b6b3-02065c71007b,MAT-001,2023-11-27,264.85,KG,0,0,0,0,11,48,2023
5a44b26c-88f4-4918-887d-5a664a048a12,MAT-002,2023-11-27,76.4,L,0,0,0,0,11,48,2023
c2d305c0-c80d-459c-972f-872ba0b1f69b,MAT-003,2023-11-27,483.73,UN,0,0,0,0,11,48,2023
55e61522-d1b3-4364-9ccd-ea7ac08137ab,MAT-004,2023-11-27,49.98,KG,0,0,0,0,11,48,2023
3eaf666f-0036-4d3d-ad4c-0dc14e44f90d,MAT-005,2023-11-27,156.55,M,0,0,0,0,11,48,2023
da5ae5b0-dd2d-42cd-94eb-c55b94f34da3,MAT-001,2023-11-28,259.92,KG,0,0,0,1,11,48,2023
cb52d321-3bb3-4882-b845-d3046de38ac0,MAT-002,2023-11-28,76.32,L,0,0,0,1,11,48,2023
5c8c651c-d4aa-4ead-9df6-b04fa07b8f69,MAT-003,2023-11-28,402.93,UN,0,0,0,1,11,48,2023
7d4448b1-b956-4511-b2bd-3d1b413f4077,MAT-004,2023-11-28,55.34,KG,0,0,0,1,11,48,2023
1f56db0c-8139-4f31-8710-f2af6b593ff2,MAT-005,2023-11-28,156.2,M,0,0,0,1,11,48,2023
2a798f6e-b06c-4c2d-82ab-163fecd2f0c2,MAT-001,2023-11-29,289.12,KG,0,0,0,2,11,48,2023
381cec61-f91d-4e59-98f2-1e8e507418ff,MAT-002,2023-11-29,74.53,L,0,0,0,2,11,48,2023
5a18558e-56c9-4db4-a99f-fe3c9b949a11,MAT-003,2023-11-29,438.94,UN,0,0,0,2,11,48,2023
1b180f07-8376-4faf-ab5b-cc32dacff516,MAT-004,2023-11-29,44.61,KG,0,0,0,2,11,48,2023
21940691-e667-4206-ad16-bd703d200f75,MAT-005,2023-11-29,155.81,M,0,0,0,2,11,48,2023
5430064b-bd3c-455d-b62c-6b7756044978,MAT-001,2023-11-30,283.86,KG,0,0,0,3,11,48,2023
f6f8011f-53ae-4847-921d-2865edebbab1,MAT-002,2023-11-30,82.96,L,0,0,0,3,11,48,2023
80850bb7-7885-4756-aa88-0c11b600b1f4,MAT-003,2023-11-30,451.79,UN,0,0,0,3,11,48,2023
b4807471-5693-4fed-bbf6-8a89117be7e6,MAT-004,2023-11-30,50.44,KG,0,0,0,3,11,48,2023
c88db2a2-86cc-47e1-8b53-e06d6a92ab12,MAT-005,2023-11-30,169.0,M,0,0,0,3,11,48,2023
b7a971c3-2f34-4278-acec-e42add127212,MAT-001,2023-12-01,357.97,KG,0,0,1,4,12,48,2023
3ae72d2c-7595-4daf-99c3-1ff98aea688e,MAT-002,2023-12-01,122.28,L,0,0,1,4,12,48,2023
6708e50c-9a9a-420e-a91e-c292579f3fc9,MAT-003,2023-12-01,671.78,UN,0,0,1,4,12,48,2023
6a744147-56e9-4744-946c-9d47ce7be667,MAT-004,2023-12-01,74.43,KG,0,0,1,4,12,48,2023
58246e70-a9c4-4cc9-bbe9-e7c42cb9d4ca,MAT-005,2023-12-01,211.37,M,0,0,1,4,12,48,2023
b46906bf-7d9e-4138-8da9-96ed27eab89f,MAT-001,2023-12-02,50.76,KG,0,1,0,5,12,48,2023
ced379ef-2afd-4a72-923d-6e445018dc7c,MAT-002,2023-12-02,16.27,L,0,1,0,5,12,48,2023
49ce3a3e-1c8f-4de1-adbd-bd8eb328b372,MAT-003,2023-12-02,84.33,UN,0,1,0,5,12,48,2023
c2c34881-1557-4b52-851e-5e5dff8062bc,MAT-004,2023-12-02,10.13,KG,0,1,0,5,12,48,2023
050a3234-bcf2-46df-946b-35421660b4f7,MAT-005,2023-12-02,28.01,M,0,1,0,5,12,48,2023
34688b7d-3b0a-4f4a-8d77-fa1085b35d95,MAT-001,2023-12-03,52.05,KG,0,1,0,6,12,48,2023
b913e12e-86da-47c2-9fab-2a2672e94e26,MAT-002,2023-12-03,17.02,L,0,1,0,6,12,48,2023
1a531559-0fd2-4968-8d78-44a4d8c3acc4,MAT-003,2023-12-03,86.19,UN,0,1,0,6,12,48,2023
cb0a34b9-4488-4fc3-9eae-d4d34da51942,MAT-004,2023-12-03,11.17,KG,0,1,0,6,12,48,2023
d73185b8-7ffb-4199-a146-007c3a9818de,MAT-005,2023-12-03,32.55,M,0,1,0,6,12,48,2023
c424699c-9d1b-45aa-b60d-774ed8f4e060,MAT-001,2023-12-04,236.21,KG,0,0,0,0,12,49,2023
242c2ed8-7c31-4392-b36b-73b2c65dc9cc,MAT-002,2023-12-04,89.12,L,0,0,0,0,12,49,2023
a4325c04-be46-4f2b-8155-acb773db51bf,MAT-003,2023-12-04,443.41,UN,0,0,0,0,12,49,2023
e32f0972-bdf2-41f2-b64d-e95e2f6d7543,MAT-004,2023-12-04,53.54,KG,0,0,0,0,12,49,2023
5be95441-323b-43d7-8edd-785939befe74,MAT-005,2023-12-04,149.98,M,0,0,0,0,12,49,2023
d3f3b4db-0a3b-496d-b74f-922bdbc1cca7,MAT-001,2023-12-05,287.39,KG,0,0,0,1,12,49,2023
9c8fd307-4509-434f-84d8-e6e663df1473,MAT-002,2023-12-05,84.9,L,0,0,0,1,12,49,2023
e978c77f-db7c-48c0-a108-7fdb8ea8e565,MAT-003,2023-12-05,422.14,UN,0,0,0,1,12,49,2023
0a91415c-1fa5-4e08-a5d6-ebf6c2d49ab6,MAT-004,2023-12-05,50.11,KG,0,0,0,1,12,49,2023
a4c6948b-ab13-42c7-be92-985cea809318,MAT-005,2023-12-05,156.0,M,0,0,0,1,12,49,2023
3d6528ef-8172-47c5-8a73-ec84495fe279,MAT-001,2023-12-06,231.63,KG,0,0,0,2,12,49,2023
3546791e-51fb-4d14-b3a5-3d5d035ad83d,MAT-002,2023-12-06,73.03,L,0,0,0,2,12,49,2023
8e765b9b-4f9d-419e-ac35-babe8305eca8,MAT-003,2023-12-06,436.77,UN,0,0,0,2,12,49,2023
379b8b6b-2221-47e1-a8ad-87678c6d3139,MAT-004,2023-12-06,49.68,KG,0,0,0,2,12,49,2023
e46b9b70-cf02-4943-80bc-dba0fb6f13ce,MAT-005,2023-12-06,154.39,M,0,0,0,2,12,49,2023
db70c7d1-eb9a-442a-91b4-70ef86ccceae,MAT-001,2023-12-07,266.63,KG,0,0,0,3,12,49,2023
e12302ef-ed55-479a-a6a9-a45c8d6ad61b,MAT-002,2023-12-07,80.3,L,0,0,0,3,12,49,2023
8a0f062b-b926-481e-9972-650d68bfeb17,MAT-003,2023-12-07,436.21,UN,0,0,0,3,12,49,2023
2d300834-aad3-4757-b08f-f2b4b6938943,MAT-004,2023-12-07,51.36,KG,0,0,0,3,12,49,2023
e81979d8-9d4f-495e-9778-d4dfe68eddd3,MAT-005,2023-12-07,143.36,M,0,0,0,3,12,49,2023
fd1696bd-05ae-484e-b880-2588c3de555d,MAT-001,2023-12-08,290.61,KG,0,0,0,4,12,49,2023
556da86e-7254-4532-9c59-b8c2efd9b44d,MAT-002,2023-12-08,84.59,L,0,0,0,4,12,49,2023
aef3f4a6-4f71-4949-af38-7224592d39f2,MAT-003,2023-12-08,433.08,UN,0,0,0,4,12,49,2023
40deb0e2-fbea-41a3-a580-6f254bbce973,MAT-004,2023-12-08,48.04,KG,0,0,0,4,12,49,2023
c0878355-555b-4c66-906c-183bfff9adea,MAT-005,2023-12-08,168.29,M,0,0,0,4,12,49,2023
42fe7684-92c8-4264-b806-22aa720f4fb7,MAT-001,2023-12-09,52.4,KG,0,1,0,5,12,49,2023
75858390-6d32-49cc-a508-521ef55f046c,MAT-002,2023-12-09,16.8,L,0,1,0,5,12,49,2023
ed66424d-5ee0-4b7c-8fa1-67255fbb93c5,MAT-003,2023-12-09,86.63,UN,0,1,0,5,12,49,2023
bc9ccc60-27e7-48b9-bdcf-b8f130e8252a,MAT-004,2023-12-09,10.76,KG,0,1,0,5,12,49,2023
82985548-a6fe-4777-a2ad-05efc7644039,MAT-005,2023-12-09,30.21,M,0,1,0,5,12,49,2023
e4e4593f-7dce-4c29-8da3-bb7f1cbc55f7,MAT-001,2023-12-10,54.17,KG,0,1,0,6,12,49,2023
a18f554d-e33d-4e2c-ab1c-60d56959b46d,MAT-002,2023-12-10,17.84,L,0,1,0,6,12,49,2023
ce50a1f1-1bbb-4d87-bc0a-f6c0f2277015,MAT-003,2023-12-10,92.83,UN,0,1,0,6,12,49,2023
8a2e80ec-b85e-4674-aa0d-bb2e0c2e71c8,MAT-004,2023-12-10,10.71,KG,0,1,0,6,12,49,2023
358c8749-decb-4d05-9ce5-2b8103f2b701,MAT-005,2023-12-10,32.89,M,0,1,0,6,12,49,2023
f8d7007e-4ae7-4634-9dbc-e23f2001c728,MAT-001,2023-12-11,271.73,KG,0,0,0,0,12,50,2023
ee5c9438-faee-4a4b-ad17-91a5e86bf0cf,MAT-002,2023-12-11,70.91,L,0,0,0,0,12,50,2023
2c01939e-265d-4235-8a3c-65269ef86059,MAT-003,2023-12-11,452.23,UN,0,0,0,0,12,50,2023
47a0d07a-3526-4541-b616-eb94674ea602,MAT-004,2023-12-11,55.6,KG,0,0,0,0,12,50,2023
904b9ba5-08e9-43f1-9728-05227c0d7d40,MAT-005,2023-12-11,166.59,M,0,0,0,0,12,50,2023
5e8bba2d-23e6-4bce-969e-f5111829e0fb,MAT-001,2023-12-12,277.23,KG,0,0,0,1,12,50,2023
32b2aaa5-c923-47b0-9308-4be1571f6390,MAT-002,2023-12-12,81.49,L,0,0,0,1,12,50,2023
6bf0a4a4-9067-4118-aecf-781931a53c66,MAT-003,2023-12-12,479.18,UN,0,0,0,1,12,50,2023
83157ada-96a2-4c3f-95b7-bca9e621097d,MAT-004,2023-12-12,51.0,KG,0,0,0,1,12,50,2023
d829e52e-f92f-48c9-a082-adc583fae06d,MAT-005,2023-12-12,143.66,M,0,0,0,1,12,50,2023
a4eff8da-d435-437b-a184-b16e52841903,MAT-001,2023-12-13,268.05,KG,0,0,0,2,12,50,2023
feca3f36-022a-4a84-8168-f1f33e46f214,MAT-002,2023-12-13,82.3,L,0,0,0,2,12,50,2023
3127a2e2-57d9-4ae4-8e39-55f992644389,MAT-003,2023-12-13,492.26,UN,0,0,0,2,12,50,2023
2356307b-8274-42e2-85f6-7378a5d309c3,MAT-004,2023-12-13,45.77,KG,0,0,0,2,12,50,2023
2570cbae-0045-4eab-9461-00b470ef91bb,MAT-005,2023-12-13,162.77,M,0,0,0,2,12,50,2023
69ba4a6e-9c67-40fb-893a-8b416b1ef8a0,MAT-001,2023-12-14,230.77,KG,0,0,0,3,12,50,2023
872a5ae7-fbc9-4344-8ec2-c5670666c811,MAT-002,2023-12-14,88.61,L,0,0,0,3,12,50,2023
09495940-77dc-4c7d-bda5-f6dde483d8d6,MAT-003,2023-12-14,412.4,UN,0,0,0,3,12,50,2023
6c9a5451-6c1a-4f71-93dd-07a4b06904e9,MAT-004,2023-12-14,44.23,KG,0,0,0,3,12,50,2023
bd6bc28a-fa49-437d-939b-cb06a8763c24,MAT-005,2023-12-14,149.02,M,0,0,0,3,12,50,2023
b08e9a46-f712-4704-8f50-d385e962c0b8,MAT-001,2023-12-15,333.55,KG,0,0,1,4,12,50,2023
772a427c-929e-4879-8ecc-69ec9be324d3,MAT-002,2023-12-15,117.12,L,0,0,1,4,12,50,2023
01d941b6-f6a0-419f-b15b-4e006da1d404,MAT-003,2023-12-15,623.3,UN,0,0,1,4,12,50,2023
df3d53a2-a4a6-4cd0-a4b2-72268ff199b5,MAT-004,2023-12-15,74.62,KG,0,0,1,4,12,50,2023
a35bcd4a-3fcc-48c8-813e-2176af06cc73,MAT-005,2023-12-15,240.44,M,0,0,1,4,12,50,2023
cc6e3162-9d71-415c-a041-ce981bddae85,MAT-001,2023-12-16,56.65,KG,0,1,0,5,12,50,2023
b7231fce-c927-4429-a358-c370e3dcbf69,MAT-002,2023-12-16,16.91,L,0,1,0,5,12,50,2023
cc0a737b-76bd-439e-81aa-d844c3222218,MAT-003,2023-12-16,81.44,UN,0,1,0,5,12,50,2023
60fa060e-602e-4192-acd2-aff96805a299,MAT-004,2023-12-16,9.13,KG,0,1,0,5,12,50,2023
1f28d985-1687-4de3-9011-1bdca48d056f,MAT-005,2023-12-16,29.01,M,0,1,0,5,12,50,2023
a5df63cc-0f21-45e7-8ea1-b499ce1e05c8,MAT-001,2023-12-17,49.82,KG,0,1,0,6,12,50,2023
aca08f96-ff7f-47a0-900b-9e5abdfb2b18,MAT-002,2023-12-17,16.62,L,0,1,0,6,12,50,2023
3abc4326-3cf8-43bd-8b73-2dc88280517f,MAT-003,2023-12-17,91.56,UN,0,1,0,6,12,50,2023
06e20c65-a1ec-4cea-b4c3-54bc39700d09,MAT-004,2023-12-17,9.55,KG,0,1,0,6,12,50,2023
0b35e09a-d1f0-4cc4-9cff-e8b4f5020b42,MAT-005,2023-12-17,28.75,M,0,1,0,6,12,50,2023
7343a8c8-2cd6-43ac-b86e-786db90f52d6,MAT-001,2023-12-18,285.72,KG,0,0,0,0,12,51,2023
183f76a6-8e63-4dcf-900f-8ee9961bac6b,MAT-002,2023-12-18,76.97,L,0,0,0,0,12,51,2023
89d3e51e-c5b2-44b6-b5c0-e2b0c9fc6387,MAT-003,2023-12-18,439.09,UN,0,0,0,0,12,51,2023
950beffc-8eb8-4dc5-afa7-38f2763d5ba2,MAT-004,2023-12-18,53.26,KG,0,0,0,0,12,51,2023
4395063e-bfcd-4b13-bd80-fe33d3a93f6d,MAT-005,2023-12-18,164.27,M,0,0,0,0,12,51,2023
bd13c810-3486-45dd-8567-2b11b7a359bd,MAT-001,2023-12-19,268.94,KG,0,0,0,1,12,51,2023
8a6440ba-fe64-44da-b0b6-584abd1c198d,MAT-002,2023-12-19,83.71,L,0,0,0,1,12,51,2023
f2c9ecf7-0835-4914-b248-c83d3b891efa,MAT-003,2023-12-19,467.02,UN,0,0,0,1,12,51,2023
ebc38720-93fb-45d6-8fe9-7a58ff7ff576,MAT-004,2023-12-19,46.31,KG,0,0,0,1,12,51,2023
5481a2da-6e78-42af-a010-2369f9751870,MAT-005,2023-12-19,146.51,M,0,0,0,1,12,51,2023
b589d0f8-7b44-4a03-96ba-414591861818,MAT-001,2023-12-20,263.62,KG,0,0,0,2,12,51,2023
9272f6a6-5a24-4c31-814b-64623637677d,MAT-002,2023-12-20,74.72,L,0,0,0,2,12,51,2023
09cde5ab-6c6b-4320-8b25-7fb9054f05c3,MAT-003,2023-12-20,506.64,UN,0,0,0,2,12,51,2023
ffd6ecbb-7e92-4b6c-80b9-25a6b63a87c3,MAT-004,2023-12-20,47.57,KG,0,0,0,2,12,51,2023
adf7db80-df85-4aa1-adf8-31a981095364,MAT-005,2023-12-20,148.1,M,0,0,0,2,12,51,2023
c8ac7d36-c100-4abd-b153-8261afcfcddc,MAT-001,2023-12-21,241.73,KG,0,0,0,3,12,51,2023
a569c754-96c2-462c-b7c3-708c5bea40fd,MAT-002,2023-12-21,83.94,L,0,0,0,3,12,51,2023
3017049e-a6c9-49ff-bd96-176c96b5daf6,MAT-003,2023-12-21,435.02,UN,0,0,0,3,12,51,2023
d7c68713-c852-4449-af9b-7584f61a7b41,MAT-004,2023-12-21,48.19,KG,0,0,0,3,12,51,2023
b666604f-b80f-4bde-8141-46d5fd67b4c8,MAT-005,2023-12-21,172.24,M,0,0,0,3,12,51,2023
6d2863de-cbc4-4742-962c-cd3786c7d0a5,MAT-001,2023-12-22,278.43,KG,0,0,0,4,12,51,2023
1593dc3c-bece-4cd3-ba6d-348b203890be,MAT-002,2023-12-22,75.65,L,0,0,0,4,12,51,2023
298d6aad-ea5c-4d9f-85f9-f93792fd5874,MAT-003,2023-12-22,413.71,UN,0,0,0,4,12,51,2023
ee04ab5a-be76-41dc-bb49-58fd26f0952c,MAT-004,2023-12-22,52.12,KG,0,0,0,4,12,51,2023
98be3203-3dd1-4f61-804c-a61316fbb572,MAT-005,2023-12-22,151.5,M,0,0,0,4,12,51,2023
f21589bc-ce18-4d69-b724-15eedf649526,MAT-001,2023-12-23,57.99,KG,0,1,0,5,12,51,2023
936bf6a2-3ced-4bc7-a41b-4a306f09fe69,MAT-002,2023-12-23,17.22,L,0,1,0,5,12,51,2023
417ab939-444f-4479-8e54-826bf45235cb,MAT-003,2023-12-23,100.93,UN,0,1,0,5,12,51,2023
f5f700eb-a570-4394-bd9a-b6a97175418a,MAT-004,2023-12-23,10.73,KG,0,1,0,5,12,51,2023
479f390b-20c4-43b7-85a2-e36758b436d8,MAT-005,2023-12-23,29.63,M,0,1,0,5,12,51,2023
65df6708-b161-4a07-aec3-1d8b8f98045c,MAT-001,2023-12-24,49.35,KG,0,1,0,6,12,51,2023
43eac54b-ea84-45cf-8218-e8a78f27382d,MAT-002,2023-12-24,16.82,L,0,1,0,6,12,51,2023
0d206632-1fb0-49e1-a7e4-cfaa3e6110bf,MAT-003,2023-12-24,87.64,UN,0,1,0,6,12,51,2023
3544d2e6-d414-4392-b7b0-59c9d340bfc8,MAT-004,2023-12-24,9.86,KG,0,1,0,6,12,51,2023
043dc81d-4aaf-4356-b8ab-a225496bab6b,MAT-005,2023-12-24,29.38,M,0,1,0,6,12,51,2023
c43e18b8-6a58-42fb-830a-9161ad854e9c,MAT-001,2023-12-25,12.93,KG,1,0,0,0,12,52,2023
44ccf502-8c01-458e-81ba-fbf774bf27ea,MAT-002,2023-12-25,3.71,L,1,0,0,0,12,52,2023
95c12070-ffa7-4dee-a494-293bb35302a5,MAT-003,2023-12-25,22.96,UN,1,0,0,0,12,52,2023
c677a402-2878-4e16-9f4a-776088ad46c4,MAT-004,2023-12-25,2.76,KG,1,0,0,0,12,52,2023
71e0bdce-aefc-43cb-97b1-0be1dfa1af05,MAT-005,2023-12-25,8.17,M,1,0,0,0,12,52,2023
ebfd33ad-39ce-47c8-81ec-add8be710de4,MAT-001,2023-12-26,11.87,KG,1,0,0,1,12,52,2023
49441250-d5f2-4a3d-959b-830f1316ca5b,MAT-002,2023-12-26,4.11,L,1,0,0,1,12,52,2023
a4f73217-82ea-4f87-a1a4-8210d478f298,MAT-003,2023-12-26,23.22,UN,1,0,0,1,12,52,2023
d06ecaa7-7998-45d2-abf3-093b7e19fe92,MAT-004,2023-12-26,2.35,KG,1,0,0,1,12,52,2023
c510857d-89d1-41bc-b94a-69c443e023eb,MAT-005,2023-12-26,8.12,M,1,0,0,1,12,52,2023
8882ecf0-705a-4631-90c9-7bf5fe037d41,MAT-001,2023-12-27,261.94,KG,0,0,0,2,12,52,2023
4f00570f-b7ae-4c91-beee-33fca4a8e1c5,MAT-002,2023-12-27,82.65,L,0,0,0,2,12,52,2023
a0c5d90f-f21c-497c-919f-78938f98b634,MAT-003,2023-12-27,406.13,UN,0,0,0,2,12,52,2023
523bf07d-b477-4736-b434-d3ee7a35b677,MAT-004,2023-12-27,48.96,KG,0,0,0,2,12,52,2023
34d8738f-e1e2-48a7-ab8b-f2ae3921682f,MAT-005,2023-12-27,164.14,M,0,0,0,2,12,52,2023
e243d6ba-fa63-428a-804c-820305d08aaf,MAT-001,2023-12-28,235.07,KG,0,0,0,3,12,52,2023
1ed574c2-0aad-4cd2-8d3c-85f56d9874db,MAT-002,2023-12-28,85.2,L,0,0,0,3,12,52,2023
5928d481-095d-4c72-8c1b-91c19532636d,MAT-003,2023-12-28,400.97,UN,0,0,0,3,12,52,2023
3d3d9712-666b-470a-963c-6c90c0ca28ff,MAT-004,2023-12-28,50.6,KG,0,0,0,3,12,52,2023
6ec51a52-12e5-4b6e-891f-bc6c52288752,MAT-005,2023-12-28,172.07,M,0,0,0,3,12,52,2023
331b103b-d4ee-4cb9-9a29-179a7d0dfa2a,MAT-001,2023-12-29,254.19,KG,0,0,0,4,12,52,2023
e2a7bcdf-eb36-4bfd-8ef5-c58f096b14bd,MAT-002,2023-12-29,88.35,L,0,0,0,4,12,52,2023
85ee915f-a336-47b0-bc07-7144e5e62534,MAT-003,2023-12-29,496.32,UN,0,0,0,4,12,52,2023
44e4ba53-93ec-4fe6-8778-e08e1d69cf8e,MAT-004,2023-12-29,49.73,KG,0,0,0,4,12,52,2023
21cbb540-4823-4580-a622-3fcc147d018b,MAT-005,2023-12-29,144.75,M,0,0,0,4,12,52,2023
b659fc91-c1db-4375-8542-eb622be515c2,MAT-001,2023-12-30,57.79,KG,0,1,0,5,12,52,2023
67a9502f-d320-441b-b30b-679cec37d7bf,MAT-002,2023-12-30,15.31,L,0,1,0,5,12,52,2023
3878618c-787e-4528-b03b-5dd309c79672,MAT-003,2023-12-30,94.19,UN,0,1,0,5,12,52,2023
446fe55e-fc70-446c-a9a4-2bccead5bfb8,MAT-004,2023-12-30,10.98,KG,0,1,0,5,12,52,2023
7344936c-20a6-49a9-8c56-f4a201b59816,MAT-005,2023-12-30,28.13,M,0,1,0,5,12,52,2023
25f0a09f-8a5c-4269-aa84-912925af0689,MAT-001,2023-12-31,52.93,KG,0,1,0,6,12,52,2023
e072b77c-e963-47c1-a8dc-2b800a0cb10d,MAT-002,2023-12-31,16.13,L,0,1,0,6,12,52,2023
5877ed22-1d63-4189-9839-ddb3c4f746c9,MAT-003,2023-12-31,95.87,UN,0,1,0,6,12,52,2023
2121bf4c-6b0f-49df-b4b4-87c9cb302330,MAT-004,2023-12-31,11.05,KG,0,1,0,6,12,52,2023
2d884db1-954b-4d99-808a-f887b42e709b,MAT-005,2023-12-31,34.29,M,0,1,0,6,12,52,2023
67671be9-1ff8-44a7-9ec9-c12e64c059b3,MAT-001,2024-01-01,12.91,KG,1,0,1,0,1,1,2024
f23a5b7e-00a5-4f28-a9f2-b95ece1a63d7,MAT-002,2024-01-01,6.11,L,1,0,1,0,1,1,2024
6f773a93-a8ad-4043-9e71-cfccfdc7d939,MAT-003,2024-01-01,22.59,UN,1,0,1,0,1,1,2024
61842cb6-b6c0-4ddc-92f9-f80cd46e9845,MAT-004,2024-01-01,3.85,KG,1,0,1,0,1,1,2024
542d1205-af31-4eb4-8737-a058b359899d,MAT-005,2024-01-01,9.4,M,1,0,1,0,1,1,2024
b9256cfb-6803-4657-8543-b619e248ca0c,MAT-001,2024-01-02,195.06,KG,0,0,0,1,1,1,2024
39f8d4c5-592e-4c63-af5b-f5d604d7781b,MAT-002,2024-01-02,79.91,L,0,0,0,1,1,1,2024
e1b10941-188e-4cdf-8c07-b0ba03cd0061,MAT-003,2024-01-02,386.68,UN,0,0,0,1,1,1,2024
b91eb404-914b-418b-a26c-a499f4efd3c2,MAT-004,2024-01-02,55.55,KG,0,0,0,1,1,1,2024
e2f5b1db-877c-425f-ac0f-8ef6cd8bae5c,MAT-005,2024-01-02,132.27,M,0,0,0,1,1,1,2024
42444b70-d5ad-40a3-a6fc-5d782f6ec012,MAT-001,2024-01-03,218.08,KG,0,0,0,2,1,1,2024
09083030-1f86-4235-b197-fe5c269393d8,MAT-002,2024-01-03,70.58,L,0,0,0,2,1,1,2024
6fe4e049-6e3a-41e1-9b71-7ae3b5e01aa1,MAT-003,2024-01-03,355.71,UN,0,0,0,2,1,1,2024
e291ae42-63f7-4c83-9ffe-e70d7db21318,MAT-004,2024-01-03,45.29,KG,0,0,0,2,1,1,2024
8fdaa25a-ec10-482c-a4a0-72db249b5175,MAT-005,2024-01-03,133.91,M,0,0,0,2,1,1,2024
04f07ef5-2873-4f28-a3f3-53bb979b8433,MAT-001,2024-01-04,189.66,KG,0,0,0,3,1,1,2024
ba95628d-f9c6-440d-bd8c-86cd0ed7b372,MAT-002,2024-01-04,89.39,L,0,0,0,3,1,1,2024
93e46d54-c3f2-4314-b9f5-c46100dd7942,MAT-003,2024-01-04,353.64,UN,0,0,0,3,1,1,2024
b6c80fd0-8af8-4ebf-9cf0-07a8cce76f63,MAT-004,2024-01-04,49.93,KG,0,0,0,3,1,1,2024
3fc31059-e26f-4f73-bd65-2e52d1262c91,MAT-005,2024-01-04,132.63,M,0,0,0,3,1,1,2024
4c283ed9-a32f-4fb1-b295-f65a87f22213,MAT-001,2024-01-05,216.85,KG,0,0,0,4,1,1,2024
31d5538a-ca16-430d-ac33-d52e1392609a,MAT-002,2024-01-05,79.39,L,0,0,0,4,1,1,2024
5e513d5a-cbf8-40fc-9a87-a7ec8e0ecec1,MAT-003,2024-01-05,324.2,UN,0,0,0,4,1,1,2024
f7cf32d5-150a-40f2-8dd1-7482e1dab290,MAT-004,2024-01-05,45.35,KG,0,0,0,4,1,1,2024
3a562b5c-bd6c-41f8-8ba1-46d7d27316f7,MAT-005,2024-01-05,110.28,M,0,0,0,4,1,1,2024
331c4141-4bc8-4136-b502-bb7bb7051e86,MAT-001,2024-01-06,39.61,KG,0,1,0,5,1,1,2024
0c151699-a547-4128-b44a-5b7ba10cdc44,MAT-002,2024-01-06,15.07,L,0,1,0,5,1,1,2024
d1ec76fa-8cfb-4e1b-ab5c-a3155d8b6063,MAT-003,2024-01-06,64.73,UN,0,1,0,5,1,1,2024
f1f30cad-5449-43a5-9a8e-a99be39b4116,MAT-004,2024-01-06,10.57,KG,0,1,0,5,1,1,2024
c95fd4a5-3d91-4610-b7a3-51073b66fa30,MAT-005,2024-01-06,25.67,M,0,1,0,5,1,1,2024
00de30a9-0ed5-462c-8f94-a88b401299e5,MAT-001,2024-01-07,40.65,KG,0,1,0,6,1,1,2024
a7a7cf76-86f8-4cd8-856f-136f0fb9f66e,MAT-002,2024-01-07,16.99,L,0,1,0,6,1,1,2024
2ead29b7-3d79-4d75-b3b4-2f09c1534200,MAT-003,2024-01-07,64.55,UN,0,1,0,6,1,1,2024
c8c90906-27d1-4d9b-a54c-b384d464f811,MAT-004,2024-01-07,10.85,KG,0,1,0,6,1,1,2024
3b928f43-f6d2-4670-a327-e0bb7ce33f13,MAT-005,2024-01-07,26.29,M,0,1,0,6,1,1,2024
bd6f4d42-54fb-483e-8032-5d0d31d0bf5b,MAT-001,2024-01-08,215.7,KG,0,0,0,0,1,2,2024
aa534c89-e56a-449a-a179-08c65ee6bb60,MAT-002,2024-01-08,80.29,L,0,0,0,0,1,2,2024
9dc631a8-aada-4aac-a45f-a74642ae17f8,MAT-003,2024-01-08,315.29,UN,0,0,0,0,1,2,2024
22171b22-f6ec-48de-9a81-2e9b66b54a2a,MAT-004,2024-01-08,52.03,KG,0,0,0,0,1,2,2024
3e5a88c1-46ff-4661-9b9f-9d06e57f4b6a,MAT-005,2024-01-08,110.92,M,0,0,0,0,1,2,2024
467638e1-cd27-4b16-b7d5-a74e77d062be,MAT-001,2024-01-09,182.75,KG,0,0,0,1,1,2,2024
2d01ecd6-bf0a-4b60-b4ca-f03cc705c550,MAT-002,2024-01-09,76.61,L,0,0,0,1,1,2,2024
54da1b25-f188-47e5-a280-c90b6384bb59,MAT-003,2024-01-09,328.84,UN,0,0,0,1,1,2,2024
7874e43a-5661-4202-ad85-dadaf54ba383,MAT-004,2024-01-09,47.13,KG,0,0,0,1,1,2,2024
269c43d8-4e56-446c-a330-7d9347ef156b,MAT-005,2024-01-09,112.38,M,0,0,0,1,1,2,2024
e660ae54-37f4-46d5-b838-9229461d7484,MAT-001,2024-01-10,212.18,KG,0,0,0,2,1,2,2024
8ed171c6-9ab9-4441-9e74-f39691e55450,MAT-002,2024-01-10,88.72,L,0,0,0,2,1,2,2024
ea7ee153-5691-4fa9-b8c2-97f62fa11aa7,MAT-003,2024-01-10,333.36,UN,0,0,0,2,1,2,2024
90b581b3-32bd-444c-ad95-89df3de6e9f1,MAT-004,2024-01-10,52.67,KG,0,0,0,2,1,2,2024
fc49e809-11f4-4f6c-9db0-5adab872917f,MAT-005,2024-01-10,105.93,M,0,0,0,2,1,2,2024
930e2529-8ed5-4877-82ef-156c0b714a1b,MAT-001,2024-01-11,207.38,KG,0,0,0,3,1,2,2024
8ff84b53-ac98-40f4-9f3d-bff8a3d2856f,MAT-002,2024-01-11,83.7,L,0,0,0,3,1,2,2024
0e101f74-e4d5-4248-9e28-a70f130dd7ac,MAT-003,2024-01-11,313.22,UN,0,0,0,3,1,2,2024
8d6f8794-5248-4e6e-a617-d9e80cf724f8,MAT-004,2024-01-11,45.42,KG,0,0,0,3,1,2,2024
1f5a3467-4e65-4022-8eed-10b4fb3645bf,MAT-005,2024-01-11,114.44,M,0,0,0,3,1,2,2024
1903b9ab-a0c1-4d7a-ae9a-d97a4e17793a,MAT-001,2024-01-12,195.46,KG,0,0,0,4,1,2,2024
a8078a7d-3c99-4fbb-bfd5-411dccad27c2,MAT-002,2024-01-12,80.05,L,0,0,0,4,1,2,2024
e556140d-75c7-4dd5-88ea-e2e78b325a2a,MAT-003,2024-01-12,383.19,UN,0,0,0,4,1,2,2024
af871fcc-f378-4ec6-af50-4426cf3dcd5c,MAT-004,2024-01-12,52.44,KG,0,0,0,4,1,2,2024
9bc80ba7-6c34-48c3-848b-b05193b1aacb,MAT-005,2024-01-12,114.56,M,0,0,0,4,1,2,2024
2d2d5927-59fa-482c-8723-3734c76b6e84,MAT-001,2024-01-13,36.33,KG,0,1,0,5,1,2,2024
a0aceb7b-13ab-47ce-94d2-f2b8d9c6e871,MAT-002,2024-01-13,17.6,L,0,1,0,5,1,2,2024
bcdfd759-1aa5-4704-af2a-b7f2bf12891b,MAT-003,2024-01-13,66.56,UN,0,1,0,5,1,2,2024
63b468eb-8f49-4511-89fc-a298915a2a01,MAT-004,2024-01-13,10.28,KG,0,1,0,5,1,2,2024
7ce627d0-ec1f-48dc-b92a-450254ab9287,MAT-005,2024-01-13,22.38,M,0,1,0,5,1,2,2024
a15ee483-05f3-4784-aaa7-aff2afbb6d70,MAT-001,2024-01-14,36.48,KG,0,1,0,6,1,2,2024
4b6adb85-075e-4aaa-bd84-e12507e13287,MAT-002,2024-01-14,14.67,L,0,1,0,6,1,2,2024
30dae57a-90ff-4c9a-98cb-9186542bb5cb,MAT-003,2024-01-14,74.16,UN,0,1,0,6,1,2,2024
c158da99-24fe-4ee8-a4ce-2725a2449d1e,MAT-004,2024-01-14,10.25,KG,0,1,0,6,1,2,2024
c736f728-7eef-4a45-9344-24811a2bf353,MAT-005,2024-01-14,23.52,M,0,1,0,6,1,2,2024
f3df9f65-4717-42ed-addd-11cc6add5e33,MAT-001,2024-01-15,283.31,KG,0,0,1,0,1,3,2024
cf366b42-c903-4dcf-a4ab-e831c89b0f22,MAT-002,2024-01-15,111.22,L,0,0,1,0,1,3,2024
eccf8291-0bee-40ec-891b-f63f0d6bf9a2,MAT-003,2024-01-15,494.41,UN,0,0,1,0,1,3,2024
16c3d567-0097-4031-8bac-427a656e0733,MAT-004,2024-01-15,72.76,KG,0,0,1,0,1,3,2024
85b47c60-54ed-46d7-b36a-0b243a260123,MAT-005,2024-01-15,156.65,M,0,0,1,0,1,3,2024
9464b268-ea59-4bf9-b144-c6ffacb463b3,MAT-001,2024-01-16,187.88,KG,0,0,0,1,1,3,2024
683bea55-7a2e-40a0-bf64-b3f77e47c05a,MAT-002,2024-01-16,84.89,L,0,0,0,1,1,3,2024
43b608b7-544f-4e80-ba23-337ab8d9f417,MAT-003,2024-01-16,381.34,UN,0,0,0,1,1,3,2024
144ee02e-8ed9-4479-b15e-66cfc1136879,MAT-004,2024-01-16,44.98,KG,0,0,0,1,1,3,2024
fd50c548-eb6e-4180-8c9e-3be2572459ed,MAT-005,2024-01-16,118.47,M,0,0,0,1,1,3,2024
5c064f89-7bcb-4eb6-a32e-15da180e2354,MAT-001,2024-01-17,209.78,KG,0,0,0,2,1,3,2024
714dc471-e604-4535-8829-f01f05212838,MAT-002,2024-01-17,71.9,L,0,0,0,2,1,3,2024
da4b9145-7d96-4ab8-b233-bafc096ca26f,MAT-003,2024-01-17,355.39,UN,0,0,0,2,1,3,2024
75883625-00e0-487b-ae30-7fa7274139ff,MAT-004,2024-01-17,44.74,KG,0,0,0,2,1,3,2024
d752fc1b-6b38-46e2-9e12-8a8a57bf63f4,MAT-005,2024-01-17,121.37,M,0,0,0,2,1,3,2024
5d2bf251-3017-41a1-9169-9caf992aa61a,MAT-001,2024-01-18,200.26,KG,0,0,0,3,1,3,2024
248e8d05-f605-4b1a-8960-fd7df21d42ca,MAT-002,2024-01-18,81.4,L,0,0,0,3,1,3,2024
a00e64d6-ce73-49d3-a0ed-c8c7afd481d0,MAT-003,2024-01-18,320.59,UN,0,0,0,3,1,3,2024
29b77c39-93d2-4032-92a9-67ecd24e4e4d,MAT-004,2024-01-18,47.94,KG,0,0,0,3,1,3,2024
1706fe0b-29e2-4dcb-8a8f-c0da5ac4b5f6,MAT-005,2024-01-18,120.59,M,0,0,0,3,1,3,2024
ce56e0ce-44b4-46e1-b9ca-0379bc07ed00,MAT-001,2024-01-19,181.58,KG,0,0,0,4,1,3,2024
b10b017c-87e4-4051-a087-d2a99059cd9e,MAT-002,2024-01-19,74.34,L,0,0,0,4,1,3,2024
5deadee8-da63-4ed8-9605-e6f47fc9dc68,MAT-003,2024-01-19,356.98,UN,0,0,0,4,1,3,2024
5052b9ef-966f-4c1f-9d3e-86fe3283c135,MAT-004,2024-01-19,45.09,KG,0,0,0,4,1,3,2024
4bb40962-a9d4-401b-a05e-813e5c7cbee7,MAT-005,2024-01-19,120.3,M,0,0,0,4,1,3,2024
fcd1a11e-3045-4f99-80ed-a85c353fa2ef,MAT-001,2024-01-20,42.96,KG,0,1,0,5,1,3,2024
c3a1d32a-6575-4d2d-a58b-440cba66c22f,MAT-002,2024-01-20,15.82,L,0,1,0,5,1,3,2024
93e6baf9-8f7f-4ff6-9ec6-c189e3167db9,MAT-003,2024-01-20,70.22,UN,0,1,0,5,1,3,2024
d1adeb08-ac71-4de4-a281-5ad34d776ece,MAT-004,2024-01-20,9.9,KG,0,1,0,5,1,3,2024
63e24bb1-de10-406f-943f-1071af3d4c93,MAT-005,2024-01-20,21.45,M,0,1,0,5,1,3,2024
659770eb-4633-4627-99e1-a337d002d78b,MAT-001,2024-01-21,39.64,KG,0,1,0,6,1,3,2024
22037fdc-641b-4abe-942d-d06c33ba20d3,MAT-002,2024-01-21,17.18,L,0,1,0,6,1,3,2024
4228da1a-c38f-4218-bf61-68cf0b187047,MAT-003,2024-01-21,73.75,UN,0,1,0,6,1,3,2024
8d8c93d7-5044-4fef-99a5-d935c1304a30,MAT-004,2024-01-21,9.75,KG,0,1,0,6,1,3,2024
121fb52f-3123-4c69-972f-f53e882d1683,MAT-005,2024-01-21,25.82,M,0,1,0,6,1,3,2024
7e6d0d10-2441-4a03-bdd2-3a5e4c9e562a,MAT-001,2024-01-22,211.8,KG,0,0,0,0,1,4,2024
c7abc4a6-6d50-4186-adaf-d235237f7f41,MAT-002,2024-01-22,81.5,L,0,0,0,0,1,4,2024
02696e23-b9c5-42e2-8c1c-4dc39a3ca81f,MAT-003,2024-01-22,311.8,UN,0,0,0,0,1,4,2024
f9ce0152-bc14-4b3f-8bbe-1cec25b28f3d,MAT-004,2024-01-22,48.13,KG,0,0,0,0,1,4,2024
f5aa68c7-e6fd-4877-86f2-6ffc027c5c7d,MAT-005,2024-01-22,107.44,M,0,0,0,0,1,4,2024
5e190768-5787-4dff-9a91-e08ddba22420,MAT-001,2024-01-23,223.72,KG,0,0,0,1,1,4,2024
30d0c797-4f00-4bf6-a5ff-d498fda44eaf,MAT-002,2024-01-23,88.34,L,0,0,0,1,1,4,2024
b84d9042-e4ff-4ca5-81c6-089e208c3a85,MAT-003,2024-01-23,313.8,UN,0,0,0,1,1,4,2024
3975beb1-f759-4b19-a759-a6662c889506,MAT-004,2024-01-23,55.21,KG,0,0,0,1,1,4,2024
82157168-1b29-4821-b170-4f727c6b17ee,MAT-005,2024-01-23,106.51,M,0,0,0,1,1,4,2024
9ac5eb38-cf6e-46ad-b026-beffa6b60ede,MAT-001,2024-01-24,195.63,KG,0,0,0,2,1,4,2024
1d6e031c-262a-47e8-a5a9-8017e35ec721,MAT-002,2024-01-24,85.16,L,0,0,0,2,1,4,2024
ccbe050d-ec00-4417-a980-f252992cbc3e,MAT-003,2024-01-24,372.33,UN,0,0,0,2,1,4,2024
bd6d41eb-b7d2-4172-8964-c6007324129d,MAT-004,2024-01-24,55.74,KG,0,0,0,2,1,4,2024
d562f623-cf6c-4ae4-bdbe-5625a322b737,MAT-005,2024-01-24,124.2,M,0,0,0,2,1,4,2024
9bd988e3-5662-4958-8b78-d10190abcaa3,MAT-001,2024-01-25,196.18,KG,0,0,0,3,1,4,2024
d1abf18b-70e6-4f4a-9e91-95081c0083a4,MAT-002,2024-01-25,89.46,L,0,0,0,3,1,4,2024
6e009361-79d4-4258-854c-b80cfc2c7e85,MAT-003,2024-01-25,340.13,UN,0,0,0,3,1,4,2024
98cce7fe-0704-4948-8d1e-3c0b6b883c42,MAT-004,2024-01-25,54.44,KG,0,0,0,3,1,4,2024
9cb14a0b-9ffb-47a2-a043-ca94727908d0,MAT-005,2024-01-25,131.71,M,0,0,0,3,1,4,2024
6c9781ef-cafb-4669-9664-6ad48822953e,MAT-001,2024-01-26,194.03,KG,0,0,0,4,1,4,2024
5700d97c-c2d7-4afb-95cb-e4cdbeef5d30,MAT-002,2024-01-26,83.51,L,0,0,0,4,1,4,2024
db31cfd2-9d30-477f-ac59-402ead227b24,MAT-003,2024-01-26,363.59,UN,0,0,0,4,1,4,2024
868c8060-4140-49b5-911b-a4decf72f233,MAT-004,2024-01-26,50.47,KG,0,0,0,4,1,4,2024
68c23418-1296-4007-ae6c-0718e3644ec9,MAT-005,2024-01-26,124.42,M,0,0,0,4,1,4,2024
042127bd-60e6-4779-8acc-53a197069235,MAT-001,2024-01-27,38.54,KG,0,1,0,5,1,4,2024
f46887fc-867b-4ac5-9af0-997762ef0cc6,MAT-002,2024-01-27,14.77,L,0,1,0,5,1,4,2024
570ecfc9-9d00-47a0-80be-3a83142e1afe,MAT-003,2024-01-27,70.63,UN,0,1,0,5,1,4,2024
96fd1616-3291-417c-81fb-3714bcb5136e,MAT-004,2024-01-27,10.07,KG,0,1,0,5,1,4,2024
7d162781-866c-4573-853b-ebba8ac71860,MAT-005,2024-01-27,25.31,M,0,1,0,5,1,4,2024
bbd043d2-21b6-474c-96ca-a93a0aa90be7,MAT-001,2024-01-28,37.34,KG,0,1,0,6,1,4,2024
b52ebff0-3b93-41c9-a8e7-c401f40e5b5b,MAT-002,2024-01-28,14.09,L,0,1,0,6,1,4,2024
1f35d47d-97f2-4cbd-9978-1cb464169978,MAT-003,2024-01-28,61.98,UN,0,1,0,6,1,4,2024
6e58e51b-cc2a-4397-85bb-c94630e182f8,MAT-004,2024-01-28,9.52,KG,0,1,0,6,1,4,2024
88c50105-9a8e-48f6-96cc-8399f4af56c1,MAT-005,2024-01-28,25.0,M,0,1,0,6,1,4,2024
43caaca1-dff0-4b93-a474-ef17468c6c59,MAT-001,2024-01-29,202.13,KG,0,0,0,0,1,5,2024
ed58929f-c2ff-4641-8d7f-1d9559aa6954,MAT-002,2024-01-29,80.61,L,0,0,0,0,1,5,2024
c6f6b906-5bd6-4409-9831-a24b3af28d3d,MAT-003,2024-01-29,377.16,UN,0,0,0,0,1,5,2024
ce836541-8b7a-4d1f-b296-3f969ce14800,MAT-004,2024-01-29,46.97,KG,0,0,0,0,1,5,2024
7a93cb04-2233-4e46-b629-421a7ab6507e,MAT-005,2024-01-29,115.57,M,0,0,0,0,1,5,2024
c05cec03-fc51-4d9a-a38d-5d1bca9a25e2,MAT-001,2024-01-30,189.23,KG,0,0,0,1,1,5,2024
a8a46050-3ce5-4cda-ba8d-44aeb1c8bcf0,MAT-002,2024-01-30,88.4,L,0,0,0,1,1,5,2024
7c082245-8e8e-406b-8812-981e4c497915,MAT-003,2024-01-30,368.9,UN,0,0,0,1,1,5,2024
9bb3d399-1cd3-4282-b842-33487805e1ee,MAT-004,2024-01-30,45.35,KG,0,0,0,1,1,5,2024
240a43aa-1a78-440d-9a1f-8f0fd9829c27,MAT-005,2024-01-30,128.91,M,0,0,0,1,1,5,2024
56fec455-3205-4a37-8e80-93063ed988ba,MAT-001,2024-01-31,196.12,KG,0,0,0,2,1,5,2024
04c85423-bbe2-4b3f-a208-df50598077d2,MAT-002,2024-01-31,85.11,L,0,0,0,2,1,5,2024
2bdef94e-3715-46b8-9e77-bc6f9bcaf673,MAT-003,2024-01-31,382.24,UN,0,0,0,2,1,5,2024
1d383d37-18f0-4063-8114-569b3e9dea78,MAT-004,2024-01-31,44.19,KG,0,0,0,2,1,5,2024
3a75bb37-ce1b-4636-88fd-b0602cde56de,MAT-005,2024-01-31,111.54,M,0,0,0,2,1,5,2024
d3f5f20f-aa68-449c-9b3a-76bb035c9d85,MAT-001,2024-02-01,253.18,KG,0,0,1,3,2,5,2024
993d7d01-ca13-410d-8ed6-3e83b5d51d1c,MAT-002,2024-02-01,99.46,L,0,0,1,3,2,5,2024
95193ec1-26fb-40ba-a260-1c72872ceaa3,MAT-003,2024-02-01,501.5,UN,0,0,1,3,2,5,2024
8b18a311-686f-4fad-9b1e-324a399b07f9,MAT-004,2024-02-01,73.42,KG,0,0,1,3,2,5,2024
77a86f09-b693-46ec-aee3-e8e800ef4f63,MAT-005,2024-02-01,149.8,M,0,0,1,3,2,5,2024
491b7dba-b5c7-44c9-9ca5-ce560a919918,MAT-001,2024-02-02,211.55,KG,0,0,0,4,2,5,2024
d7a619af-d3d4-49b9-a1d3-dc6c6b193bd2,MAT-002,2024-02-02,78.12,L,0,0,0,4,2,5,2024
c913f539-df2f-4dc7-acb9-4158a31e4bb2,MAT-003,2024-02-02,327.68,UN,0,0,0,4,2,5,2024
4bfa4750-c008-471a-8683-90d1d0351b30,MAT-004,2024-02-02,46.61,KG,0,0,0,4,2,5,2024
fa7b9ea7-f2c2-47cd-ae35-5ba89bbd0e85,MAT-005,2024-02-02,130.48,M,0,0,0,4,2,5,2024
a1c771c2-cf97-44ed-b93e-eae0479f786a,MAT-001,2024-02-03,35.74,KG,0,1,0,5,2,5,2024
574d317d-f25f-46b3-929d-8f5436a08378,MAT-002,2024-02-03,16.01,L,0,1,0,5,2,5,2024
f4ba7268-6705-485f-8c0f-276effe07a81,MAT-003,2024-02-03,66.46,UN,0,1,0,5,2,5,2024
6784e21f-8a55-48bf-ab80-42e6a34b0599,MAT-004,2024-02-03,10.76,KG,0,1,0,5,2,5,2024
aa2938e8-a8ff-4de5-8da1-1e70c9271552,MAT-005,2024-02-03,25.33,M,0,1,0,5,2,5,2024
c3c28ae7-4cdf-4dfd-a317-e892db2dc1c4,MAT-001,2024-02-04,38.26,KG,0,1,0,6,2,5,2024
bb2c9ba2-309b-449f-b970-a1cb2ffad739,MAT-002,2024-02-04,16.38,L,0,1,0,6,2,5,2024
9c2c5428-651c-4e4e-a58e-59f8df814b7f,MAT-003,2024-02-04,72.9,UN,0,1,0,6,2,5,2024
8da28dff-a02d-4e8c-b3a2-79a84d2a4959,MAT-004,2024-02-04,9.57,KG,0,1,0,6,2,5,2024
8f3beaf2-a077-4760-b527-d843e24c3a58,MAT-005,2024-02-04,22.86,M,0,1,0,6,2,5,2024
c3a39d31-95d3-4745-b0d4-cdbcdb93ff07,MAT-001,2024-02-05,182.88,KG,0,0,0,0,2,6,2024
cf90262f-7345-402d-a999-bc1221e6d7df,MAT-002,2024-02-05,83.08,L,0,0,0,0,2,6,2024
306c7f22-583a-4f2f-9aaa-0f3fd1e72bfe,MAT-003,2024-02-05,326.57,UN,0,0,0,0,2,6,2024
6b07ba27-81cf-45b3-b826-ff3cec85b850,MAT-004,2024-02-05,47.61,KG,0,0,0,0,2,6,2024
676e4270-e40e-4ab5-94d8-01b9609bdfed,MAT-005,2024-02-05,107.36,M,0,0,0,0,2,6,2024
69f55a80-42c8-4284-9a7a-a860a014138e,MAT-001,2024-02-06,221.53,KG,0,0,0,1,2,6,2024
4577f002-ed76-4e9d-8c04-4a705817a03f,MAT-002,2024-02-06,87.29,L,0,0,0,1,2,6,2024
f8d63f83-2b1a-4ad2-ac4d-a4276bf0ce1b,MAT-003,2024-02-06,384.57,UN,0,0,0,1,2,6,2024
1ae89de2-a2f5-4d8a-ba95-630d27893eef,MAT-004,2024-02-06,51.51,KG,0,0,0,1,2,6,2024
79aeec90-822e-4427-98ea-fc2c9a2c47ef,MAT-005,2024-02-06,117.9,M,0,0,0,1,2,6,2024
0c9b40fd-0353-4a12-bfbe-f15dd3450f8d,MAT-001,2024-02-07,199.79,KG,0,0,0,2,2,6,2024
3edf37fb-0f04-4455-98c4-91111ddb9998,MAT-002,2024-02-07,89.07,L,0,0,0,2,2,6,2024
f8837da4-46cf-4744-b682-9014e0609e77,MAT-003,2024-02-07,387.09,UN,0,0,0,2,2,6,2024
f1a53cfd-dc4a-4910-aab4-e3e1136660f2,MAT-004,2024-02-07,52.06,KG,0,0,0,2,2,6,2024
0941cda3-144c-4c84-8812-909e1256a34b,MAT-005,2024-02-07,128.23,M,0,0,0,2,2,6,2024
8d01a759-d3c7-4716-871c-372d5de42878,MAT-001,2024-02-08,191.3,KG,0,0,0,3,2,6,2024
2e73d113-afe1-4a2e-a3c4-dcf32e815470,MAT-002,2024-02-08,78.39,L,0,0,0,3,2,6,2024
f2edab60-29da-416f-b81d-9720594baf41,MAT-003,2024-02-08,320.53,UN,0,0,0,3,2,6,2024
504f6479-f577-4157-a3d9-acee3734839b,MAT-004,2024-02-08,48.52,KG,0,0,0,3,2,6,2024
b90639c8-955b-4de4-ac41-8963a7442dbd,MAT-005,2024-02-08,127.33,M,0,0,0,3,2,6,2024
c91f4c6f-0a46-4004-b19e-2a3c2b44f993,MAT-001,2024-02-09,198.73,KG,0,0,0,4,2,6,2024
ce923be0-26c1-480e-a67e-99a2fe267fa3,MAT-002,2024-02-09,86.71,L,0,0,0,4,2,6,2024
762620c5-df34-4399-be23-8b1d6a47eb57,MAT-003,2024-02-09,333.26,UN,0,0,0,4,2,6,2024
e0194a4b-7676-4a37-bdd3-aead49403a52,MAT-004,2024-02-09,52.49,KG,0,0,0,4,2,6,2024
3befd6f3-b6c5-4494-bb9c-a41a76900cae,MAT-005,2024-02-09,128.81,M,0,0,0,4,2,6,2024
c8f5a4f2-2a2c-40e1-a7cd-9a501314798d,MAT-001,2024-02-10,43.98,KG,0,1,0,5,2,6,2024
17384a9c-5dc6-4a34-844b-733b8af71fb8,MAT-002,2024-02-10,16.24,L,0,1,0,5,2,6,2024
3431b2ac-980c-44ea-a924-1f07fd20318e,MAT-003,2024-02-10,77.86,UN,0,1,0,5,2,6,2024
594ecbdc-2c41-4c4f-97e1-a6c2fd56bbfc,MAT-004,2024-02-10,10.14,KG,0,1,0,5,2,6,2024
f53ece3d-ec74-4d14-b71b-ce2ef30d1e48,MAT-005,2024-02-10,21.89,M,0,1,0,5,2,6,2024
b0c4d66e-78e7-41da-821c-8751648b35db,MAT-001,2024-02-11,37.53,KG,0,1,0,6,2,6,2024
1a8cb8eb-6b2a-4b1c-9fca-6abc2c1e8825,MAT-002,2024-02-11,14.86,L,0,1,0,6,2,6,2024
8d0ab393-dec9-4882-9a01-51ed3f866e1f,MAT-003,2024-02-11,72.46,UN,0,1,0,6,2,6,2024
8f1aaa8b-616c-455c-bbef-e7d951dc43e0,MAT-004,2024-02-11,11.01,KG,0,1,0,6,2,6,2024
0c92247b-5b63-4cb4-a8d2-ad32cb94ea41,MAT-005,2024-02-11,26.0,M,0,1,0,6,2,6,2024
3d50513f-70ed-4406-9de5-2543b85ad9cc,MAT-001,2024-02-12,180.44,KG,0,0,0,0,2,7,2024
cf6b8da1-410d-4132-833f-1e71554b5d50,MAT-002,2024-02-12,84.31,L,0,0,0,0,2,7,2024
26823361-4e75-42c9-a710-b956fa9f34b5,MAT-003,2024-02-12,324.0,UN,0,0,0,0,2,7,2024
881ee0fe-d366-49f9-a378-d3ed2dd2d978,MAT-004,2024-02-12,47.22,KG,0,0,0,0,2,7,2024
8e994595-9750-4a45-a0c8-e950e4cbdaa7,MAT-005,2024-02-12,125.0,M,0,0,0,0,2,7,2024
5513cd0a-6b50-40ce-8056-9e4e2654a476,MAT-001,2024-02-13,204.94,KG,0,0,0,1,2,7,2024
7e625635-830a-47aa-9d14-887f67f39169,MAT-002,2024-02-13,87.17,L,0,0,0,1,2,7,2024
a6608970-49c3-4e15-8d8a-a28720a78a8d,MAT-003,2024-02-13,323.81,UN,0,0,0,1,2,7,2024
c543a732-8234-4473-b7d6-8cd999dbff5a,MAT-004,2024-02-13,53.14,KG,0,0,0,1,2,7,2024
84721c37-b9c3-44fc-973b-34d1b5f7522c,MAT-005,2024-02-13,126.46,M,0,0,0,1,2,7,2024
f277c769-f5f4-450f-8fbc-329a41d96d30,MAT-001,2024-02-14,202.82,KG,0,0,0,2,2,7,2024
fb0453b3-02fc-41c2-a273-2498c51196d0,MAT-002,2024-02-14,79.6,L,0,0,0,2,2,7,2024
53a4b73d-f9a8-44c3-8889-69a07f06ad03,MAT-003,2024-02-14,381.04,UN,0,0,0,2,2,7,2024
74fdc8a4-f34e-4808-944d-1a3fed3403ba,MAT-004,2024-02-14,48.0,KG,0,0,0,2,2,7,2024
7e568520-c3fd-4191-b202-009385871d12,MAT-005,2024-02-14,133.16,M,0,0,0,2,2,7,2024
dc530d70-97bf-47b0-b29b-c8128639a5b0,MAT-001,2024-02-15,247.43,KG,0,0,1,3,2,7,2024
36d08380-521d-43ef-857f-ad947d70a6d4,MAT-002,2024-02-15,123.75,L,0,0,1,3,2,7,2024
ff4959d4-fb67-4987-afb0-4f4bb6db828c,MAT-003,2024-02-15,544.34,UN,0,0,1,3,2,7,2024
28029615-797b-46db-9260-348428a58dbc,MAT-004,2024-02-15,63.57,KG,0,0,1,3,2,7,2024
b095bae0-08dc-4adb-92fc-17ec1d063265,MAT-005,2024-02-15,188.14,M,0,0,1,3,2,7,2024
b1441333-7c54-4c57-882f-b7d39b80041c,MAT-001,2024-02-16,198.99,KG,0,0,0,4,2,7,2024
03cd13b7-ed6d-4bc8-ae46-710005da8d14,MAT-002,2024-02-16,75.06,L,0,0,0,4,2,7,2024
de595e97-77f7-4d05-80fe-d2083a350cbc,MAT-003,2024-02-16,358.77,UN,0,0,0,4,2,7,2024
bd3349d5-5497-4391-ac0d-653cab7bb564,MAT-004,2024-02-16,46.45,KG,0,0,0,4,2,7,2024
39fd9206-5b21-40e9-bff1-c8d80c5c859f,MAT-005,2024-02-16,131.96,M,0,0,0,4,2,7,2024
bba68050-a300-47f1-9132-7646859f4c66,MAT-001,2024-02-17,40.5,KG,0,1,0,5,2,7,2024
d2bd8e66-e70d-4aa8-b377-6006485fc2dd,MAT-002,2024-02-17,17.06,L,0,1,0,5,2,7,2024
ac252e99-5252-4da0-86ec-abf1b06d29b1,MAT-003,2024-02-17,68.0,UN,0,1,0,5,2,7,2024
b65f7e44-c82f-4e80-990f-f8b15af23137,MAT-004,2024-02-17,10.08,KG,0,1,0,5,2,7,2024
12149eeb-d673-49c5-bf51-898158726f71,MAT-005,2024-02-17,23.19,M,0,1,0,5,2,7,2024
f083f18a-8f4e-48dc-8f9d-efcbe7b8f23f,MAT-001,2024-02-18,37.71,KG,0,1,0,6,2,7,2024
b2b11bfd-50be-4f32-893d-90b81d9d9f4e,MAT-002,2024-02-18,16.05,L,0,1,0,6,2,7,2024
c8624134-ea4c-4c29-8113-45b3d41bd145,MAT-003,2024-02-18,69.95,UN,0,1,0,6,2,7,2024
dfbb9918-9b09-4b4d-8265-c68e8ad004fd,MAT-004,2024-02-18,9.04,KG,0,1,0,6,2,7,2024
627dd7dc-058e-4a19-85cf-b60eaae4a935,MAT-005,2024-02-18,26.77,M,0,1,0,6,2,7,2024
8d207916-9020-447d-a667-f5c259ff685a,MAT-001,2024-02-19,198.54,KG,0,0,0,0,2,8,2024
8bf15192-c9a0-4f25-ac71-609079aa01b7,MAT-002,2024-02-19,86.52,L,0,0,0,0,2,8,2024
c4df25a4-4f4b-485e-b503-b44037e09269,MAT-003,2024-02-19,384.8,UN,0,0,0,0,2,8,2024
e0a9d8e2-4947-4edd-9da7-224bbe4632d0,MAT-004,2024-02-19,48.45,KG,0,0,0,0,2,8,2024
743fe89d-06ad-416b-9a98-42e9abf682b7,MAT-005,2024-02-19,117.52,M,0,0,0,0,2,8,2024
3401f21d-4acf-40a9-b919-5786b4189adb,MAT-001,2024-02-20,203.0,KG,0,0,0,1,2,8,2024
0a8ecc96-c726-4f8e-8ddb-128825d073d1,MAT-002,2024-02-20,74.65,L,0,0,0,1,2,8,2024
67f19d64-486e-4905-aec8-dbfddff6af79,MAT-003,2024-02-20,320.26,UN,0,0,0,1,2,8,2024
4bca6f7c-5225-4643-90a6-e1810d86c3f0,MAT-004,2024-02-20,47.13,KG,0,0,0,1,2,8,2024
353c6fa5-c067-4b23-9428-3339167aef33,MAT-005,2024-02-20,132.52,M,0,0,0,1,2,8,2024
c138d1b2-8880-4c13-a17d-a69edc8ac7d0,MAT-001,2024-02-21,203.8,KG,0,0,0,2,2,8,2024
8fff2d3a-defe-460d-8e45-294c37c91233,MAT-002,2024-02-21,78.42,L,0,0,0,2,2,8,2024
9c40e85f-a625-4da5-96df-f3cb68fc4787,MAT-003,2024-02-21,320.8,UN,0,0,0,2,2,8,2024
2fd4d78f-d095-44b8-a4f0-24bb63056b7b,MAT-004,2024-02-21,47.96,KG,0,0,0,2,2,8,2024
25e17842-7e60-4b8a-aa1c-e99160bac700,MAT-005,2024-02-21,116.54,M,0,0,0,2,2,8,2024
53938616-c2e5-4f1f-9d0c-00b037f62ce0,MAT-001,2024-02-22,216.0,KG,0,0,0,3,2,8,2024
1b0889fd-bcfc-4c41-ba5c-515119bd4996,MAT-002,2024-02-22,79.99,L,0,0,0,3,2,8,2024
acf54c20-6bd4-41e3-8d6b-df9a18bfcaa9,MAT-003,2024-02-22,362.99,UN,0,0,0,3,2,8,2024
1c1bda96-da3d-4c0c-927e-b27d128521e9,MAT-004,2024-02-22,52.22,KG,0,0,0,3,2,8,2024
cf3d210d-730b-4335-8e28-31b10db9d1ee,MAT-005,2024-02-22,113.01,M,0,0,0,3,2,8,2024
25ae3d52-24ef-4fbd-b085-8c8fe7a21709,MAT-001,2024-02-23,215.44,KG,0,0,0,4,2,8,2024
2076be7e-442f-4b46-8ce8-46fb92de1c9b,MAT-002,2024-02-23,88.96,L,0,0,0,4,2,8,2024
cc44d48b-395f-4984-b7b6-3bb422c3fa7c,MAT-003,2024-02-23,361.9,UN,0,0,0,4,2,8,2024
d12c8732-fe04-47c7-a417-2b9465bb978f,MAT-004,2024-02-23,49.89,KG,0,0,0,4,2,8,2024
2867a216-1317-4eca-a093-b80403d1c57b,MAT-005,2024-02-23,110.45,M,0,0,0,4,2,8,2024
45349071-2b74-4e69-bfdb-0952f97716ad,MAT-001,2024-02-24,42.83,KG,0,1,0,5,2,8,2024
45b0eec5-5811-4a64-92bf-bf191b380425,MAT-002,2024-02-24,14.73,L,0,1,0,5,2,8,2024
56e31903-500d-41a9-a85d-8d1f09fd7cfa,MAT-003,2024-02-24,73.7,UN,0,1,0,5,2,8,2024
3828eb82-a93a-431f-ac22-52f1ccf02db5,MAT-004,2024-02-24,9.97,KG,0,1,0,5,2,8,2024
8044c919-a5a4-4761-80b1-5d3fdafcf9f9,MAT-005,2024-02-24,26.4,M,0,1,0,5,2,8,2024
2603c652-eb7e-435b-861b-c1ac78b01b92,MAT-001,2024-02-25,40.4,KG,0,1,0,6,2,8,2024
dda905e7-0c7d-47f0-bd7e-92fab223159d,MAT-002,2024-02-25,16.54,L,0,1,0,6,2,8,2024
d05ad6ec-c58e-4769-9c51-4dab473dd36f,MAT-003,2024-02-25,62.59,UN,0,1,0,6,2,8,2024
db6762d9-30f8-432d-b2d4-a72f61d42318,MAT-004,2024-02-25,8.88,KG,0,1,0,6,2,8,2024
b0e2d289-e673-4e4a-b097-93486023c907,MAT-005,2024-02-25,26.0,M,0,1,0,6,2,8,2024
52447cf4-9f0e-4a01-9d1d-9a5af865c137,MAT-001,2024-02-26,221.37,KG,0,0,0,0,2,9,2024
b23e864b-0668-493b-b9da-df01430286b3,MAT-002,2024-02-26,83.23,L,0,0,0,0,2,9,2024
e95223e5-ddaf-4514-ad47-e2151efd7189,MAT-003,2024-02-26,372.2,UN,0,0,0,0,2,9,2024
3f7094bc-b76c-4403-9d42-665997aa4978,MAT-004,2024-02-26,48.95,KG,0,0,0,0,2,9,2024
e9eb9032-4096-4574-b3af-ef15f13d6c20,MAT-005,2024-02-26,129.87,M,0,0,0,0,2,9,2024
302e8588-d5fc-47fd-9433-527789c74d29,MAT-001,2024-02-27,187.11,KG,0,0,0,1,2,9,2024
77b5c444-fe89-4a37-84ee-5af14d32538a,MAT-002,2024-02-27,83.98,L,0,0,0,1,2,9,2024
44e5ec59-d7dc-4958-97b2-0e662d50749b,MAT-003,2024-02-27,308.77,UN,0,0,0,1,2,9,2024
4b6c6710-0f58-4a67-b002-5e5f3e9f7b4e,MAT-004,2024-02-27,50.07,KG,0,0,0,1,2,9,2024
73d4617b-7b86-4469-b145-6cfee0561db5,MAT-005,2024-02-27,116.35,M,0,0,0,1,2,9,2024
337298f4-33b3-48f9-8a86-d3b74d546c08,MAT-001,2024-02-28,205.66,KG,0,0,0,2,2,9,2024
2c760698-5097-4ba9-a419-da2c6c9e5168,MAT-002,2024-02-28,83.2,L,0,0,0,2,2,9,2024
241c6f1c-88fd-4775-81a7-b6ff74bc1045,MAT-003,2024-02-28,359.79,UN,0,0,0,2,2,9,2024
feae0680-dc2a-435b-9862-134cfc82419a,MAT-004,2024-02-28,49.8,KG,0,0,0,2,2,9,2024
4f8e8a69-c17e-4783-b7ba-34743b84bc34,MAT-005,2024-02-28,119.65,M,0,0,0,2,2,9,2024
15be9ae5-d9dc-40d2-b5c1-7a4a0d7faf2f,MAT-001,2024-02-29,176.32,KG,0,0,0,3,2,9,2024
d7e44b89-5833-475b-ba1d-29c6ff9407c3,MAT-002,2024-02-29,80.99,L,0,0,0,3,2,9,2024
ec8c6237-8ef4-4e71-a870-e553ec4cb560,MAT-003,2024-02-29,309.0,UN,0,0,0,3,2,9,2024
f878bdab-6a52-4fb0-91b2-a700dd72c983,MAT-004,2024-02-29,50.35,KG,0,0,0,3,2,9,2024
c3855c82-afe0-41d5-8100-9860883e7e2b,MAT-005,2024-02-29,113.51,M,0,0,0,3,2,9,2024
e34d5d9b-7c02-42fd-809b-de853d99e678,MAT-001,2024-03-01,312.09,KG,0,0,1,4,3,9,2024
7f428037-b63d-4c6c-8596-a8be4d9be1a1,MAT-002,2024-03-01,99.02,L,0,0,1,4,3,9,2024
a6508e19-a60e-48a9-ae9b-2edccb147e8c,MAT-003,2024-03-01,526.83,UN,0,0,1,4,3,9,2024
a0f8fd58-5506-48e8-942b-2828e252fa0d,MAT-004,2024-03-01,72.92,KG,0,0,1,4,3,9,2024
55cb5962-2007-4aa5-996d-f402b4a452fa,MAT-005,2024-03-01,180.34,M,0,0,1,4,3,9,2024
84eb56b8-62d7-4280-8ec0-b19ff8a9aa7d,MAT-001,2024-03-02,43.93,KG,0,1,0,5,3,9,2024
1846f738-38e6-4ede-95cd-8eb3fb89a925,MAT-002,2024-03-02,14.49,L,0,1,0,5,3,9,2024
d1ff20a9-e476-402e-ae90-b36f387f8164,MAT-003,2024-03-02,63.22,UN,0,1,0,5,3,9,2024
ba77de18-a311-40b9-8fce-c5284c39d917,MAT-004,2024-03-02,9.16,KG,0,1,0,5,3,9,2024
049c25ea-7aef-4d47-a36d-811b99cc6d1b,MAT-005,2024-03-02,22.23,M,0,1,0,5,3,9,2024
bbe9a4f6-bed8-42b6-a5a3-ed481c82d639,MAT-001,2024-03-03,40.25,KG,0,1,0,6,3,9,2024
80fa92e4-7c87-4c12-8491-3cc3ee2343be,MAT-002,2024-03-03,17.21,L,0,1,0,6,3,9,2024
a67ca60f-f649-4cab-9a41-86a75ec3d616,MAT-003,2024-03-03,66.09,UN,0,1,0,6,3,9,2024
32d7cd1f-38a3-42d6-8d7e-6a2b2b1e5a2f,MAT-004,2024-03-03,9.75,KG,0,1,0,6,3,9,2024
98cf897e-206a-4079-ba7e-1e3105a1a888,MAT-005,2024-03-03,23.27,M,0,1,0,6,3,9,2024
d1182936-a71c-45d8-9322-302aed73f0b8,MAT-001,2024-03-04,195.49,KG,0,0,0,0,3,10,2024
3b7c36c8-9902-45ec-80ce-02959d54ca04,MAT-002,2024-03-04,81.25,L,0,0,0,0,3,10,2024
1e8283e1-7694-404d-b152-c8c72139f58f,MAT-003,2024-03-04,391.18,UN,0,0,0,0,3,10,2024
5f974cf2-984b-404c-a12e-24e57ae68eb4,MAT-004,2024-03-04,46.71,KG,0,0,0,0,3,10,2024
6c807e54-b2fa-4751-8730-a575ec548730,MAT-005,2024-03-04,125.3,M,0,0,0,0,3,10,2024
18242ea9-0345-4d48-a2e7-436844894d78,MAT-001,2024-03-05,216.7,KG,0,0,0,1,3,10,2024
e3139dde-107c-484a-a4f9-b11c7dc054cb,MAT-002,2024-03-05,82.95,L,0,0,0,1,3,10,2024
872ea481-f161-42bc-8528-e9b710c13bb8,MAT-003,2024-03-05,380.09,UN,0,0,0,1,3,10,2024
dac5ed6e-825b-40d3-b92c-c53f881a78ef,MAT-004,2024-03-05,53.12,KG,0,0,0,1,3,10,2024
ef3da0b2-72bc-49be-b409-3d3effbed9f0,MAT-005,2024-03-05,108.29,M,0,0,0,1,3,10,2024
8604168f-4523-4e33-bda7-ad708bfaee43,MAT-001,2024-03-06,194.2,KG,0,0,0,2,3,10,2024
d5d73e59-787f-48ff-a3c0-8689cce90ef3,MAT-002,2024-03-06,81.01,L,0,0,0,2,3,10,2024
6729b63e-1865-40f9-b4f2-7887d4d05cc5,MAT-003,2024-03-06,312.71,UN,0,0,0,2,3,10,2024
776458be-6993-4d49-a217-8db66c07a6da,MAT-004,2024-03-06,44.11,KG,0,0,0,2,3,10,2024
660ecf54-a22b-402d-8a8c-d6fd50f8526a,MAT-005,2024-03-06,110.54,M,0,0,0,2,3,10,2024
a2bf0888-5815-4743-967b-d1f9a25ee167,MAT-001,2024-03-07,199.99,KG,0,0,0,3,3,10,2024
d464767d-68d0-4610-b6ad-7a2e5fab3d36,MAT-002,2024-03-07,78.73,L,0,0,0,3,3,10,2024
4998c37a-610d-4778-980d-37329f97af5d,MAT-003,2024-03-07,373.89,UN,0,0,0,3,3,10,2024
9e93f588-2380-4029-8bd2-d91d2b86dc19,MAT-004,2024-03-07,50.79,KG,0,0,0,3,3,10,2024
b2e08929-b307-47f9-80a7-da759c3d2b86,MAT-005,2024-03-07,130.31,M,0,0,0,3,3,10,2024
aa1c8f33-4e11-4144-ae66-45d36e21796c,MAT-001,2024-03-08,180.58,KG,0,0,0,4,3,10,2024
d599cb01-51c5-40c0-8b86-86b252ce0f92,MAT-002,2024-03-08,80.54,L,0,0,0,4,3,10,2024
be901b94-da91-494d-a25f-b7c156632526,MAT-003,2024-03-08,311.57,UN,0,0,0,4,3,10,2024
6725669c-f8bd-4c97-ac57-f8a7f2d5b21f,MAT-004,2024-03-08,46.54,KG,0,0,0,4,3,10,2024
c55d4c95-57c4-45fd-b660-3c64dc8026d2,MAT-005,2024-03-08,130.6,M,0,0,0,4,3,10,2024
acebfa16-4777-46fe-8fbc-716b360ea3ad,MAT-001,2024-03-09,43.72,KG,0,1,0,5,3,10,2024
58314eb8-5a85-48a8-aa94-8e6de859cd26,MAT-002,2024-03-09,15.91,L,0,1,0,5,3,10,2024
f6bd05be-5993-43b7-bd80-2ac70ba433cb,MAT-003,2024-03-09,62.38,UN,0,1,0,5,3,10,2024
5d84282e-d423-433e-aca4-2cafa8d1725e,MAT-004,2024-03-09,8.98,KG,0,1,0,5,3,10,2024
662f6ab9-b6b3-4750-90b8-03c43b6ee9ed,MAT-005,2024-03-09,26.45,M,0,1,0,5,3,10,2024
519c3fe7-fe42-41c7-90c4-72a4cce3ba08,MAT-001,2024-03-10,43.83,KG,0,1,0,6,3,10,2024
a20a611d-6275-4114-891d-cdad16a40529,MAT-002,2024-03-10,16.24,L,0,1,0,6,3,10,2024
f6e07644-690f-4cc3-84f7-2678822bebc6,MAT-003,2024-03-10,62.15,UN,0,1,0,6,3,10,2024
fd6a66cb-94b8-48aa-8bd1-6a0adb48b685,MAT-004,2024-03-10,11.03,KG,0,1,0,6,3,10,2024
62f2bec2-2f6b-4e7b-aed9-a8ce3a4a8215,MAT-005,2024-03-10,22.93,M,0,1,0,6,3,10,2024
bef90119-d93c-461a-99d1-3820ad8e4eee,MAT-001,2024-03-11,222.15,KG,0,0,0,0,3,11,2024
5b5d1ccd-8b49-4beb-8e7d-b0fb080b0a5b,MAT-002,2024-03-11,81.67,L,0,0,0,0,3,11,2024
49da2ae5-6c1a-45a3-b4bf-16f2849d5dfd,MAT-003,2024-03-11,371.19,UN,0,0,0,0,3,11,2024
406e7415-9511-4e2b-9f34-933838c941ef,MAT-004,2024-03-11,52.55,KG,0,0,0,0,3,11,2024
bc9e8c4f-63ed-423f-8a30-6332838b6cfb,MAT-005,2024-03-11,117.07,M,0,0,0,0,3,11,2024
3a420b7a-1c1b-49ac-b990-de0536c7d1bd,MAT-001,2024-03-12,179.69,KG,0,0,0,1,3,11,2024
33f50eb1-b8f9-4e04-87bc-d66876651c41,MAT-002,2024-03-12,73.52,L,0,0,0,1,3,11,2024
4d617cfd-16bc-4ff7-84e7-6a5a760f0fd6,MAT-003,2024-03-12,328.2,UN,0,0,0,1,3,11,2024
c87af428-12b7-466d-895d-1351487a1f78,MAT-004,2024-03-12,54.02,KG,0,0,0,1,3,11,2024
d2835a79-a219-4ca7-b1f0-cf2379a8f3f7,MAT-005,2024-03-12,116.81,M,0,0,0,1,3,11,2024
1000aad6-07f3-43aa-8551-6fabfd01c828,MAT-001,2024-03-13,219.03,KG,0,0,0,2,3,11,2024
ece6a9fc-5c27-44af-b4ed-a8196f4d55d3,MAT-002,2024-03-13,76.77,L,0,0,0,2,3,11,2024
e6253ee2-6d62-4221-a4de-8cd4fc29e716,MAT-003,2024-03-13,371.47,UN,0,0,0,2,3,11,2024
7373edf8-d9c2-431b-84b0-06b3df307b10,MAT-004,2024-03-13,45.68,KG,0,0,0,2,3,11,2024
01395260-7f9b-4482-8343-703b59c3d3d1,MAT-005,2024-03-13,134.07,M,0,0,0,2,3,11,2024
d9544f9a-679f-4e35-b2c5-1ca71c7614e1,MAT-001,2024-03-14,210.76,KG,0,0,0,3,3,11,2024
2c30b3cd-eb13-4a6c-a698-a0523dc9e00a,MAT-002,2024-03-14,80.02,L,0,0,0,3,3,11,2024
e5bb0b05-8c54-4d01-b0c3-de639a9ab001,MAT-003,2024-03-14,389.84,UN,0,0,0,3,3,11,2024
63238b5c-8d4e-4d05-91c5-e2dd6ec5eca9,MAT-004,2024-03-14,44.64,KG,0,0,0,3,3,11,2024
1178e811-c444-4a15-8370-4d567093c635,MAT-005,2024-03-14,118.19,M,0,0,0,3,3,11,2024
cc74d65c-dd3c-4df7-863e-65a4b46e4c2f,MAT-001,2024-03-15,302.76,KG,0,0,1,4,3,11,2024
61a827ee-39b1-449c-9ba8-40bb5d9b2533,MAT-002,2024-03-15,107.72,L,0,0,1,4,3,11,2024
1f5b6dee-189f-4b98-bfee-709da9d86643,MAT-003,2024-03-15,521.64,UN,0,0,1,4,3,11,2024
dcd13c95-15ec-4d54-9ee7-e3b4fcbffc02,MAT-004,2024-03-15,77.64,KG,0,0,1,4,3,11,2024
1830a170-0210-41d3-91bb-8c043b73bc72,MAT-005,2024-03-15,163.84,M,0,0,1,4,3,11,2024
019f98e1-3d85-4ceb-b148-3cd1bc83b395,MAT-001,2024-03-16,42.63,KG,0,1,0,5,3,11,2024
65c03608-be72-4e45-9c8c-de896ff739dd,MAT-002,2024-03-16,14.19,L,0,1,0,5,3,11,2024
da0b35cf-553d-447c-bb39-c861dfa16c6b,MAT-003,2024-03-16,66.19,UN,0,1,0,5,3,11,2024
4155c98f-a2a6-4bce-8395-092d0e7d9392,MAT-004,2024-03-16,11.18,KG,0,1,0,5,3,11,2024
3e450fb6-3044-44b9-b1e4-8013745439cc,MAT-005,2024-03-16,23.95,M,0,1,0,5,3,11,2024
f989ccd8-7f87-4d83-b6bc-3f22571f432e,MAT-001,2024-03-17,38.62,KG,0,1,0,6,3,11,2024
dee3b7eb-544d-409d-ae51-0f5731251814,MAT-002,2024-03-17,17.69,L,0,1,0,6,3,11,2024
7faf0859-20db-4c02-a271-9352c0020de1,MAT-003,2024-03-17,68.86,UN,0,1,0,6,3,11,2024
f0c419dd-91b0-41ce-a14f-8152d37d1a69,MAT-004,2024-03-17,10.43,KG,0,1,0,6,3,11,2024
fb152582-85d8-4660-ada3-1a2e2cd96774,MAT-005,2024-03-17,24.93,M,0,1,0,6,3,11,2024
79ac6d9f-141f-4ffa-a24f-d9f192d2dc7f,MAT-001,2024-03-18,180.11,KG,0,0,0,0,3,12,2024
1570e9c2-ed5f-48d7-9d4b-07f2d2705baf,MAT-002,2024-03-18,82.28,L,0,0,0,0,3,12,2024
d8837718-d7e5-4d53-a38b-5c4123d8f33a,MAT-003,2024-03-18,375.04,UN,0,0,0,0,3,12,2024
e904db7a-2c26-40c4-8447-5452b990223b,MAT-004,2024-03-18,52.56,KG,0,0,0,0,3,12,2024
4f4f8207-c1e2-482c-9058-c93e0d6e7994,MAT-005,2024-03-18,107.96,M,0,0,0,0,3,12,2024
1f6231d6-fe64-476a-bb5b-c0c37015ce17,MAT-001,2024-03-19,183.4,KG,0,0,0,1,3,12,2024
bdb4035f-0abf-495c-946d-20051748444e,MAT-002,2024-03-19,84.06,L,0,0,0,1,3,12,2024
6e5b9ee6-38fb-4a64-8bcb-3f6b67cf7396,MAT-003,2024-03-19,361.25,UN,0,0,0,1,3,12,2024
c055f9cb-2a87-441d-ae7d-e027e179595c,MAT-004,2024-03-19,52.88,KG,0,0,0,1,3,12,2024
20953145-8551-4792-90d9-0420bba681cf,MAT-005,2024-03-19,114.72,M,0,0,0,1,3,12,2024
303f77b1-f850-42e6-9ff2-be5820c1da0f,MAT-001,2024-03-20,181.11,KG,0,0,0,2,3,12,2024
1cd23353-5df0-40cf-84ba-2e858bc42e41,MAT-002,2024-03-20,70.5,L,0,0,0,2,3,12,2024
e206e313-5109-4afc-9f7e-1a07af51149c,MAT-003,2024-03-20,333.89,UN,0,0,0,2,3,12,2024
4da545f2-2d23-4a38-a401-b9297301ae0a,MAT-004,2024-03-20,48.32,KG,0,0,0,2,3,12,2024
2decd0b1-6f64-4159-9a0f-408ce8c34434,MAT-005,2024-03-20,113.37,M,0,0,0,2,3,12,2024
de7f3d31-5cde-4b07-b759-dad08bc0c1e0,MAT-001,2024-03-21,182.36,KG,0,0,0,3,3,12,2024
60f92729-69d2-4a93-80ab-9d2f9d253e24,MAT-002,2024-03-21,74.0,L,0,0,0,3,3,12,2024
5c5f60f6-84cd-4600-b4a5-c26d5ed104ff,MAT-003,2024-03-21,345.7,UN,0,0,0,3,3,12,2024
4e1160b1-a12d-4d6b-bcb7-77d52fb08d8d,MAT-004,2024-03-21,50.66,KG,0,0,0,3,3,12,2024
7fbf486d-4faa-4f79-9e4f-e94808c6a1bd,MAT-005,2024-03-21,117.35,M,0,0,0,3,3,12,2024
5901d6b5-56b1-4627-8ac0-2b02289e4f93,MAT-001,2024-03-22,177.26,KG,0,0,0,4,3,12,2024
63ac9309-d23a-4d7f-a117-490dc5344ea6,MAT-002,2024-03-22,77.2,L,0,0,0,4,3,12,2024
a4c79b99-5c3e-4123-a5e7-21ac4f3d7c55,MAT-003,2024-03-22,315.82,UN,0,0,0,4,3,12,2024
4f8a8db2-3c60-44aa-8349-8fa159a4f960,MAT-004,2024-03-22,51.18,KG,0,0,0,4,3,12,2024
184df79b-d0d6-4bed-b82c-40b7d3bf90f1,MAT-005,2024-03-22,114.94,M,0,0,0,4,3,12,2024
021ef31e-492c-42a4-b33c-7cf1580a75ca,MAT-001,2024-03-23,38.9,KG,0,1,0,5,3,12,2024
974a165b-d5de-4264-911e-86119e6c6c2c,MAT-002,2024-03-23,15.2,L,0,1,0,5,3,12,2024
3c99ad15-681d-46f9-aa36-a9ac441e586c,MAT-003,2024-03-23,68.12,UN,0,1,0,5,3,12,2024
494d5101-7b78-4ba5-84f7-9c2f7d1fdb8c,MAT-004,2024-03-23,9.0,KG,0,1,0,5,3,12,2024
15922a3e-e567-452f-bd5d-819217ca396f,MAT-005,2024-03-23,26.31,M,0,1,0,5,3,12,2024
27aa7c8f-5a32-462e-9260-c5094fa2819b,MAT-001,2024-03-24,43.89,KG,0,1,0,6,3,12,2024
82a9656d-405e-450d-8f23-fa93693dc94e,MAT-002,2024-03-24,17.84,L,0,1,0,6,3,12,2024
3b84b1db-5c72-44f6-b28c-0dcfee34aced,MAT-003,2024-03-24,71.21,UN,0,1,0,6,3,12,2024
0b61f6ed-dfad-4569-bba3-a1fb1f75f3f2,MAT-004,2024-03-24,9.21,KG,0,1,0,6,3,12,2024
5e0238ea-a510-4c75-8122-19a365624b30,MAT-005,2024-03-24,23.31,M,0,1,0,6,3,12,2024
e8c6085a-215c-4784-b0dc-d98b055f7e48,MAT-001,2024-03-25,182.66,KG,0,0,0,0,3,13,2024
4510dae7-4d9b-4746-9d83-6d7529322e3f,MAT-002,2024-03-25,76.18,L,0,0,0,0,3,13,2024
c862ccb9-9a66-4ff1-9514-f74a92bc4cf6,MAT-003,2024-03-25,349.42,UN,0,0,0,0,3,13,2024
825cbb87-a0c0-492c-b435-91af03ab88a9,MAT-004,2024-03-25,44.76,KG,0,0,0,0,3,13,2024
5c251e92-460f-46a1-9eda-63774f2831fd,MAT-005,2024-03-25,118.12,M,0,0,0,0,3,13,2024
0637c8f9-fc9e-4fc6-abdb-f41dbf5cceb1,MAT-001,2024-03-26,196.21,KG,0,0,0,1,3,13,2024
8ee1bf66-a7e4-4e04-b531-6c8767719ab8,MAT-002,2024-03-26,79.7,L,0,0,0,1,3,13,2024
bc88b8e8-651f-491c-9edc-9f50250240f8,MAT-003,2024-03-26,314.46,UN,0,0,0,1,3,13,2024
41410178-e83a-4872-b2db-b3e7b50dd48b,MAT-004,2024-03-26,47.02,KG,0,0,0,1,3,13,2024
2207b25e-3428-4f4e-9aab-ae5ff0ba28b3,MAT-005,2024-03-26,112.7,M,0,0,0,1,3,13,2024
24b78b96-32c4-4c24-b026-425decae39aa,MAT-001,2024-03-27,206.0,KG,0,0,0,2,3,13,2024
0fd82dcf-e4d7-4f52-a693-479252bb129a,MAT-002,2024-03-27,81.8,L,0,0,0,2,3,13,2024
15edc977-f2cb-481d-8bd3-6ab2d3ff6b1f,MAT-003,2024-03-27,324.43,UN,0,0,0,2,3,13,2024
850d8dbb-6a6e-4aa5-aa9b-8592a87ca0ed,MAT-004,2024-03-27,45.28,KG,0,0,0,2,3,13,2024
20158e92-6d25-46ba-aece-d067752af17b,MAT-005,2024-03-27,114.37,M,0,0,0,2,3,13,2024
93f19be6-b3a9-4e08-8e46-c39e494f256b,MAT-001,2024-03-28,221.54,KG,0,0,0,3,3,13,2024
ed15f457-8a41-487b-b72a-8caa74807dbe,MAT-002,2024-03-28,76.78,L,0,0,0,3,3,13,2024
88a61f71-cccb-4d2a-af07-4a00d9d6bfdf,MAT-003,2024-03-28,360.1,UN,0,0,0,3,3,13,2024
7d14af0c-616d-4d44-a433-88b1501099a3,MAT-004,2024-03-28,53.65,KG,0,0,0,3,3,13,2024
1ed40808-b9aa-4c24-ac49-9decf6bbca69,MAT-005,2024-03-28,115.09,M,0,0,0,3,3,13,2024
5ea78e05-8488-462a-866f-ea649d10630b,MAT-001,2024-03-29,9.6,KG,1,0,0,4,3,13,2024
6ffc94a3-4ab8-400e-b518-fb3138b05e21,MAT-002,2024-03-29,4.3,L,1,0,0,4,3,13,2024
baaa7c81-9b9c-4d20-b4d2-47dad1e96da2,MAT-003,2024-03-29,19.01,UN,1,0,0,4,3,13,2024
0aac04fc-2d63-4f5a-bc61-8359dec41115,MAT-004,2024-03-29,2.78,KG,1,0,0,4,3,13,2024
28a053b4-16b5-4004-9829-ea973c4673be,MAT-005,2024-03-29,5.48,M,1,0,0,4,3,13,2024
f949f911-eb39-47e1-90ba-7277f732644a,MAT-001,2024-03-30,38.28,KG,0,1,0,5,3,13,2024
b0bda4c7-9fc6-4b82-a2e9-088dd1fb88fd,MAT-002,2024-03-30,17.72,L,0,1,0,5,3,13,2024
6865c7b3-0461-4c24-bf2c-0496710d2fda,MAT-003,2024-03-30,64.97,UN,0,1,0,5,3,13,2024
05981979-f08b-42f9-9377-51c7bb73d939,MAT-004,2024-03-30,9.55,KG,0,1,0,5,3,13,2024
66e5d114-5ea3-47c5-bd95-9c10fadfd78e,MAT-005,2024-03-30,26.68,M,0,1,0,5,3,13,2024
c55c4223-5d64-45c5-82ee-7c1926d5a762,MAT-001,2024-03-31,44.5,KG,0,1,0,6,3,13,2024
b87e0e31-d1f9-41e5-aaab-8f087b9a769c,MAT-002,2024-03-31,15.2,L,0,1,0,6,3,13,2024
1ac69195-c880-405e-b5d4-83b8be76d569,MAT-003,2024-03-31,73.28,UN,0,1,0,6,3,13,2024
97a23589-71c4-4d4c-8dcf-dc6fcc98019e,MAT-004,2024-03-31,9.98,KG,0,1,0,6,3,13,2024
6146a81d-9b4e-4254-8314-d6718271e84d,MAT-005,2024-03-31,24.44,M,0,1,0,6,3,13,2024
701947ad-077a-49bd-8786-143622fbfa64,MAT-001,2024-04-01,262.69,KG,0,0,1,0,4,14,2024
615a2d70-2e40-42c1-b172-21a615d5f1d7,MAT-002,2024-04-01,108.67,L,0,0,1,0,4,14,2024
43194f88-0105-47fe-8fc1-5e687750222c,MAT-003,2024-04-01,527.22,UN,0,0,1,0,4,14,2024
17b3400a-9db2-46a5-bc44-2d0a7dcaa7ef,MAT-004,2024-04-01,68.2,KG,0,0,1,0,4,14,2024
01fc47de-d44a-4483-9a62-976bff3e9d17,MAT-005,2024-04-01,152.43,M,0,0,1,0,4,14,2024
1aeeafe3-ecf7-463d-a729-adfcb2fcf12e,MAT-001,2024-04-02,203.06,KG,0,0,0,1,4,14,2024
bc9f5e4d-e11d-426f-89d6-7b5ceb7b175b,MAT-002,2024-04-02,81.77,L,0,0,0,1,4,14,2024
68cc0958-d535-4a5b-8961-0d547bbda49d,MAT-003,2024-04-02,353.83,UN,0,0,0,1,4,14,2024
c93d28cb-0278-4a04-8b05-c4d8c0a8207a,MAT-004,2024-04-02,52.18,KG,0,0,0,1,4,14,2024
341f9b56-0b5c-4e67-9da1-19f9269b3049,MAT-005,2024-04-02,121.44,M,0,0,0,1,4,14,2024
48be26c0-560e-431a-b502-6ea693eb94a6,MAT-001,2024-04-03,221.74,KG,0,0,0,2,4,14,2024
cf92c4f1-4d33-40c4-9327-05f73920311a,MAT-002,2024-04-03,79.26,L,0,0,0,2,4,14,2024
2230a0e0-fdbb-4d9a-949b-1dc13c411971,MAT-003,2024-04-03,367.5,UN,0,0,0,2,4,14,2024
6fffe453-7323-45dc-b48b-b23ddcc60bbf,MAT-004,2024-04-03,49.26,KG,0,0,0,2,4,14,2024
093473ce-539b-4bf0-8615-d0af49379126,MAT-005,2024-04-03,113.99,M,0,0,0,2,4,14,2024
2587c855-fc78-4c64-942a-99678e3aa6ef,MAT-001,2024-04-04,209.26,KG,0,0,0,3,4,14,2024
4f32bb75-d9dc-494b-a974-266d47123c31,MAT-002,2024-04-04,86.12,L,0,0,0,3,4,14,2024
336254d8-49f7-4dba-b6b4-2bb081303032,MAT-003,2024-04-04,374.84,UN,0,0,0,3,4,14,2024
dcdd7015-2bba-4d18-97a3-6f6f7d82501a,MAT-004,2024-04-04,48.91,KG,0,0,0,3,4,14,2024
fcd14736-3154-4391-8a48-744bd8934b26,MAT-005,2024-04-04,119.98,M,0,0,0,3,4,14,2024
bafc9489-fed9-4c9b-9cc1-59383a7db4ff,MAT-001,2024-04-05,206.4,KG,0,0,0,4,4,14,2024
70bae460-aa21-44e3-97e5-cf6a36128a35,MAT-002,2024-04-05,75.05,L,0,0,0,4,4,14,2024
be65dc3a-7f66-4861-9066-f08380d8753b,MAT-003,2024-04-05,363.33,UN,0,0,0,4,4,14,2024
2cd5714f-1a9a-4e20-9030-0c84970d6205,MAT-004,2024-04-05,52.58,KG,0,0,0,4,4,14,2024
ed6d6e4b-8093-4ef4-a2fd-d037a67e2f85,MAT-005,2024-04-05,128.33,M,0,0,0,4,4,14,2024
044b60c7-9851-48db-a2a9-49d3774d9e0b,MAT-001,2024-04-06,35.91,KG,0,1,0,5,4,14,2024
209e84f4-1ac8-4442-8872-7c0214c9bc38,MAT-002,2024-04-06,17.88,L,0,1,0,5,4,14,2024
b2962a5b-d035-4946-865f-0a8e5b83768b,MAT-003,2024-04-06,69.65,UN,0,1,0,5,4,14,2024
583000bf-2307-4da2-baaf-634387668252,MAT-004,2024-04-06,9.76,KG,0,1,0,5,4,14,2024
cfed585d-0303-41a1-b197-5ee4974cd574,MAT-005,2024-04-06,24.04,M,0,1,0,5,4,14,2024
38366939-5b1d-4e9b-ad43-8d53e75e154f,MAT-001,2024-04-07,44.04,KG,0,1,0,6,4,14,2024
47989dc5-8474-48e6-a681-0064af60dd69,MAT-002,2024-04-07,16.74,L,0,1,0,6,4,14,2024
25b3a836-c521-4a9a-b39f-7c161e6dd999,MAT-003,2024-04-07,70.73,UN,0,1,0,6,4,14,2024
56610730-ab95-434a-9639-4837378c7bca,MAT-004,2024-04-07,10.7,KG,0,1,0,6,4,14,2024
e64901ec-0863-4647-9320-00cb003243a8,MAT-005,2024-04-07,23.19,M,0,1,0,6,4,14,2024
4d7ccd95-c881-4a37-8873-97dd56408c63,MAT-001,2024-04-08,218.98,KG,0,0,0,0,4,15,2024
24345cfb-264f-489c-aa79-e6f11b4a27c9,MAT-002,2024-04-08,80.71,L,0,0,0,0,4,15,2024
c2b1ab34-a507-4b3c-a2ff-af5a6b7ae75b,MAT-003,2024-04-08,361.61,UN,0,0,0,0,4,15,2024
378dea90-959e-440c-9050-26bea96a0ee4,MAT-004,2024-04-08,45.02,KG,0,0,0,0,4,15,2024
6c781adb-fd41-410f-b778-28f494f9ed87,MAT-005,2024-04-08,127.75,M,0,0,0,0,4,15,2024
2f8a030b-2315-47b0-98d6-a1ed5090c680,MAT-001,2024-04-09,207.56,KG,0,0,0,1,4,15,2024
a1ea208c-1770-4540-b68d-a4a1cd9893dd,MAT-002,2024-04-09,77.22,L,0,0,0,1,4,15,2024
90305085-ec33-4a68-9213-6ed7cbafa8d4,MAT-003,2024-04-09,362.35,UN,0,0,0,1,4,15,2024
d1ab6c10-def9-4a4b-a2dc-20ce76551d3f,MAT-004,2024-04-09,44.53,KG,0,0,0,1,4,15,2024
b3ee11ee-d83e-4c9d-953b-ba55a66ae6bf,MAT-005,2024-04-09,133.93,M,0,0,0,1,4,15,2024
5692d5fb-1b1d-40c7-823b-846bdf990e2d,MAT-001,2024-04-10,208.52,KG,0,0,0,2,4,15,2024
e4d22c69-04a7-4cfa-b5bb-61fe05c272c9,MAT-002,2024-04-10,78.07,L,0,0,0,2,4,15,2024
4caa36ec-f99d-4653-a078-c98ddee8abc3,MAT-003,2024-04-10,371.23,UN,0,0,0,2,4,15,2024
b4ce1249-1a6d-4f30-a67e-fd5ba210ef3c,MAT-004,2024-04-10,55.59,KG,0,0,0,2,4,15,2024
da0cc2c3-daa5-4b04-8a7a-1dbc8174b837,MAT-005,2024-04-10,118.0,M,0,0,0,2,4,15,2024
c4228057-a4ee-48e8-8e63-e2ecea397231,MAT-001,2024-04-11,176.51,KG,0,0,0,3,4,15,2024
9d108645-2599-400b-b056-61ca812eee8d,MAT-002,2024-04-11,75.37,L,0,0,0,3,4,15,2024
4b1a75b6-2f8e-4b2d-9cc8-3e412312f4f4,MAT-003,2024-04-11,350.9,UN,0,0,0,3,4,15,2024
008f2df2-62cc-4d02-b917-5bc7fa5ae7e1,MAT-004,2024-04-11,50.23,KG,0,0,0,3,4,15,2024
10ff5280-3976-4291-90c9-ad20d39b0de4,MAT-005,2024-04-11,122.32,M,0,0,0,3,4,15,2024
9253a853-c9c2-4dc7-986a-8ec005b64256,MAT-001,2024-04-12,203.61,KG,0,0,0,4,4,15,2024
9b5c293d-0e91-4858-afb3-67d3be51f15a,MAT-002,2024-04-12,78.96,L,0,0,0,4,4,15,2024
fbe46be1-7e95-4ac7-b093-02c636d5bf0d,MAT-003,2024-04-12,340.86,UN,0,0,0,4,4,15,2024
dc4fc6a5-89b1-41b0-a536-9f02f12d925f,MAT-004,2024-04-12,53.27,KG,0,0,0,4,4,15,2024
4ab5ece9-f1ee-4d39-ba25-3fe0e406b0cd,MAT-005,2024-04-12,122.55,M,0,0,0,4,4,15,2024
e4b6f06e-b558-4ba0-9b33-6008ef931979,MAT-001,2024-04-13,40.0,KG,0,1,0,5,4,15,2024
70964079-12be-4934-aee5-88dfb5666971,MAT-002,2024-04-13,15.4,L,0,1,0,5,4,15,2024
172a3303-58d2-4d6d-abac-9f1c39e101e3,MAT-003,2024-04-13,62.01,UN,0,1,0,5,4,15,2024
4d44ff3c-34d9-4756-9a41-c1d23ef5c4be,MAT-004,2024-04-13,9.05,KG,0,1,0,5,4,15,2024
dcc5e515-d9ee-451e-9afe-78adb8cc3091,MAT-005,2024-04-13,23.52,M,0,1,0,5,4,15,2024
67f1656d-5f63-4257-8309-d766b09e1af3,MAT-001,2024-04-14,44.43,KG,0,1,0,6,4,15,2024
a51003c6-477e-4e9b-ab4c-08cd498b65d7,MAT-002,2024-04-14,14.53,L,0,1,0,6,4,15,2024
b6b9bc6b-5a32-4240-a5b9-99bdebb3a1da,MAT-003,2024-04-14,77.4,UN,0,1,0,6,4,15,2024
35971aee-aecc-405d-a11a-4b192ab1710f,MAT-004,2024-04-14,9.14,KG,0,1,0,6,4,15,2024
01b08435-8575-4aee-ace3-1b763554b4d2,MAT-005,2024-04-14,22.92,M,0,1,0,6,4,15,2024
efce2ed2-5c9d-44ff-8899-1bed6bdae28c,MAT-001,2024-04-15,277.0,KG,0,0,1,0,4,16,2024
533d8871-fe7d-40e0-a6e4-5be51506fce8,MAT-002,2024-04-15,104.12,L,0,0,1,0,4,16,2024
1cc1840f-5b49-4cdd-b1c9-8255911e070e,MAT-003,2024-04-15,487.99,UN,0,0,1,0,4,16,2024
2a2c8b95-703f-431a-ad38-56a7e4a9ba81,MAT-004,2024-04-15,69.6,KG,0,0,1,0,4,16,2024
9e6ca1f5-0511-43ef-afc8-6f3a0384171c,MAT-005,2024-04-15,165.51,M,0,0,1,0,4,16,2024
35516cff-29ee-45cb-bdaa-84ecdeceaee1,MAT-001,2024-04-16,209.44,KG,0,0,0,1,4,16,2024
71963eb5-e30b-4c7e-8f8d-e919e0bd61ba,MAT-002,2024-04-16,76.52,L,0,0,0,1,4,16,2024
b1909be1-285c-4745-8fe8-52b943043786,MAT-003,2024-04-16,333.22,UN,0,0,0,1,4,16,2024
9e61c0d5-8d3c-4727-9b99-61b726f47272,MAT-004,2024-04-16,53.72,KG,0,0,0,1,4,16,2024
afe028a7-0303-4125-8a24-3cc94143f0fe,MAT-005,2024-04-16,108.91,M,0,0,0,1,4,16,2024
e9321a1f-da56-4272-ace1-03aad4879bec,MAT-001,2024-04-17,216.76,KG,0,0,0,2,4,16,2024
05281cd2-7cdf-48a5-922a-b2a524d8fc71,MAT-002,2024-04-17,82.84,L,0,0,0,2,4,16,2024
11b139c0-de09-4805-8182-2cb771797bfe,MAT-003,2024-04-17,364.88,UN,0,0,0,2,4,16,2024
01b3c5ef-1f05-4165-876a-2a6c7acbfe78,MAT-004,2024-04-17,45.97,KG,0,0,0,2,4,16,2024
4167eeb0-d732-44aa-a5ab-008d41e1ab30,MAT-005,2024-04-17,133.94,M,0,0,0,2,4,16,2024
32a77b1c-3e17-45a1-b9b3-9095932fc35f,MAT-001,2024-04-18,187.71,KG,0,0,0,3,4,16,2024
df5b05af-8e38-4bfc-932c-de2fa8f337a1,MAT-002,2024-04-18,73.75,L,0,0,0,3,4,16,2024
36dbde81-8361-426b-8c9e-8b89630db5b6,MAT-003,2024-04-18,321.45,UN,0,0,0,3,4,16,2024
23fa6a5e-7a2c-4c62-b6cf-a2beb804660a,MAT-004,2024-04-18,50.72,KG,0,0,0,3,4,16,2024
b64b8b22-98d5-4408-9cf6-6a2168ff3189,MAT-005,2024-04-18,133.2,M,0,0,0,3,4,16,2024
b89ce979-9b0d-40af-b5e7-8da6cc4ac00e,MAT-001,2024-04-19,187.13,KG,0,0,0,4,4,16,2024
080c9f97-354c-4a5e-9846-0db804a15a84,MAT-002,2024-04-19,78.18,L,0,0,0,4,4,16,2024
09f6cc4e-48cb-4753-85fd-8bd5454a5b70,MAT-003,2024-04-19,323.49,UN,0,0,0,4,4,16,2024
d17c68be-63ac-49b9-879a-58eb3d3f9dc7,MAT-004,2024-04-19,51.69,KG,0,0,0,4,4,16,2024
fdd01008-5bb3-4b74-932a-20228553e7b8,MAT-005,2024-04-19,118.05,M,0,0,0,4,4,16,2024
392a991e-5c8f-4d43-86a0-4c1c417836fd,MAT-001,2024-04-20,35.48,KG,0,1,0,5,4,16,2024
f2ac98ff-ffa2-42ec-8742-6a8479f9eb31,MAT-002,2024-04-20,16.44,L,0,1,0,5,4,16,2024
251261f8-f935-4be6-9483-220a9015d692,MAT-003,2024-04-20,64.92,UN,0,1,0,5,4,16,2024
4b208811-cb1e-4582-aa90-2e2ee63fcd7a,MAT-004,2024-04-20,10.22,KG,0,1,0,5,4,16,2024
cf80d25c-ca72-4737-8814-c21a1df8d26b,MAT-005,2024-04-20,23.36,M,0,1,0,5,4,16,2024
afd166ef-722a-46e3-b502-82a0573e3cc0,MAT-001,2024-04-21,41.97,KG,0,1,0,6,4,16,2024
5f23c975-4304-4c09-a2e6-56a069b3c38e,MAT-002,2024-04-21,14.87,L,0,1,0,6,4,16,2024
bd2797d1-770b-4859-9ff1-bd0e631bf5f9,MAT-003,2024-04-21,74.24,UN,0,1,0,6,4,16,2024
c8e48a9f-644e-4e0e-9ed7-e451e6a868d5,MAT-004,2024-04-21,10.74,KG,0,1,0,6,4,16,2024
8c7f04a0-490f-4a80-846b-d245d6ee1c13,MAT-005,2024-04-21,21.48,M,0,1,0,6,4,16,2024
440b7185-2649-4306-88d2-5fe44eac39b8,MAT-001,2024-04-22,180.88,KG,0,0,0,0,4,17,2024
ef2b3707-2a81-4ecd-830e-2a9ea94a96ae,MAT-002,2024-04-22,87.14,L,0,0,0,0,4,17,2024
eb66b4e4-92eb-46cb-9c5a-451bcfb9e275,MAT-003,2024-04-22,323.7,UN,0,0,0,0,4,17,2024
bc1c6693-05cb-437d-9b2c-3a203f864198,MAT-004,2024-04-22,47.91,KG,0,0,0,0,4,17,2024
4cd7afaf-70c3-41cc-8c43-ab9c451707d7,MAT-005,2024-04-22,118.78,M,0,0,0,0,4,17,2024
2a144d4d-1f05-4102-aae7-fa1cdb64e32d,MAT-001,2024-04-23,188.59,KG,0,0,0,1,4,17,2024
c97780c6-b5ae-4b2e-9be8-c0df44614842,MAT-002,2024-04-23,86.96,L,0,0,0,1,4,17,2024
ccc3589e-555a-4680-9800-7db4945e7c2c,MAT-003,2024-04-23,352.33,UN,0,0,0,1,4,17,2024
13ba390f-7572-4cee-843d-734712a9c885,MAT-004,2024-04-23,51.67,KG,0,0,0,1,4,17,2024
59c22cfc-24b4-432d-bd87-fdfce23d371a,MAT-005,2024-04-23,122.79,M,0,0,0,1,4,17,2024
9f23fe0c-131d-4c8c-a693-2256f9582672,MAT-001,2024-04-24,205.34,KG,0,0,0,2,4,17,2024
5009beb7-cd76-40fe-968c-cf7570715839,MAT-002,2024-04-24,81.67,L,0,0,0,2,4,17,2024
cda4386f-322b-43f2-bb9b-91c0a19a6378,MAT-003,2024-04-24,337.23,UN,0,0,0,2,4,17,2024
82bbb763-e5e5-4d2d-9894-379628cccb3a,MAT-004,2024-04-24,54.15,KG,0,0,0,2,4,17,2024
cf4dc040-1f2c-47e5-aedd-2efc5beef62c,MAT-005,2024-04-24,123.38,M,0,0,0,2,4,17,2024
419b9523-ecb9-43d8-af2a-c336e3cf583d,MAT-001,2024-04-25,215.06,KG,0,0,0,3,4,17,2024
3c58ce01-3845-493f-86df-02e87bf665d6,MAT-002,2024-04-25,83.95,L,0,0,0,3,4,17,2024
67a3ea38-6000-4816-9e68-5d1588fc8989,MAT-003,2024-04-25,332.99,UN,0,0,0,3,4,17,2024
9a445b7f-f4be-43c9-9146-d5429a54a27a,MAT-004,2024-04-25,51.37,KG,0,0,0,3,4,17,2024
8aece5f6-4736-4870-b7ae-34949a18a685,MAT-005,2024-04-25,108.04,M,0,0,0,3,4,17,2024
cd44e41a-7b0f-4365-8574-d2fca0b5b06e,MAT-001,2024-04-26,182.43,KG,0,0,0,4,4,17,2024
da495c74-a21b-49e5-b837-b2f3a394d89a,MAT-002,2024-04-26,72.66,L,0,0,0,4,4,17,2024
c756a00d-b00f-4e2b-b7a9-a996fc1852e9,MAT-003,2024-04-26,333.65,UN,0,0,0,4,4,17,2024
4819ce02-3015-475a-bc47-895618ccb005,MAT-004,2024-04-26,46.2,KG,0,0,0,4,4,17,2024
1eeae1df-33f0-42a3-9c69-d2144e87f4e5,MAT-005,2024-04-26,125.57,M,0,0,0,4,4,17,2024
2c757259-639f-4de5-a388-c0513d205581,MAT-001,2024-04-27,40.1,KG,0,1,0,5,4,17,2024
1eb69018-406f-40b6-b870-bd4efadb996f,MAT-002,2024-04-27,15.69,L,0,1,0,5,4,17,2024
ac8b54ec-1cbe-442f-80e7-8c2d17c04aef,MAT-003,2024-04-27,63.92,UN,0,1,0,5,4,17,2024
857229b3-c5f4-4a80-b725-37f1a7a52072,MAT-004,2024-04-27,9.72,KG,0,1,0,5,4,17,2024
adf2b310-9802-40f0-bb13-1b9a69f32859,MAT-005,2024-04-27,22.19,M,0,1,0,5,4,17,2024
35be3e81-105f-43e2-b9db-c5973bd94d92,MAT-001,2024-04-28,41.3,KG,0,1,0,6,4,17,2024
6a61b3f0-786d-4614-b70e-b3f345f28759,MAT-002,2024-04-28,16.74,L,0,1,0,6,4,17,2024
69ae5d1b-bf31-4736-8934-f46a3211a5e0,MAT-003,2024-04-28,72.44,UN,0,1,0,6,4,17,2024
9bdb7cee-1ede-44c0-98a5-f152ed265c07,MAT-004,2024-04-28,11.2,KG,0,1,0,6,4,17,2024
1385b798-d5f9-4555-85da-3667c3770a43,MAT-005,2024-04-28,24.32,M,0,1,0,6,4,17,2024
48dc3f24-bc51-45b5-8079-523cd1cf585c,MAT-001,2024-04-29,199.5,KG,0,0,0,0,4,18,2024
e84728a5-ecd3-4303-9428-e4478eaa005c,MAT-002,2024-04-29,73.09,L,0,0,0,0,4,18,2024
dff2e582-806b-439d-95e1-7f4a8b1a7842,MAT-003,2024-04-29,334.42,UN,0,0,0,0,4,18,2024
69650f3c-504c-407e-9186-dd03628e1e5c,MAT-004,2024-04-29,49.41,KG,0,0,0,0,4,18,2024
26dff6b2-6c3e-4f42-837a-c68a78618c4a,MAT-005,2024-04-29,107.14,M,0,0,0,0,4,18,2024
667d754a-d0a8-4e8d-98a0-3c5c9df882ec,MAT-001,2024-04-30,193.23,KG,0,0,0,1,4,18,2024
652cb093-5a81-43ba-af45-c2608d2392f8,MAT-002,2024-04-30,70.58,L,0,0,0,1,4,18,2024
3251249d-8d98-4302-b127-0bac320427e9,MAT-003,2024-04-30,319.47,UN,0,0,0,1,4,18,2024
b849e179-1299-432c-8132-39a728578ccb,MAT-004,2024-04-30,53.78,KG,0,0,0,1,4,18,2024
91ee994b-c712-4702-b631-2e49807ebd6e,MAT-005,2024-04-30,133.36,M,0,0,0,1,4,18,2024
3e59a543-3030-442b-9e83-c996b1841bc5,MAT-001,2024-05-01,14.02,KG,1,0,1,2,5,18,2024
93edb273-daac-4428-8316-57ed6b55590a,MAT-002,2024-05-01,5.59,L,1,0,1,2,5,18,2024
f55e8776-f64b-44cd-b1da-487ca2a7e102,MAT-003,2024-05-01,25.59,UN,1,0,1,2,5,18,2024
ef0807bf-1f4b-45a8-acda-f45b0e09997b,MAT-004,2024-05-01,3.43,KG,1,0,1,2,5,18,2024
670738a9-66c9-4445-8b7f-777e50458544,MAT-005,2024-05-01,9.09,M,1,0,1,2,5,18,2024
ff604b53-21d1-4c4b-879b-052498174ac9,MAT-001,2024-05-02,199.46,KG,0,0,0,3,5,18,2024
89ad9c1d-d63d-4135-9971-7c95f6f2f0ab,MAT-002,2024-05-02,71.99,L,0,0,0,3,5,18,2024
b91c7742-2276-4041-a579-734dc25abf3f,MAT-003,2024-05-02,310.59,UN,0,0,0,3,5,18,2024
db1f9e5c-696c-4346-8986-2c579de7f23f,MAT-004,2024-05-02,53.13,KG,0,0,0,3,5,18,2024
da3bcabd-03a2-4cf1-a69e-fbb376bf075f,MAT-005,2024-05-02,114.01,M,0,0,0,3,5,18,2024
f4e8d0f5-1f35-47d4-89c8-0667673aec09,MAT-001,2024-05-03,189.19,KG,0,0,0,4,5,18,2024
7e794b0d-bb49-4aa0-8942-52e8953f4ed3,MAT-002,2024-05-03,80.72,L,0,0,0,4,5,18,2024
c0c1f82e-b967-4a2b-b275-a8add4206518,MAT-003,2024-05-03,322.13,UN,0,0,0,4,5,18,2024
e9f4c15c-0866-456d-b0ea-1192e88d6d6c,MAT-004,2024-05-03,49.49,KG,0,0,0,4,5,18,2024
76e9d34b-aaab-458e-92b5-f3fb82036870,MAT-005,2024-05-03,126.98,M,0,0,0,4,5,18,2024
babd15a7-54a0-4b14-a409-b906a844b74d,MAT-001,2024-05-04,42.55,KG,0,1,0,5,5,18,2024
807f271a-e89c-4db9-8e52-2b415c2df957,MAT-002,2024-05-04,16.19,L,0,1,0,5,5,18,2024
e6670666-d4a6-48e2-a9a7-3885cc3f6436,MAT-003,2024-05-04,63.5,UN,0,1,0,5,5,18,2024
63434042-d255-42fa-8fde-2e748dde55bb,MAT-004,2024-05-04,9.07,KG,0,1,0,5,5,18,2024
b5f3fdb2-947f-4f08-b7ce-ffb1e7bc1af6,MAT-005,2024-05-04,25.58,M,0,1,0,5,5,18,2024
1c2c1527-348c-4a46-87ca-abddce9e514b,MAT-001,2024-05-05,43.1,KG,0,1,0,6,5,18,2024
d1ef82db-85b9-4e54-a456-ced133635558,MAT-002,2024-05-05,15.49,L,0,1,0,6,5,18,2024
b433d389-204e-4299-9f2e-05a761c53222,MAT-003,2024-05-05,75.42,UN,0,1,0,6,5,18,2024
c069a360-10b0-4f9f-9d4c-4d30118f95cf,MAT-004,2024-05-05,8.9,KG,0,1,0,6,5,18,2024
6ec1be77-e914-4725-aa01-78f9bd178d4d,MAT-005,2024-05-05,25.26,M,0,1,0,6,5,18,2024
269223f2-c1c3-4e27-8b43-0acc91818c16,MAT-001,2024-05-06,202.22,KG,0,0,0,0,5,19,2024
a441539f-baa7-435e-8267-373bdf8a93dd,MAT-002,2024-05-06,89.4,L,0,0,0,0,5,19,2024
5eca17c3-f87c-4622-8fca-3522e8543404,MAT-003,2024-05-06,316.6,UN,0,0,0,0,5,19,2024
96fa0dbd-8795-4071-8f4f-00d08c17fba1,MAT-004,2024-05-06,53.96,KG,0,0,0,0,5,19,2024
fc0f24d9-817b-40d0-8da6-69c71d1c75b7,MAT-005,2024-05-06,127.24,M,0,0,0,0,5,19,2024
230c047b-f973-4edc-a467-6cb9a72b8403,MAT-001,2024-05-07,190.29,KG,0,0,0,1,5,19,2024
7837f68b-b5c1-4408-a0d1-28c5fb8a5f72,MAT-002,2024-05-07,89.59,L,0,0,0,1,5,19,2024
9749fe72-14f1-4e34-9247-3f96cba4a90d,MAT-003,2024-05-07,345.78,UN,0,0,0,1,5,19,2024
7d1a13fc-83e1-428d-8b6b-464922a598eb,MAT-004,2024-05-07,48.18,KG,0,0,0,1,5,19,2024
ca0a23f0-1d9e-4c21-8fe2-6556eda95e57,MAT-005,2024-05-07,129.12,M,0,0,0,1,5,19,2024
8c12854a-5489-48df-b495-5e7e70abe4b2,MAT-001,2024-05-08,197.08,KG,0,0,0,2,5,19,2024
5033ae92-0be0-4a87-8107-05f5f31487bc,MAT-002,2024-05-08,89.48,L,0,0,0,2,5,19,2024
2a120975-48f2-4a5b-95c9-ccc3d0412a41,MAT-003,2024-05-08,373.15,UN,0,0,0,2,5,19,2024
b28ea97c-fa21-459e-938f-ea558a86d3a3,MAT-004,2024-05-08,46.84,KG,0,0,0,2,5,19,2024
dfac0061-d56f-493b-a15a-bb10ddd5e209,MAT-005,2024-05-08,128.95,M,0,0,0,2,5,19,2024
2168cee3-9292-409d-91f8-e6ef6c32f4bf,MAT-001,2024-05-09,204.22,KG,0,0,0,3,5,19,2024
b82eba31-e1a9-4f40-b7ff-860b21a89246,MAT-002,2024-05-09,77.13,L,0,0,0,3,5,19,2024
69321a20-0d10-458e-872d-acecce915bd4,MAT-003,2024-05-09,367.7,UN,0,0,0,3,5,19,2024
107c7adf-a12c-47b3-9971-bcfd33bf272d,MAT-004,2024-05-09,51.59,KG,0,0,0,3,5,19,2024
45aea0ef-c001-4656-a139-eaf3511ecff4,MAT-005,2024-05-09,110.38,M,0,0,0,3,5,19,2024
1edafd9d-e82b-4401-9287-632476c59645,MAT-001,2024-05-10,182.68,KG,0,0,0,4,5,19,2024
48c277fc-6958-482b-a50e-ed60b12e61d5,MAT-002,2024-05-10,74.37,L,0,0,0,4,5,19,2024
ae897dac-e93e-4600-a823-83c1bd2c5ca8,MAT-003,2024-05-10,325.38,UN,0,0,0,4,5,19,2024
555acad6-e886-4fc6-bbdb-6d1c45d90fe5,MAT-004,2024-05-10,44.71,KG,0,0,0,4,5,19,2024
4f620adf-bbea-477a-9ca9-73649c7ab5fc,MAT-005,2024-05-10,115.7,M,0,0,0,4,5,19,2024
adc93b12-6244-436c-b8af-5736a1c99ef6,MAT-001,2024-05-11,37.9,KG,0,1,0,5,5,19,2024
8b83d781-9667-4cdb-af59-e8c54da9c352,MAT-002,2024-05-11,16.15,L,0,1,0,5,5,19,2024
80ccd7cb-594c-4337-a097-2e1325fb3ed5,MAT-003,2024-05-11,67.04,UN,0,1,0,5,5,19,2024
7246baed-a173-49a0-a25e-c9568b0b931d,MAT-004,2024-05-11,10.49,KG,0,1,0,5,5,19,2024
af1192e9-9287-4c65-8867-ff54ed6b9734,MAT-005,2024-05-11,22.79,M,0,1,0,5,5,19,2024
163cf9c0-301e-41b8-bb48-3e5af94f4b27,MAT-001,2024-05-12,37.77,KG,0,1,0,6,5,19,2024
79bb5c11-2c56-4e25-99cd-f231667ffe5e,MAT-002,2024-05-12,17.37,L,0,1,0,6,5,19,2024
9c40674b-02f4-4ac5-a871-5119c25f9824,MAT-003,2024-05-12,78.16,UN,0,1,0,6,5,19,2024
927724b6-f3d1-4562-a85c-f550384e694c,MAT-004,2024-05-12,10.43,KG,0,1,0,6,5,19,2024
205ff539-d58a-4e36-b83a-b31c1bcab851,MAT-005,2024-05-12,21.67,M,0,1,0,6,5,19,2024
04996d0e-f1e9-418a-9c6a-dc7dfa564eb8,MAT-001,2024-05-13,222.21,KG,0,0,0,0,5,20,2024
6418c545-a061-47d1-a952-9fb6e234c08b,MAT-002,2024-05-13,85.49,L,0,0,0,0,5,20,2024
353057b8-aaa3-4f54-9a79-1f75ec489d9a,MAT-003,2024-05-13,385.18,UN,0,0,0,0,5,20,2024
b6a85478-4404-42c2-8c9c-79b2d9e192f3,MAT-004,2024-05-13,55.91,KG,0,0,0,0,5,20,2024
8b5329a4-2d6f-4667-83c6-4cfe22064065,MAT-005,2024-05-13,130.57,M,0,0,0,0,5,20,2024
ff9c3d59-2a04-409a-9632-4d68fa858f21,MAT-001,2024-05-14,182.09,KG,0,0,0,1,5,20,2024
e2e1ecc1-de5f-4e4f-b774-7153f7186ddb,MAT-002,2024-05-14,87.03,L,0,0,0,1,5,20,2024
23fdd301-70c1-47a3-b950-fd1cd0574341,MAT-003,2024-05-14,328.97,UN,0,0,0,1,5,20,2024
02a239de-c3bd-4e52-b2b0-8b0831955dc9,MAT-004,2024-05-14,52.54,KG,0,0,0,1,5,20,2024
924869fd-06f4-458a-907a-96f9c12d8b35,MAT-005,2024-05-14,129.46,M,0,0,0,1,5,20,2024
0114ee0a-9024-45b3-9d34-2001646587e6,MAT-001,2024-05-15,297.57,KG,0,0,1,2,5,20,2024
920d2839-b0ae-45c8-81c9-e2fcab1931c9,MAT-002,2024-05-15,116.74,L,0,0,1,2,5,20,2024
95961c43-72d2-4078-9cd9-204d99f491e9,MAT-003,2024-05-15,488.76,UN,0,0,1,2,5,20,2024
52ef7497-20b5-44f6-adf3-b187773509eb,MAT-004,2024-05-15,71.3,KG,0,0,1,2,5,20,2024
b7bbd2a6-1b2e-452c-8d55-a36ea943a48e,MAT-005,2024-05-15,158.67,M,0,0,1,2,5,20,2024
54b16cb9-4cc5-45a8-b80c-e4c7b6f02690,MAT-001,2024-05-16,195.88,KG,0,0,0,3,5,20,2024
b3ac3329-01d9-45d4-93b9-efb2fee36a26,MAT-002,2024-05-16,79.08,L,0,0,0,3,5,20,2024
2941087f-cdb0-40f1-b63c-d5b60dcea750,MAT-003,2024-05-16,361.22,UN,0,0,0,3,5,20,2024
d4f19b82-02dd-4fe3-9aa1-3766ecf7af71,MAT-004,2024-05-16,54.56,KG,0,0,0,3,5,20,2024
34df1674-b375-4768-ad9d-fa705554aac2,MAT-005,2024-05-16,108.28,M,0,0,0,3,5,20,2024
ed86d7f9-5a98-42d9-bbd7-47f5b1768ab7,MAT-001,2024-05-17,200.75,KG,0,0,0,4,5,20,2024
bc76a970-8eee-4b43-bdbf-d99689188837,MAT-002,2024-05-17,75.74,L,0,0,0,4,5,20,2024
fca613f6-32b8-434e-9f76-447838f0499c,MAT-003,2024-05-17,386.65,UN,0,0,0,4,5,20,2024
c4f6b3b6-412d-45b1-afea-7b2de4f0bc52,MAT-004,2024-05-17,48.43,KG,0,0,0,4,5,20,2024
b93f292e-2430-45fc-9224-a172efdcc6f8,MAT-005,2024-05-17,132.97,M,0,0,0,4,5,20,2024
6576ac5f-0363-41f2-b167-0d33bab1598c,MAT-001,2024-05-18,38.34,KG,0,1,0,5,5,20,2024
c61fce62-c653-4928-a3c8-e11d3e8b228d,MAT-002,2024-05-18,14.09,L,0,1,0,5,5,20,2024
81ea4a5d-85c3-4ea6-adcc-52713b85bf2f,MAT-003,2024-05-18,74.61,UN,0,1,0,5,5,20,2024
2351d131-232d-4cf8-ab55-4396562f436e,MAT-004,2024-05-18,10.56,KG,0,1,0,5,5,20,2024
a3318dd5-cecb-4131-8062-0aca9e15d350,MAT-005,2024-05-18,25.33,M,0,1,0,5,5,20,2024
2b732cb7-d994-4a32-ba7e-14f2d218b69f,MAT-001,2024-05-19,39.6,KG,0,1,0,6,5,20,2024
71901fae-6d7f-4dff-9677-df8005f870a4,MAT-002,2024-05-19,16.63,L,0,1,0,6,5,20,2024
8bbfaf89-f52d-4fa9-b776-f70b1d0ae749,MAT-003,2024-05-19,67.62,UN,0,1,0,6,5,20,2024
a259f3c7-c9d9-4fd3-a9a7-6b0151f369c0,MAT-004,2024-05-19,8.95,KG,0,1,0,6,5,20,2024
1782aef0-f53d-4421-ab72-a01ad4985ca6,MAT-005,2024-05-19,24.2,M,0,1,0,6,5,20,2024
e1e63c05-ca0f-4bd8-95be-c37c47a0ce16,MAT-001,2024-05-20,186.46,KG,0,0,0,0,5,21,2024
cd35fab2-bb3a-453c-9174-76d889b5caa5,MAT-002,2024-05-20,78.65,L,0,0,0,0,5,21,2024
5174c4e8-fb74-4854-a49c-a1043ddcac9f,MAT-003,2024-05-20,325.8,UN,0,0,0,0,5,21,2024
0007615e-339a-4898-9d49-4b0723ba1d4a,MAT-004,2024-05-20,47.22,KG,0,0,0,0,5,21,2024
77a5bb9f-925a-4166-92e5-85011e55c8b0,MAT-005,2024-05-20,129.46,M,0,0,0,0,5,21,2024
3a4bf331-af7a-4f56-9b97-dcabab1ca730,MAT-001,2024-05-21,192.21,KG,0,0,0,1,5,21,2024
32ae544a-d061-4463-a69c-3a1ad235b2ca,MAT-002,2024-05-21,81.5,L,0,0,0,1,5,21,2024
e9450bc2-17ee-4d7e-bfdf-257122b8685a,MAT-003,2024-05-21,355.56,UN,0,0,0,1,5,21,2024
42eff050-6fbe-4d03-a44f-f3d58cf2c822,MAT-004,2024-05-21,49.82,KG,0,0,0,1,5,21,2024
414c9afc-fa14-4290-bb14-fd5aa95b569d,MAT-005,2024-05-21,115.5,M,0,0,0,1,5,21,2024
c29c89dc-5eb6-4f9c-96d3-7c4a32fcb169,MAT-001,2024-05-22,208.76,KG,0,0,0,2,5,21,2024
0e01d700-5415-4a39-a68d-4671d0a64d02,MAT-002,2024-05-22,71.33,L,0,0,0,2,5,21,2024
1d1997f2-6e7f-4c38-96ba-b588856fcab7,MAT-003,2024-05-22,316.36,UN,0,0,0,2,5,21,2024
3a301bca-75a8-4082-baae-0df935bb60f7,MAT-004,2024-05-22,53.41,KG,0,0,0,2,5,21,2024
82109e3d-b240-4ca7-b1c9-468cacf2f164,MAT-005,2024-05-22,118.84,M,0,0,0,2,5,21,2024
0ad7fdf8-e9e9-487a-a3df-afdb8aa128a4,MAT-001,2024-05-23,181.96,KG,0,0,0,3,5,21,2024
9f4fe882-49a0-4f0d-aac3-c4f39add8b68,MAT-002,2024-05-23,86.87,L,0,0,0,3,5,21,2024
a9db4827-22bc-41f5-90cb-ecfd8abd260f,MAT-003,2024-05-23,345.07,UN,0,0,0,3,5,21,2024
6c027114-5554-4549-8a32-f509f52d164e,MAT-004,2024-05-23,44.01,KG,0,0,0,3,5,21,2024
584df532-3d07-40df-843e-cc241bece92a,MAT-005,2024-05-23,133.19,M,0,0,0,3,5,21,2024
6e74866f-f482-4bba-b138-4b64fb84618e,MAT-001,2024-05-24,185.71,KG,0,0,0,4,5,21,2024
cf9b47e3-e595-4d0e-8234-eef1e6cd98ee,MAT-002,2024-05-24,83.62,L,0,0,0,4,5,21,2024
e8a861ad-13e4-42fa-8e9a-274fefbdac12,MAT-003,2024-05-24,319.08,UN,0,0,0,4,5,21,2024
ba234d49-2590-4d8b-a797-f2782ebd2ab4,MAT-004,2024-05-24,51.8,KG,0,0,0,4,5,21,2024
1082e5f0-25f3-4fd8-9c55-4dbbac8d9953,MAT-005,2024-05-24,110.18,M,0,0,0,4,5,21,2024
4eb52ba5-a86b-46ee-b8d9-02aad479f9a2,MAT-001,2024-05-25,44.15,KG,0,1,0,5,5,21,2024
c44307dc-702e-48db-b664-43d4029cc6ee,MAT-002,2024-05-25,15.13,L,0,1,0,5,5,21,2024
83c64517-d65e-44d3-9a93-6f28d6906db3,MAT-003,2024-05-25,72.6,UN,0,1,0,5,5,21,2024
65bd918f-00ed-43cb-ac5b-deeae60a6bab,MAT-004,2024-05-25,9.4,KG,0,1,0,5,5,21,2024
ac6444bb-436c-4e31-9a87-c97330a65256,MAT-005,2024-05-25,23.26,M,0,1,0,5,5,21,2024
a9a31a2e-eb68-44fc-bd5e-913b6dc93055,MAT-001,2024-05-26,43.88,KG,0,1,0,6,5,21,2024
f989557f-46a4-478f-8114-8e5cb5585371,MAT-002,2024-05-26,14.72,L,0,1,0,6,5,21,2024
2c23a8e2-0a3c-40f8-8278-6e6224633148,MAT-003,2024-05-26,68.26,UN,0,1,0,6,5,21,2024
8c854f89-8b49-4b5e-8d01-55e9ba64938a,MAT-004,2024-05-26,9.53,KG,0,1,0,6,5,21,2024
002141d2-fc51-4d1d-9910-db4bea38b476,MAT-005,2024-05-26,25.15,M,0,1,0,6,5,21,2024
937ed40f-e75d-440d-a371-3c9c8ccf6fe4,MAT-001,2024-05-27,187.24,KG,0,0,0,0,5,22,2024
5d9f5628-98e9-4887-a0b9-d093b7bd9eb0,MAT-002,2024-05-27,82.99,L,0,0,0,0,5,22,2024
b2b6bd32-e20c-4e76-96d9-b03f724e525f,MAT-003,2024-05-27,367.11,UN,0,0,0,0,5,22,2024
1a2035bf-82fb-48c9-9a67-fb5e235590d0,MAT-004,2024-05-27,44.01,KG,0,0,0,0,5,22,2024
a550045b-b73b-45ec-ace4-a04cea851651,MAT-005,2024-05-27,119.33,M,0,0,0,0,5,22,2024
a2eb6b79-e028-4219-a42d-5ae5c9a25bf3,MAT-001,2024-05-28,182.37,KG,0,0,0,1,5,22,2024
4abb5403-613e-4913-bc40-530050e00ea1,MAT-002,2024-05-28,74.74,L,0,0,0,1,5,22,2024
19f5b1ff-2a2c-4862-abb0-10c13d0c5933,MAT-003,2024-05-28,365.12,UN,0,0,0,1,5,22,2024
32d913ce-2ae4-4bbb-a020-afd90b53d20a,MAT-004,2024-05-28,44.11,KG,0,0,0,1,5,22,2024
ec6e4855-a643-48b1-b84f-b82db3d2ef4c,MAT-005,2024-05-28,125.63,M,0,0,0,1,5,22,2024
43cc9a1f-f31a-42db-b748-d35c7f125f0c,MAT-001,2024-05-29,215.22,KG,0,0,0,2,5,22,2024
5f6f7ced-551d-4272-93eb-090f6d3ad276,MAT-002,2024-05-29,89.37,L,0,0,0,2,5,22,2024
4a43236e-39c7-4b15-9057-76f72edbec39,MAT-003,2024-05-29,343.47,UN,0,0,0,2,5,22,2024
d7df0201-b50b-4fae-a05e-863b0fd77282,MAT-004,2024-05-29,45.59,KG,0,0,0,2,5,22,2024
1b9aaece-d5b2-4f28-aebf-90f48405a0a5,MAT-005,2024-05-29,107.64,M,0,0,0,2,5,22,2024
a4f3d24c-05aa-467e-842a-ab2e2e0f162e,MAT-001,2024-05-30,194.39,KG,0,0,0,3,5,22,2024
f78d0270-6718-493b-a88a-b83ccadc59af,MAT-002,2024-05-30,84.43,L,0,0,0,3,5,22,2024
1521ee90-52eb-499e-85d5-914ef88a9900,MAT-003,2024-05-30,316.6,UN,0,0,0,3,5,22,2024
c03aec6c-3141-40db-ae58-718a6cdfcee2,MAT-004,2024-05-30,47.76,KG,0,0,0,3,5,22,2024
5c1200a6-da42-47e2-b602-3b2814e66120,MAT-005,2024-05-30,130.97,M,0,0,0,3,5,22,2024
98435bf1-919a-4128-ae5d-41e825bb7015,MAT-001,2024-05-31,182.58,KG,0,0,0,4,5,22,2024
ce3c979e-c9a9-4b85-a909-897e7f6a3c94,MAT-002,2024-05-31,85.25,L,0,0,0,4,5,22,2024
74fb47b9-37db-442f-bd49-7b82de7d2b0c,MAT-003,2024-05-31,371.27,UN,0,0,0,4,5,22,2024
7def9ae1-e544-467c-b29c-9ba0309575a7,MAT-004,2024-05-31,45.6,KG,0,0,0,4,5,22,2024
d4fce965-af50-40e7-abb9-4a901f1bc25e,MAT-005,2024-05-31,134.2,M,0,0,0,4,5,22,2024
91be55b2-7634-4d6d-a619-226294697fe0,MAT-001,2024-06-01,51.2,KG,0,1,1,5,6,22,2024
115ec0cc-dc37-4a12-911e-9bd2a7a00678,MAT-002,2024-06-01,22.56,L,0,1,1,5,6,22,2024
b1b94c48-0d02-4bef-b21f-c85be0f97ee1,MAT-003,2024-06-01,86.44,UN,0,1,1,5,6,22,2024
5e925cdf-fd46-42d8-b7dd-081b1734e6cb,MAT-004,2024-06-01,14.5,KG,0,1,1,5,6,22,2024
5fa5344a-c106-4ec7-a530-f47d2162da04,MAT-005,2024-06-01,33.12,M,0,1,1,5,6,22,2024
a116f690-6d05-4c22-a2ce-128cfb8e0508,MAT-001,2024-06-02,42.14,KG,0,1,0,6,6,22,2024
70dc1aa4-b8a3-4f9d-9da4-37b27324115c,MAT-002,2024-06-02,16.49,L,0,1,0,6,6,22,2024
ef7e51fe-ac61-4d08-9515-190c2bc657b0,MAT-003,2024-06-02,64.14,UN,0,1,0,6,6,22,2024
1d5ad4d9-c502-4e64-a9b1-d97256cd194c,MAT-004,2024-06-02,9.79,KG,0,1,0,6,6,22,2024
9fe57447-f4b7-4532-9ba6-6f0ae11bee37,MAT-005,2024-06-02,25.07,M,0,1,0,6,6,22,2024
ec2c8be9-568c-4a2a-b388-15b9202c7264,MAT-001,2024-06-03,217.28,KG,0,0,0,0,6,23,2024
dbf5592e-f170-45b8-9df4-9f6a9b931748,MAT-002,2024-06-03,72.06,L,0,0,0,0,6,23,2024
8d34f9d0-cff2-471f-9494-fdd735a3b113,MAT-003,2024-06-03,316.44,UN,0,0,0,0,6,23,2024
06a6c36b-6366-4667-a4f9-623dba5ee0c4,MAT-004,2024-06-03,53.03,KG,0,0,0,0,6,23,2024
cedf58a9-c69f-4fea-911c-d715b6739794,MAT-005,2024-06-03,122.58,M,0,0,0,0,6,23,2024
8a795e16-db30-4724-be32-aabaf3ec764f,MAT-001,2024-06-04,194.43,KG,0,0,0,1,6,23,2024
185efef4-b1de-478f-813c-42f55fffe0eb,MAT-002,2024-06-04,88.89,L,0,0,0,1,6,23,2024
61ce5ee5-6d26-4476-894d-341c57ec8897,MAT-003,2024-06-04,334.42,UN,0,0,0,1,6,23,2024
fe95bc3f-df9f-4c87-a55b-c2b1474a1fae,MAT-004,2024-06-04,45.68,KG,0,0,0,1,6,23,2024
2e14992e-2272-4a3e-8191-821ecf838678,MAT-005,2024-06-04,113.58,M,0,0,0,1,6,23,2024
458999ae-27ee-4927-8699-e86d00ef8b83,MAT-001,2024-06-05,180.04,KG,0,0,0,2,6,23,2024
65f303c7-8a71-45d0-99d3-5f1ea6211534,MAT-002,2024-06-05,81.03,L,0,0,0,2,6,23,2024
04b6e076-13c4-4037-b7dc-e3697168bd34,MAT-003,2024-06-05,358.4,UN,0,0,0,2,6,23,2024
39312c36-2624-42cf-ab7b-ee1331f77055,MAT-004,2024-06-05,51.29,KG,0,0,0,2,6,23,2024
8a08bcc8-d93a-43b8-bbc2-faf063c9d36f,MAT-005,2024-06-05,128.03,M,0,0,0,2,6,23,2024
38220e03-3f75-4285-9ba9-33554bdfcc31,MAT-001,2024-06-06,209.14,KG,0,0,0,3,6,23,2024
68676bfe-9865-40ed-95df-2723d8fe5004,MAT-002,2024-06-06,86.68,L,0,0,0,3,6,23,2024
4601dbbf-c228-42b7-a057-baecf60c9106,MAT-003,2024-06-06,363.31,UN,0,0,0,3,6,23,2024
88c4d9e8-9e8b-4056-b1ed-2958e19a51d1,MAT-004,2024-06-06,47.62,KG,0,0,0,3,6,23,2024
16651968-ac99-471f-b36d-99d159f4a64d,MAT-005,2024-06-06,120.51,M,0,0,0,3,6,23,2024
d308c9aa-93a3-43d0-82fb-5501bc05653b,MAT-001,2024-06-07,200.46,KG,0,0,0,4,6,23,2024
6368dcfa-f50f-4cc0-a73b-100184502388,MAT-002,2024-06-07,84.76,L,0,0,0,4,6,23,2024
4bbeae03-c4d8-4360-93ea-e27bcadb709f,MAT-003,2024-06-07,332.83,UN,0,0,0,4,6,23,2024
3f0fbbdf-26ca-466c-b452-62e0bf289628,MAT-004,2024-06-07,44.65,KG,0,0,0,4,6,23,2024
49ef3738-019d-47ab-b02a-5263e395e055,MAT-005,2024-06-07,131.46,M,0,0,0,4,6,23,2024
94bbe9eb-1ac5-4b0a-ac18-65300894dc44,MAT-001,2024-06-08,44.36,KG,0,1,0,5,6,23,2024
00515bb0-e0c6-400c-8890-7a74b79976ee,MAT-002,2024-06-08,15.98,L,0,1,0,5,6,23,2024
bdcdde6c-ed0d-4d31-9510-4d3e928f870d,MAT-003,2024-06-08,63.49,UN,0,1,0,5,6,23,2024
a13cd253-a2c8-4c79-bbca-b8a11dd5b45e,MAT-004,2024-06-08,10.0,KG,0,1,0,5,6,23,2024
50214ecc-bc23-4d27-9f0a-30f78d3bc99a,MAT-005,2024-06-08,24.54,M,0,1,0,5,6,23,2024
acd9a5aa-529c-4e10-bb7e-d7599078ca18,MAT-001,2024-06-09,40.27,KG,0,1,0,6,6,23,2024
caa37ec5-1524-4786-9bbb-e1d5b64b3757,MAT-002,2024-06-09,17.83,L,0,1,0,6,6,23,2024
450e68af-9d45-401b-bc40-ae9972174941,MAT-003,2024-06-09,78.18,UN,0,1,0,6,6,23,2024
c926406f-f78e-4153-9c14-6fc4637bcd22,MAT-004,2024-06-09,11.04,KG,0,1,0,6,6,23,2024
9baa8237-1592-4fca-8a9a-2587f81febdf,MAT-005,2024-06-09,21.88,M,0,1,0,6,6,23,2024
1649c7f3-bbed-4d28-9fba-e42db1cb36d0,MAT-001,2024-06-10,217.32,KG,0,0,0,0,6,24,2024
16b98970-db1d-44be-8692-266e3127eaa6,MAT-002,2024-06-10,81.31,L,0,0,0,0,6,24,2024
4491c531-ea93-4f64-a3be-f431f158da58,MAT-003,2024-06-10,338.69,UN,0,0,0,0,6,24,2024
936931cc-66d5-4226-963c-4c307875a922,MAT-004,2024-06-10,52.2,KG,0,0,0,0,6,24,2024
09cdadfa-2199-4b61-855f-445f350d59ae,MAT-005,2024-06-10,127.57,M,0,0,0,0,6,24,2024
1a732021-92c3-4401-9f2e-6214e4f61d3f,MAT-001,2024-06-11,221.81,KG,0,0,0,1,6,24,2024
70d72a74-46b9-41a8-a933-80d589f84b83,MAT-002,2024-06-11,85.19,L,0,0,0,1,6,24,2024
8a59c681-b945-4736-aac2-850bfae865bc,MAT-003,2024-06-11,309.4,UN,0,0,0,1,6,24,2024
788685ef-6c86-4e33-a113-1342df7900c8,MAT-004,2024-06-11,44.81,KG,0,0,0,1,6,24,2024
7fb8ee71-0d23-446b-b240-9ddc38cdc3ef,MAT-005,2024-06-11,113.15,M,0,0,0,1,6,24,2024
6dd5ed9f-157b-4d7c-9df1-945e226c2dcb,MAT-001,2024-06-12,177.91,KG,0,0,0,2,6,24,2024
d403be93-d5bf-4af7-8499-31c7e4a56166,MAT-002,2024-06-12,71.56,L,0,0,0,2,6,24,2024
7f0f8301-48be-437e-908e-6617202086a7,MAT-003,2024-06-12,374.3,UN,0,0,0,2,6,24,2024
08f2188c-7b51-45d1-ab8f-94821f5ecacc,MAT-004,2024-06-12,50.08,KG,0,0,0,2,6,24,2024
3c5cd889-8cd0-4494-8213-c0f803a8beb9,MAT-005,2024-06-12,123.7,M,0,0,0,2,6,24,2024
3486fefa-7e09-42e9-92ea-ffd74978265b,MAT-001,2024-06-13,200.05,KG,0,0,0,3,6,24,2024
96316556-c19c-4de9-aaa1-bf0e76295fcf,MAT-002,2024-06-13,78.38,L,0,0,0,3,6,24,2024
d55eec21-4a95-4b06-9365-cfee8f1b3a41,MAT-003,2024-06-13,366.95,UN,0,0,0,3,6,24,2024
7879ff32-5986-42df-883b-5d4e21d368eb,MAT-004,2024-06-13,44.99,KG,0,0,0,3,6,24,2024
0c733ee1-9048-4db3-b49d-b57f518a85ae,MAT-005,2024-06-13,121.05,M,0,0,0,3,6,24,2024
8d9e4787-0461-4f7a-b684-890c1b28fa5f,MAT-001,2024-06-14,205.57,KG,0,0,0,4,6,24,2024
0bb91620-983b-4a85-9029-438e3bb483e5,MAT-002,2024-06-14,75.73,L,0,0,0,4,6,24,2024
e90d4f0b-5833-49e1-9f4d-b41ab4e38b19,MAT-003,2024-06-14,334.03,UN,0,0,0,4,6,24,2024
4f73d044-dd3b-4cda-80c2-2f93640a8fd5,MAT-004,2024-06-14,50.14,KG,0,0,0,4,6,24,2024
63ebabf4-de60-47fe-947b-3895acca7245,MAT-005,2024-06-14,111.45,M,0,0,0,4,6,24,2024
f0ddd3e5-240b-4a62-a4fe-9ce75714dda2,MAT-001,2024-06-15,60.14,KG,0,1,1,5,6,24,2024
80443806-9f6c-4456-abbe-0e1ab1bd8fc0,MAT-002,2024-06-15,22.6,L,0,1,1,5,6,24,2024
9e9e0ce3-018f-4873-b76e-b886963c3272,MAT-003,2024-06-15,95.43,UN,0,1,1,5,6,24,2024
5ab4a332-6926-42cb-8364-25fd54dc5fdf,MAT-004,2024-06-15,14.45,KG,0,1,1,5,6,24,2024
d3ba0a6b-2042-4de2-a442-7ff4b474d8e2,MAT-005,2024-06-15,36.3,M,0,1,1,5,6,24,2024
a6e9e0d4-e9d5-44c6-af18-c595fdd45471,MAT-001,2024-06-16,41.74,KG,0,1,0,6,6,24,2024
2a015804-c5c0-4225-a5ae-697e599b2613,MAT-002,2024-06-16,14.33,L,0,1,0,6,6,24,2024
b93f86fd-470e-4684-96b6-d98553f0db5b,MAT-003,2024-06-16,73.34,UN,0,1,0,6,6,24,2024
752fa25c-527d-4b61-b141-5eac335c488e,MAT-004,2024-06-16,10.55,KG,0,1,0,6,6,24,2024
cf66921d-d0e8-4979-b114-982a1e8a80c9,MAT-005,2024-06-16,26.0,M,0,1,0,6,6,24,2024
4703c17a-ed7e-4f78-a4be-4227ea3740f3,MAT-001,2024-06-17,178.78,KG,0,0,0,0,6,25,2024
72af6e14-d84e-44e3-b12e-654eb1751823,MAT-002,2024-06-17,72.06,L,0,0,0,0,6,25,2024
f744b320-8664-494e-a148-e0d10a061a1e,MAT-003,2024-06-17,344.5,UN,0,0,0,0,6,25,2024
a814dca6-f9b4-4ced-9f5a-3f80bc4fb4de,MAT-004,2024-06-17,49.44,KG,0,0,0,0,6,25,2024
ab759ca9-493b-4c06-ade5-2d8ec4fc4d30,MAT-005,2024-06-17,123.13,M,0,0,0,0,6,25,2024
e36d1e0c-1d54-429e-8f26-1a051fee9e60,MAT-001,2024-06-18,190.85,KG,0,0,0,1,6,25,2024
fdd25cbb-ad2c-4c6b-8c42-7dacc40a17de,MAT-002,2024-06-18,84.64,L,0,0,0,1,6,25,2024
62afe148-d38d-4411-82c0-402fbb27b03a,MAT-003,2024-06-18,370.22,UN,0,0,0,1,6,25,2024
b11d5867-d5e5-414d-9445-79a715f0e9a7,MAT-004,2024-06-18,45.43,KG,0,0,0,1,6,25,2024
87384b37-3f9a-4dfd-9e70-a9266243dfac,MAT-005,2024-06-18,125.99,M,0,0,0,1,6,25,2024
d32796f9-949a-4603-a5af-b03ff05fde7e,MAT-001,2024-06-19,209.67,KG,0,0,0,2,6,25,2024
b221d017-ca10-4371-814b-a3846845fa1e,MAT-002,2024-06-19,73.55,L,0,0,0,2,6,25,2024
1ecd562b-c78e-4724-a8af-4e49183b3833,MAT-003,2024-06-19,388.05,UN,0,0,0,2,6,25,2024
93ab64f5-9ceb-41e7-952f-9a63ba1b47b1,MAT-004,2024-06-19,50.28,KG,0,0,0,2,6,25,2024
daa86a70-1a07-4ba4-9313-42bb55399eb7,MAT-005,2024-06-19,128.15,M,0,0,0,2,6,25,2024
a9590e8f-c8f2-4cc5-8b6b-57377839aecf,MAT-001,2024-06-20,210.6,KG,0,0,0,3,6,25,2024
dd0f3d49-2b4e-4d2a-a09c-3af48d4ac9f9,MAT-002,2024-06-20,73.61,L,0,0,0,3,6,25,2024
c1900c9c-80e1-4328-9baa-ae5f8daf0c4d,MAT-003,2024-06-20,318.66,UN,0,0,0,3,6,25,2024
34cca5a2-ae7c-4aea-b1ae-19cc41987c8c,MAT-004,2024-06-20,53.37,KG,0,0,0,3,6,25,2024
6f63d42b-bfed-4f38-943b-bb1a19a1e090,MAT-005,2024-06-20,113.34,M,0,0,0,3,6,25,2024
eec3dfbf-a8ec-4280-b999-556655a1f7c5,MAT-001,2024-06-21,218.55,KG,0,0,0,4,6,25,2024
7cfca4f6-cdd1-429d-b0dc-f33580146747,MAT-002,2024-06-21,85.21,L,0,0,0,4,6,25,2024
766a6e13-9771-48c7-94fa-8e65843bb3bd,MAT-003,2024-06-21,310.47,UN,0,0,0,4,6,25,2024
a221a517-ba2c-4a51-9ec8-f551385cd945,MAT-004,2024-06-21,53.69,KG,0,0,0,4,6,25,2024
5c51de61-04f4-4ae9-a6c5-49e009452249,MAT-005,2024-06-21,113.43,M,0,0,0,4,6,25,2024
ef1ac7dc-0fec-4f73-96a5-8f0b8894e961,MAT-001,2024-06-22,35.81,KG,0,1,0,5,6,25,2024
424320a4-23aa-4b60-bf03-bac8de7a3dd9,MAT-002,2024-06-22,16.82,L,0,1,0,5,6,25,2024
82c7ef03-6e1e-4f7e-8f59-eb40a94cac0f,MAT-003,2024-06-22,71.29,UN,0,1,0,5,6,25,2024
f2861f82-e9f3-4816-95b3-fa3d42bf2cf3,MAT-004,2024-06-22,8.98,KG,0,1,0,5,6,25,2024
76aec656-e95e-4313-8c9d-09ba243821cd,MAT-005,2024-06-22,23.74,M,0,1,0,5,6,25,2024
d9d3fe54-4be2-4648-98f2-2889fd76d7ce,MAT-001,2024-06-23,38.66,KG,0,1,0,6,6,25,2024
682c8874-b1bd-4d6a-9e2e-dd3b112c2f94,MAT-002,2024-06-23,16.0,L,0,1,0,6,6,25,2024
501b4bc5-44fa-4cd8-8cad-cdd7233135bd,MAT-003,2024-06-23,71.12,UN,0,1,0,6,6,25,2024
116fa34e-39b5-4ad3-8848-2a5539af101b,MAT-004,2024-06-23,9.68,KG,0,1,0,6,6,25,2024
4ebd7a50-bcab-41ba-afef-d020d2f6d087,MAT-005,2024-06-23,22.59,M,0,1,0,6,6,25,2024
a08de1c5-cc91-4c17-97ca-1e339a84fbab,MAT-001,2024-06-24,180.94,KG,0,0,0,0,6,26,2024
796a3490-c7da-4540-a23e-840ac77447e9,MAT-002,2024-06-24,81.42,L,0,0,0,0,6,26,2024
8be6f647-8c26-43d3-bdb6-5ff2ed35a53f,MAT-003,2024-06-24,368.71,UN,0,0,0,0,6,26,2024
2828bf1d-cf56-4f2c-8024-11df51677a5f,MAT-004,2024-06-24,46.74,KG,0,0,0,0,6,26,2024
6099994e-ae87-439b-9d1b-907c16bc9ba5,MAT-005,2024-06-24,120.25,M,0,0,0,0,6,26,2024
75c6a0a7-d89e-48df-9607-eaf3f5cf2bbd,MAT-001,2024-06-25,178.11,KG,0,0,0,1,6,26,2024
9f4bb7c9-543f-4612-9e42-cfcb7bb89c49,MAT-002,2024-06-25,86.97,L,0,0,0,1,6,26,2024
6d4a5cc8-c745-4a78-a496-4e71c0c55896,MAT-003,2024-06-25,328.54,UN,0,0,0,1,6,26,2024
2c56ce69-d44d-4365-b4a8-ff7ad34de600,MAT-004,2024-06-25,49.66,KG,0,0,0,1,6,26,2024
5cf917d1-2bdb-4122-b1a0-e37ef724e7e2,MAT-005,2024-06-25,116.63,M,0,0,0,1,6,26,2024
d5bbb874-7bb5-4fa2-b738-2927b939f4f5,MAT-001,2024-06-26,183.2,KG,0,0,0,2,6,26,2024
6579df72-a3fb-4807-bd43-09cf513987f1,MAT-002,2024-06-26,88.28,L,0,0,0,2,6,26,2024
8a872e14-89ff-4753-a323-dc7c9df04d7d,MAT-003,2024-06-26,380.03,UN,0,0,0,2,6,26,2024
2e3e09c9-ee90-42bc-9a07-7515d1f1f043,MAT-004,2024-06-26,50.63,KG,0,0,0,2,6,26,2024
8dd6fe3e-6ad5-40e1-b1fe-cacf00e5733d,MAT-005,2024-06-26,131.92,M,0,0,0,2,6,26,2024
373dbe90-108f-466d-9ac2-4e2c52415af4,MAT-001,2024-06-27,211.55,KG,0,0,0,3,6,26,2024
5e5a412a-94c4-4a45-8de9-ec14e0a0cbf0,MAT-002,2024-06-27,78.45,L,0,0,0,3,6,26,2024
27e85e04-8ede-41a2-9c11-fbf94e580249,MAT-003,2024-06-27,335.03,UN,0,0,0,3,6,26,2024
cd81af7c-5ce6-4528-abf0-c7ede33900bb,MAT-004,2024-06-27,49.0,KG,0,0,0,3,6,26,2024
dcf4c9f2-6507-4f92-9250-7b725dadcc22,MAT-005,2024-06-27,126.34,M,0,0,0,3,6,26,2024
3fafac8e-bdb9-4e10-a3ea-34ce2792f45d,MAT-001,2024-06-28,189.02,KG,0,0,0,4,6,26,2024
4045f872-6df9-4617-b640-8c3f0c892577,MAT-002,2024-06-28,71.9,L,0,0,0,4,6,26,2024
3e9b82f2-136f-4fb0-b6b3-e24bb112fe4f,MAT-003,2024-06-28,339.32,UN,0,0,0,4,6,26,2024
c3d8fbc4-abf4-40a4-928c-afe587c2cd87,MAT-004,2024-06-28,50.02,KG,0,0,0,4,6,26,2024
c22ce38b-7c5f-4b1e-8795-5526a599c75e,MAT-005,2024-06-28,131.58,M,0,0,0,4,6,26,2024
b411da68-149f-4a9e-83e4-28f8c4cab6ea,MAT-001,2024-06-29,36.92,KG,0,1,0,5,6,26,2024
4d79094a-a105-4038-aade-feec83911c37,MAT-002,2024-06-29,17.17,L,0,1,0,5,6,26,2024
ef979a70-1d84-4cfd-879c-8ca12d2814a2,MAT-003,2024-06-29,78.09,UN,0,1,0,5,6,26,2024
a7f895b5-360b-4edf-881b-d6e120b0ced9,MAT-004,2024-06-29,11.09,KG,0,1,0,5,6,26,2024
2a224c8a-ed03-472c-99f7-4e756e321044,MAT-005,2024-06-29,21.52,M,0,1,0,5,6,26,2024
c52f392f-4cad-4962-9418-29fb6d684900,MAT-001,2024-06-30,39.66,KG,0,1,0,6,6,26,2024
d6aee8b9-834e-4f01-b178-49f670419c93,MAT-002,2024-06-30,15.16,L,0,1,0,6,6,26,2024
90431af4-eff7-4fc9-ad68-da24590d2da2,MAT-003,2024-06-30,75.79,UN,0,1,0,6,6,26,2024
1d6f90e0-41ee-4739-a50b-c4579435d5fb,MAT-004,2024-06-30,9.59,KG,0,1,0,6,6,26,2024
43ac9bf2-4db7-4ab1-8914-240243f302ed,MAT-005,2024-06-30,24.31,M,0,1,0,6,6,26,2024
50398ccd-2c11-4feb-a605-6f0334ac8243,MAT-001,2024-07-01,246.94,KG,0,0,1,0,7,27,2024
8dc10a08-8ea1-4ce2-8a24-989bdaaaf837,MAT-002,2024-07-01,103.95,L,0,0,1,0,7,27,2024
94f263c1-e12f-4bb8-917e-21b7badc598b,MAT-003,2024-07-01,497.5,UN,0,0,1,0,7,27,2024
401638bd-69a6-4a60-b66b-f1694942e6ba,MAT-004,2024-07-01,66.71,KG,0,0,1,0,7,27,2024
ff096d9e-1292-4ad0-9f37-af5e6bbb9df4,MAT-005,2024-07-01,172.95,M,0,0,1,0,7,27,2024
973707d6-738e-49df-b8b2-11edb84006b6,MAT-001,2024-07-02,198.27,KG,0,0,0,1,7,27,2024
947b6bc1-2cd8-4082-bab6-f49e76cd9013,MAT-002,2024-07-02,81.76,L,0,0,0,1,7,27,2024
f078c1db-2381-4483-875c-fd63967e282b,MAT-003,2024-07-02,349.44,UN,0,0,0,1,7,27,2024
76c1d493-6a34-4903-bf8f-901c74cb58ec,MAT-004,2024-07-02,53.27,KG,0,0,0,1,7,27,2024
31db9b9e-a7a8-4314-a4a7-ebffee328745,MAT-005,2024-07-02,111.23,M,0,0,0,1,7,27,2024
141ef318-a1ac-4f6a-9bfa-1afa53b6b397,MAT-001,2024-07-03,219.22,KG,0,0,0,2,7,27,2024
fea0cd54-4203-441e-a02d-90a92317a465,MAT-002,2024-07-03,85.0,L,0,0,0,2,7,27,2024
5c871a10-3074-4866-8f94-1a216c63c011,MAT-003,2024-07-03,328.59,UN,0,0,0,2,7,27,2024
87a5f0ee-3b83-4571-8992-4efdd282724e,MAT-004,2024-07-03,44.08,KG,0,0,0,2,7,27,2024
0c043f49-55ad-4410-a6e6-f9904c39ff05,MAT-005,2024-07-03,117.41,M,0,0,0,2,7,27,2024
7d0f88d6-f623-42ee-9892-39e4f81e68b4,MAT-001,2024-07-04,187.18,KG,0,0,0,3,7,27,2024
25d549a0-d48a-4d44-b10c-8ddc5446d4c8,MAT-002,2024-07-04,77.05,L,0,0,0,3,7,27,2024
4ebd603d-d769-4579-acbf-7069cd978338,MAT-003,2024-07-04,378.52,UN,0,0,0,3,7,27,2024
3fb24f02-bcfb-4362-86d7-4a61a2e645c0,MAT-004,2024-07-04,54.53,KG,0,0,0,3,7,27,2024
7d7a7371-0ea9-4f73-91c0-cce943b6c0cd,MAT-005,2024-07-04,132.99,M,0,0,0,3,7,27,2024
aefdde16-81cd-4f55-ae58-fec37c84a9c3,MAT-001,2024-07-05,176.07,KG,0,0,0,4,7,27,2024
fca7d82c-c9b0-43bc-8c81-259d2243aa4e,MAT-002,2024-07-05,83.02,L,0,0,0,4,7,27,2024
8613df60-700d-42ed-a30b-862a7ebcde01,MAT-003,2024-07-05,379.32,UN,0,0,0,4,7,27,2024
c7e75b83-116c-45b9-a2c9-5987893154be,MAT-004,2024-07-05,52.73,KG,0,0,0,4,7,27,2024
c38e5ede-bf5e-4123-9ff8-e853fe6a7500,MAT-005,2024-07-05,108.59,M,0,0,0,4,7,27,2024
b6815bd7-9d21-4f37-8481-f411ad66a6d6,MAT-001,2024-07-06,40.29,KG,0,1,0,5,7,27,2024
a892670c-c84c-48b2-b373-7b9cf29cbfa3,MAT-002,2024-07-06,14.99,L,0,1,0,5,7,27,2024
d29f633f-f7c9-48e9-b90f-828e2e03237b,MAT-003,2024-07-06,69.87,UN,0,1,0,5,7,27,2024
e858487d-095a-48af-ad68-595d1826164e,MAT-004,2024-07-06,8.94,KG,0,1,0,5,7,27,2024
65f34c6b-5235-475f-b02b-98b4652bad77,MAT-005,2024-07-06,26.86,M,0,1,0,5,7,27,2024
9b343145-1702-445b-9bb1-9597973331ca,MAT-001,2024-07-07,42.03,KG,0,1,0,6,7,27,2024
7c45ec55-f5d7-4bb2-a97d-2567456869a3,MAT-002,2024-07-07,14.44,L,0,1,0,6,7,27,2024
da99f891-2d4b-4f71-9482-fe552aef70e1,MAT-003,2024-07-07,77.08,UN,0,1,0,6,7,27,2024
4e06a3de-12a3-4a0c-b261-b039b0bb8374,MAT-004,2024-07-07,10.95,KG,0,1,0,6,7,27,2024
dbcfe5d8-f6ad-4dbd-8308-7e8a5efccb86,MAT-005,2024-07-07,24.11,M,0,1,0,6,7,27,2024
37baa755-12f2-4b57-9831-d45b7eb17e0b,MAT-001,2024-07-08,209.64,KG,0,0,0,0,7,28,2024
e7a8cada-4bea-42a8-bb1b-14962209bf85,MAT-002,2024-07-08,77.55,L,0,0,0,0,7,28,2024
d3f82304-78cb-4371-9fd7-e1fc5f5b0258,MAT-003,2024-07-08,389.86,UN,0,0,0,0,7,28,2024
4fa8b357-24ad-40b8-b9e7-eccf4d47a7f0,MAT-004,2024-07-08,45.02,KG,0,0,0,0,7,28,2024
07ebca59-f95a-4dfe-be16-ff95be53bf21,MAT-005,2024-07-08,108.35,M,0,0,0,0,7,28,2024
e8852d4c-75a3-4abc-a93d-3c9e7b7f9790,MAT-001,2024-07-09,182.41,KG,0,0,0,1,7,28,2024
93f2df48-664f-4b2f-8f7d-482b4af3a3f2,MAT-002,2024-07-09,86.14,L,0,0,0,1,7,28,2024
e96311e4-c7f5-4c1b-aa1e-820c156c2e14,MAT-003,2024-07-09,314.29,UN,0,0,0,1,7,28,2024
b5806f8f-52ae-4219-8626-6f26f90f9ef8,MAT-004,2024-07-09,50.81,KG,0,0,0,1,7,28,2024
09cda54a-9b30-44ca-adce-e3d81923a221,MAT-005,2024-07-09,118.13,M,0,0,0,1,7,28,2024
980314dd-408c-4946-833b-a46b1b6925b2,MAT-001,2024-07-10,222.28,KG,0,0,0,2,7,28,2024
3cf290b2-91d9-4a7f-bbb1-f0df72398634,MAT-002,2024-07-10,74.95,L,0,0,0,2,7,28,2024
494d7d20-d301-41f5-8832-b1e1e7332724,MAT-003,2024-07-10,329.92,UN,0,0,0,2,7,28,2024
6f924ed0-df13-4383-b6c2-f38a7c337dd4,MAT-004,2024-07-10,47.78,KG,0,0,0,2,7,28,2024
bff7b870-2795-4e75-8753-edaada668c06,MAT-005,2024-07-10,128.66,M,0,0,0,2,7,28,2024
e660f26f-111c-4216-96f9-f458c0c11710,MAT-001,2024-07-11,209.63,KG,0,0,0,3,7,28,2024
fb2bcd9a-5df8-4980-bff1-977120db165a,MAT-002,2024-07-11,84.52,L,0,0,0,3,7,28,2024
10336424-ea4d-4864-b349-7d573004cddf,MAT-003,2024-07-11,334.72,UN,0,0,0,3,7,28,2024
64062bc2-8dc1-48ea-b64a-3d1b86a90c97,MAT-004,2024-07-11,47.26,KG,0,0,0,3,7,28,2024
6f6898d1-9465-464d-bda8-76373028df3f,MAT-005,2024-07-11,107.75,M,0,0,0,3,7,28,2024
b7b0aa4c-0014-4a8a-9c43-27359061e3e7,MAT-001,2024-07-12,185.73,KG,0,0,0,4,7,28,2024
5383f209-dcc1-4b71-9b79-8e8911b7fdc4,MAT-002,2024-07-12,85.37,L,0,0,0,4,7,28,2024
5ea0f9c1-1c58-4960-add2-2025423f4992,MAT-003,2024-07-12,357.12,UN,0,0,0,4,7,28,2024
2c7c91f3-6e6d-4966-ae6f-929b976e748a,MAT-004,2024-07-12,45.86,KG,0,0,0,4,7,28,2024
993ded8a-7894-4602-8c90-c69d255641e0,MAT-005,2024-07-12,110.33,M,0,0,0,4,7,28,2024
959334e9-8cb0-4db7-b213-a4c31fcc3e64,MAT-001,2024-07-13,39.67,KG,0,1,0,5,7,28,2024
399ad7da-2d10-43d9-9bc2-17c386430568,MAT-002,2024-07-13,15.64,L,0,1,0,5,7,28,2024
b64d5581-4f64-41d9-bf1c-ebc07c0e661a,MAT-003,2024-07-13,70.6,UN,0,1,0,5,7,28,2024
ec57b45d-45c3-408f-8231-607db537bc36,MAT-004,2024-07-13,11.12,KG,0,1,0,5,7,28,2024
2ba98fac-3d8a-4654-8f15-eafec3f77884,MAT-005,2024-07-13,22.32,M,0,1,0,5,7,28,2024
7dffa4a1-5ccd-4a25-a487-274e134d1c96,MAT-001,2024-07-14,38.16,KG,0,1,0,6,7,28,2024
705f27ce-ddc5-4620-9041-1fe4db465f12,MAT-002,2024-07-14,15.1,L,0,1,0,6,7,28,2024
bdb9fa5c-0e2b-4604-a5c9-db842e75eaa4,MAT-003,2024-07-14,63.61,UN,0,1,0,6,7,28,2024
481c078f-3e44-4e53-a3ea-25ee53dfcaa8,MAT-004,2024-07-14,9.18,KG,0,1,0,6,7,28,2024
e0f1d830-e894-47a5-bbd8-bdd7a083493c,MAT-005,2024-07-14,25.07,M,0,1,0,6,7,28,2024
a254ee74-34fa-476c-8f5b-28f43453435c,MAT-001,2024-07-15,301.93,KG,0,0,1,0,7,29,2024
0c3cea53-d3c6-4f9e-a656-2ba9a4642802,MAT-002,2024-07-15,117.29,L,0,0,1,0,7,29,2024
b88a64f0-46b1-437c-874e-7476f181c9b1,MAT-003,2024-07-15,435.94,UN,0,0,1,0,7,29,2024
1e0bc80e-2199-4a1d-9ca9-657c42981e86,MAT-004,2024-07-15,75.64,KG,0,0,1,0,7,29,2024
b2884ac4-5983-42cd-8627-870df17a7665,MAT-005,2024-07-15,161.06,M,0,0,1,0,7,29,2024
fcc05423-c11f-4f44-9b20-550c93ca36d2,MAT-001,2024-07-16,180.38,KG,0,0,0,1,7,29,2024
095119c2-2f6a-4e51-afd3-44c505739529,MAT-002,2024-07-16,75.17,L,0,0,0,1,7,29,2024
34c45901-e36c-4317-b06b-7b2f3548b35e,MAT-003,2024-07-16,337.88,UN,0,0,0,1,7,29,2024
7766dfbd-c665-4cb5-b59d-5cf05b70adf4,MAT-004,2024-07-16,50.16,KG,0,0,0,1,7,29,2024
87eaa0ba-22ae-4ea1-88a1-db564061885e,MAT-005,2024-07-16,125.1,M,0,0,0,1,7,29,2024
5bf93422-3603-4df7-8560-3591b6df9971,MAT-001,2024-07-17,188.49,KG,0,0,0,2,7,29,2024
84c22175-fcd5-4ff0-b91f-2e5ebd3aa38a,MAT-002,2024-07-17,89.42,L,0,0,0,2,7,29,2024
f6b36d98-102c-403e-ad30-37f6c46485b4,MAT-003,2024-07-17,310.61,UN,0,0,0,2,7,29,2024
5a12ffd8-1a26-40b7-ae83-844ccf029454,MAT-004,2024-07-17,48.85,KG,0,0,0,2,7,29,2024
91a0c402-faf3-4936-a916-cbac7bb26edf,MAT-005,2024-07-17,118.62,M,0,0,0,2,7,29,2024
47ef9366-e7c9-4370-ac79-ffa5897bf7bb,MAT-001,2024-07-18,211.91,KG,0,0,0,3,7,29,2024
858a956a-d479-4042-9406-54cad24f7fa5,MAT-002,2024-07-18,75.2,L,0,0,0,3,7,29,2024
e043caa0-98b0-4a51-8d37-e8ceb0ccd663,MAT-003,2024-07-18,346.81,UN,0,0,0,3,7,29,2024
6fe0763b-09db-457a-ba3f-cd8ca670e54d,MAT-004,2024-07-18,53.65,KG,0,0,0,3,7,29,2024
6e194798-a578-4440-96f2-267bef402241,MAT-005,2024-07-18,109.63,M,0,0,0,3,7,29,2024
8b863606-6695-4277-ac91-b6e25d7a98f8,MAT-001,2024-07-19,176.57,KG,0,0,0,4,7,29,2024
16384674-96ce-4369-beba-f7ba4b4b3fa9,MAT-002,2024-07-19,86.34,L,0,0,0,4,7,29,2024
18ed6667-c875-4206-9bbc-6d2f988a9086,MAT-003,2024-07-19,390.54,UN,0,0,0,4,7,29,2024
d7f347d2-dfaf-40d9-a09c-85003baef560,MAT-004,2024-07-19,45.57,KG,0,0,0,4,7,29,2024
37a4c57f-0195-47d5-a398-9efacc7f7059,MAT-005,2024-07-19,129.32,M,0,0,0,4,7,29,2024
85471ff7-5c5a-4a33-a611-f8b3ea8db77a,MAT-001,2024-07-20,38.77,KG,0,1,0,5,7,29,2024
7aa37d3b-a6d9-44f1-8840-6a5f4402e338,MAT-002,2024-07-20,16.5,L,0,1,0,5,7,29,2024
2808448f-3889-40a4-a227-951db90c1cd9,MAT-003,2024-07-20,72.43,UN,0,1,0,5,7,29,2024
376c8387-ebe2-49c9-9e1a-42fb246ceb60,MAT-004,2024-07-20,10.2,KG,0,1,0,5,7,29,2024
3c1c194f-45fc-4a6a-80b4-8f22ac425327,MAT-005,2024-07-20,22.61,M,0,1,0,5,7,29,2024
4e93a707-60a6-4b02-a2ae-68b7478db72f,MAT-001,2024-07-21,43.0,KG,0,1,0,6,7,29,2024
08b0025e-e296-406c-b50c-71f09c8f5448,MAT-002,2024-07-21,14.16,L,0,1,0,6,7,29,2024
84cecfad-1fc1-4795-a577-0f4a008f2e27,MAT-003,2024-07-21,62.68,UN,0,1,0,6,7,29,2024
c2743bd1-c450-45fc-9494-e149d9cdf177,MAT-004,2024-07-21,10.97,KG,0,1,0,6,7,29,2024
7d88ba75-ecf1-4118-87f6-b7b2f846f1f1,MAT-005,2024-07-21,23.67,M,0,1,0,6,7,29,2024
51165663-91e0-4cc0-834a-fce36e9978b5,MAT-001,2024-07-22,182.18,KG,0,0,0,0,7,30,2024
7869e254-9ead-4888-80a5-65e30c5eebf5,MAT-002,2024-07-22,87.78,L,0,0,0,0,7,30,2024
14a67cf5-1970-4a59-83ac-40d06b071285,MAT-003,2024-07-22,377.67,UN,0,0,0,0,7,30,2024
f06e7295-78cc-4cdc-918d-12afa9d03eb9,MAT-004,2024-07-22,47.98,KG,0,0,0,0,7,30,2024
fdc24bda-f57a-4869-ba9a-1a7768b2d33c,MAT-005,2024-07-22,106.83,M,0,0,0,0,7,30,2024
c34be7f5-ba1e-4ea7-842d-b792a759c6b7,MAT-001,2024-07-23,198.13,KG,0,0,0,1,7,30,2024
cf062c5d-e88f-4c5f-b0f1-3ccb70d43b60,MAT-002,2024-07-23,73.63,L,0,0,0,1,7,30,2024
7247b912-41ec-4f67-b2f5-a7d74a51d4da,MAT-003,2024-07-23,356.21,UN,0,0,0,1,7,30,2024
b3317969-3f04-47de-b62a-0fb14d3050e6,MAT-004,2024-07-23,53.86,KG,0,0,0,1,7,30,2024
ddf09ffb-bc3b-432e-8932-33672ef7220d,MAT-005,2024-07-23,116.98,M,0,0,0,1,7,30,2024
f7de2370-67c5-40b7-898e-ae5103d1dce3,MAT-001,2024-07-24,177.42,KG,0,0,0,2,7,30,2024
3a7b582a-49b3-4024-9982-9d51a0aa4b64,MAT-002,2024-07-24,83.52,L,0,0,0,2,7,30,2024
bc76b467-32c7-4a23-8d53-9984dc11d82d,MAT-003,2024-07-24,322.52,UN,0,0,0,2,7,30,2024
d3d4d986-c76d-4576-b987-a5dcd9c2508f,MAT-004,2024-07-24,46.58,KG,0,0,0,2,7,30,2024
93a138e4-68f6-4b77-be4f-e97688556684,MAT-005,2024-07-24,110.99,M,0,0,0,2,7,30,2024
8f7f0433-c60f-4ae8-89d9-c3e32a4e5e41,MAT-001,2024-07-25,189.43,KG,0,0,0,3,7,30,2024
13f6bccb-77aa-449e-a3ee-8d6c6a9289c8,MAT-002,2024-07-25,87.36,L,0,0,0,3,7,30,2024
cf807a00-9e32-4026-ae24-60768abe03d1,MAT-003,2024-07-25,310.91,UN,0,0,0,3,7,30,2024
8c352737-ec72-4f20-a3a7-fa891e328c32,MAT-004,2024-07-25,51.43,KG,0,0,0,3,7,30,2024
66448921-455c-418e-9fbd-43be6f43dbdd,MAT-005,2024-07-25,112.68,M,0,0,0,3,7,30,2024
948d4bf2-aa5a-42b7-8be4-91455efbfb4f,MAT-001,2024-07-26,190.17,KG,0,0,0,4,7,30,2024
5af6f7e4-3c62-4ee9-a231-32b65c8417d6,MAT-002,2024-07-26,78.31,L,0,0,0,4,7,30,2024
1f84f015-7650-4c75-95ca-2b09e924167c,MAT-003,2024-07-26,354.26,UN,0,0,0,4,7,30,2024
374464ea-a1f2-4021-9237-a64eb42308ab,MAT-004,2024-07-26,44.73,KG,0,0,0,4,7,30,2024
93847da8-27c6-401a-8643-eb70b2ac637d,MAT-005,2024-07-26,113.66,M,0,0,0,4,7,30,2024
37ab4c3b-c675-41d1-b618-b313d692021d,MAT-001,2024-07-27,36.52,KG,0,1,0,5,7,30,2024
bdb75ba7-3d1b-445e-9a3b-6ce91dcfa8fd,MAT-002,2024-07-27,14.85,L,0,1,0,5,7,30,2024
58c5de3b-38c9-465c-9de8-859f8c485942,MAT-003,2024-07-27,76.46,UN,0,1,0,5,7,30,2024
3fa02db5-a1b4-4729-862b-3749a8ec0b49,MAT-004,2024-07-27,10.06,KG,0,1,0,5,7,30,2024
7f167025-43a9-49c4-8e03-e982a6dc38fb,MAT-005,2024-07-27,24.75,M,0,1,0,5,7,30,2024
eb3b2276-11b5-42ad-82e8-ba220d0ade44,MAT-001,2024-07-28,42.9,KG,0,1,0,6,7,30,2024
075fd04b-cdfa-4c4e-9743-cb26eff1666f,MAT-002,2024-07-28,17.13,L,0,1,0,6,7,30,2024
9b56c6a8-1279-4226-b1c4-6a9d1788b2cf,MAT-003,2024-07-28,78.22,UN,0,1,0,6,7,30,2024
c58394aa-446e-4b13-9c78-2a18cdd5a6b0,MAT-004,2024-07-28,10.68,KG,0,1,0,6,7,30,2024
bdad2631-2a74-4ce4-b226-1b6ab6e85566,MAT-005,2024-07-28,23.19,M,0,1,0,6,7,30,2024
02860db5-a4f2-43d3-ac3e-a5968d628a13,MAT-001,2024-07-29,202.14,KG,0,0,0,0,7,31,2024
84f502ad-8701-4aa8-a0f0-7f6e310625e5,MAT-002,2024-07-29,79.71,L,0,0,0,0,7,31,2024
792df039-6208-4c99-aef3-dabd75b9aeb5,MAT-003,2024-07-29,384.66,UN,0,0,0,0,7,31,2024
0605066f-6109-4d38-bd80-9d8cc3e93c22,MAT-004,2024-07-29,50.03,KG,0,0,0,0,7,31,2024
c0cb82a0-73d4-4ae7-b93b-2c19cd23ca70,MAT-005,2024-07-29,116.79,M,0,0,0,0,7,31,2024
0b110e8b-719a-4663-99bc-220ca2ce6b86,MAT-001,2024-07-30,184.63,KG,0,0,0,1,7,31,2024
3c5fcb2c-f36b-4c40-b678-0652b7fc3409,MAT-002,2024-07-30,76.52,L,0,0,0,1,7,31,2024
a73469cc-3122-491d-a113-b6d3ba9986d5,MAT-003,2024-07-30,326.4,UN,0,0,0,1,7,31,2024
b8a415ca-638b-4450-b26c-991f32b87fe9,MAT-004,2024-07-30,54.75,KG,0,0,0,1,7,31,2024
d297b861-e01c-4c49-ac33-cfebbc7f9e8f,MAT-005,2024-07-30,128.02,M,0,0,0,1,7,31,2024
6938884f-cc3d-4e20-bc48-c301ef0525e0,MAT-001,2024-07-31,178.81,KG,0,0,0,2,7,31,2024
4d46d137-4bf7-4b7b-a3e4-350caf82207d,MAT-002,2024-07-31,89.44,L,0,0,0,2,7,31,2024
a9dc3dd9-99d6-4711-b102-5fa256f6c1d7,MAT-003,2024-07-31,352.47,UN,0,0,0,2,7,31,2024
5bb7963f-72bd-4996-b2f5-2fad49e3acc6,MAT-004,2024-07-31,53.2,KG,0,0,0,2,7,31,2024
083a5eaf-e4e8-4b38-b4c7-e153e6ad087f,MAT-005,2024-07-31,134.39,M,0,0,0,2,7,31,2024
968d6138-d323-49b4-9162-ce2b18a81759,MAT-001,2024-08-01,311.85,KG,0,0,1,3,8,31,2024
e74d9155-afaf-4b25-a403-a3a69b288929,MAT-002,2024-08-01,101.25,L,0,0,1,3,8,31,2024
e17bb03d-bd5d-4b57-99bc-ba02e8fae8c8,MAT-003,2024-08-01,508.45,UN,0,0,1,3,8,31,2024
b1513710-b6de-4825-bde8-7d521eba912e,MAT-004,2024-08-01,66.08,KG,0,0,1,3,8,31,2024
6eda6f08-0e9e-4d44-b5bf-83389cf95e99,MAT-005,2024-08-01,180.75,M,0,0,1,3,8,31,2024
d6a8f44b-635a-4663-92ce-ad8e416dde7d,MAT-001,2024-08-02,220.03,KG,0,0,0,4,8,31,2024
0c935820-3047-4c64-b216-91d3e15aa443,MAT-002,2024-08-02,71.47,L,0,0,0,4,8,31,2024
cb50be09-d82e-4ac6-a440-a4f9efcf8c2b,MAT-003,2024-08-02,391.7,UN,0,0,0,4,8,31,2024
34da0952-a007-4910-bd13-fe58804f3262,MAT-004,2024-08-02,46.63,KG,0,0,0,4,8,31,2024
9f4b3d93-d1c4-4fb7-9c99-0dafede91fd2,MAT-005,2024-08-02,129.98,M,0,0,0,4,8,31,2024
627d216f-d496-4646-a731-f9322fae47b3,MAT-001,2024-08-03,42.85,KG,0,1,0,5,8,31,2024
3f82973d-af57-49b4-894b-8b5e81e2040b,MAT-002,2024-08-03,15.44,L,0,1,0,5,8,31,2024
b8294628-24c1-419d-b7d0-121a37676edc,MAT-003,2024-08-03,75.7,UN,0,1,0,5,8,31,2024
5821ab12-9740-4569-a02f-e3dd156b779c,MAT-004,2024-08-03,10.83,KG,0,1,0,5,8,31,2024
b525c40a-e3e0-41cb-af6d-ef5865998719,MAT-005,2024-08-03,22.13,M,0,1,0,5,8,31,2024
ed186928-ce81-4243-85bb-8077f7183292,MAT-001,2024-08-04,40.89,KG,0,1,0,6,8,31,2024
4de1fda6-a7b6-4c0c-b07d-5ba2b76ef34f,MAT-002,2024-08-04,17.18,L,0,1,0,6,8,31,2024
4e51f961-5490-4b7b-8bc2-bb9a75e38b55,MAT-003,2024-08-04,73.32,UN,0,1,0,6,8,31,2024
69e1d08e-00b4-4741-91a1-5c35d0e024ed,MAT-004,2024-08-04,10.99,KG,0,1,0,6,8,31,2024
e102b59c-da22-498d-a90a-7680ae022c54,MAT-005,2024-08-04,21.28,M,0,1,0,6,8,31,2024
a327ea61-4686-4076-8c20-45cc0d7cdafa,MAT-001,2024-08-05,209.63,KG,0,0,0,0,8,32,2024
9ff6ffb9-4798-4d12-b1a4-7783ebe4a901,MAT-002,2024-08-05,88.59,L,0,0,0,0,8,32,2024
a0377591-e5ce-415f-994b-6a67a26f3816,MAT-003,2024-08-05,355.34,UN,0,0,0,0,8,32,2024
e91e3c71-2fac-441c-8606-1dd8cb889887,MAT-004,2024-08-05,50.76,KG,0,0,0,0,8,32,2024
4991fe43-d69c-4eb2-a795-4b7f894d7da1,MAT-005,2024-08-05,111.02,M,0,0,0,0,8,32,2024
bf43021c-7142-4deb-823f-592808c07fa6,MAT-001,2024-08-06,223.42,KG,0,0,0,1,8,32,2024
da8e2abe-7821-42d7-b441-ce8a5bfc80bc,MAT-002,2024-08-06,87.33,L,0,0,0,1,8,32,2024
b6604e35-7073-4d47-9fda-e47faa2cc115,MAT-003,2024-08-06,349.35,UN,0,0,0,1,8,32,2024
5460aca7-73bb-4155-9eae-906598e191e8,MAT-004,2024-08-06,47.71,KG,0,0,0,1,8,32,2024
03335da0-11f5-42fd-b4af-4f0c2027871d,MAT-005,2024-08-06,119.72,M,0,0,0,1,8,32,2024
970ccafd-b921-477f-aa99-d09358bbed64,MAT-001,2024-08-07,180.33,KG,0,0,0,2,8,32,2024
21ed1f32-0506-454c-8a83-430299114fd4,MAT-002,2024-08-07,74.87,L,0,0,0,2,8,32,2024
b26b259b-a15c-4a3a-8927-dd987917df55,MAT-003,2024-08-07,326.38,UN,0,0,0,2,8,32,2024
ed502f9d-23d9-4c34-952a-f343b040baa3,MAT-004,2024-08-07,50.32,KG,0,0,0,2,8,32,2024
8837d4d1-ac13-4556-9aa0-3d021684ba15,MAT-005,2024-08-07,105.62,M,0,0,0,2,8,32,2024
eb315228-716d-4620-94eb-a07640a20b05,MAT-001,2024-08-08,220.06,KG,0,0,0,3,8,32,2024
2de95858-2ab8-43ad-9c82-b53c3271b794,MAT-002,2024-08-08,74.27,L,0,0,0,3,8,32,2024
ba0ad7f6-8407-4833-a7e4-2776278bc618,MAT-003,2024-08-08,318.96,UN,0,0,0,3,8,32,2024
8884e74a-6e0e-4905-a33b-ebad8f9ee299,MAT-004,2024-08-08,52.6,KG,0,0,0,3,8,32,2024
e9f14ba9-698b-4e00-8eea-7eb9dcbb7547,MAT-005,2024-08-08,132.06,M,0,0,0,3,8,32,2024
86dbebfa-7916-44e9-b8fd-3c4c68be14c5,MAT-001,2024-08-09,216.53,KG,0,0,0,4,8,32,2024
cac7e877-e0bf-409a-866c-82d12cafefb8,MAT-002,2024-08-09,76.61,L,0,0,0,4,8,32,2024
24517392-618b-4916-a3c0-9a26dea21346,MAT-003,2024-08-09,309.84,UN,0,0,0,4,8,32,2024
762ef8f7-bcef-40d3-8b72-ea86ab04b7ef,MAT-004,2024-08-09,51.04,KG,0,0,0,4,8,32,2024
52703328-4bcd-4609-bf81-d0bf3e1d791a,MAT-005,2024-08-09,132.02,M,0,0,0,4,8,32,2024
839ddbb9-88c8-40e7-8a8c-09c3143b3232,MAT-001,2024-08-10,42.63,KG,0,1,0,5,8,32,2024
d6623fb6-1a93-4b91-9568-88eb0282a4ff,MAT-002,2024-08-10,17.33,L,0,1,0,5,8,32,2024
186fd9da-e3fe-41a0-a4f0-d3aa60e82dec,MAT-003,2024-08-10,76.06,UN,0,1,0,5,8,32,2024
77df778d-7dd2-448c-8177-065e2a6697fd,MAT-004,2024-08-10,11.11,KG,0,1,0,5,8,32,2024
db1d3e6a-9542-466a-8ea1-51c4b4ec533a,MAT-005,2024-08-10,23.27,M,0,1,0,5,8,32,2024
0ee74f86-72ba-474a-9f83-5f445173f795,MAT-001,2024-08-11,44.24,KG,0,1,0,6,8,32,2024
668a5a46-ed32-4f13-ae3f-41829fd2c2ed,MAT-002,2024-08-11,15.6,L,0,1,0,6,8,32,2024
9431bca4-59ef-4213-bde9-4b0b4595dae0,MAT-003,2024-08-11,63.3,UN,0,1,0,6,8,32,2024
9eb2fcc9-292b-4e4f-9515-2350721d5f6b,MAT-004,2024-08-11,9.52,KG,0,1,0,6,8,32,2024
22f69d08-2fa2-4456-8612-9ba6a0bd68a2,MAT-005,2024-08-11,21.91,M,0,1,0,6,8,32,2024
9305f8d2-3b76-4358-98bb-eb805bfd1dce,MAT-001,2024-08-12,183.56,KG,0,0,0,0,8,33,2024
2fcee43f-8d5e-4fb0-b467-9556275a89c1,MAT-002,2024-08-12,88.61,L,0,0,0,0,8,33,2024
7342306f-8917-4d3e-9bb5-f98a5f1904dc,MAT-003,2024-08-12,374.51,UN,0,0,0,0,8,33,2024
eab8d3cf-4578-4741-99e9-68334a2311ec,MAT-004,2024-08-12,55.53,KG,0,0,0,0,8,33,2024
ddb236df-5fa6-4357-88e2-4dc0af7d1eef,MAT-005,2024-08-12,124.3,M,0,0,0,0,8,33,2024
43bec659-d9b7-4afe-bfde-c553c7729e98,MAT-001,2024-08-13,184.36,KG,0,0,0,1,8,33,2024
67e9433a-e37b-4fd8-b226-ac63a05c5e94,MAT-002,2024-08-13,89.0,L,0,0,0,1,8,33,2024
8c23761e-e7a6-4bf8-a276-842acd397c07,MAT-003,2024-08-13,366.26,UN,0,0,0,1,8,33,2024
96fee8aa-e9a5-41ff-b0b6-68d037b46bda,MAT-004,2024-08-13,55.15,KG,0,0,0,1,8,33,2024
ae0d9f77-0a81-439f-a02b-e56bec90860d,MAT-005,2024-08-13,128.27,M,0,0,0,1,8,33,2024
f3f1e86d-04e9-4ff8-ad28-52702642096b,MAT-001,2024-08-14,186.72,KG,0,0,0,2,8,33,2024
3433013c-9da5-46e1-9e86-a3c5bb67fd5b,MAT-002,2024-08-14,81.71,L,0,0,0,2,8,33,2024
edb7ad62-0469-417b-9b7f-db8ccd9884bd,MAT-003,2024-08-14,322.73,UN,0,0,0,2,8,33,2024
504504db-2e9a-4396-832d-8fbd85f4dc18,MAT-004,2024-08-14,47.68,KG,0,0,0,2,8,33,2024
7587af9b-5522-4910-a923-a4c242a935fb,MAT-005,2024-08-14,125.43,M,0,0,0,2,8,33,2024
23e9c28e-4957-420e-9446-2c6a8898631d,MAT-001,2024-08-15,254.96,KG,0,0,1,3,8,33,2024
a9cdcae7-1777-4062-80d8-707c700809bf,MAT-002,2024-08-15,118.15,L,0,0,1,3,8,33,2024
cc1f3d2f-23fd-4e7a-917f-e9ec7e51e474,MAT-003,2024-08-15,542.78,UN,0,0,1,3,8,33,2024
8e0cba35-642a-49c4-8412-1d8733e3b757,MAT-004,2024-08-15,77.54,KG,0,0,1,3,8,33,2024
0541aac1-1131-4a65-97e8-7c45dcb4cfcf,MAT-005,2024-08-15,163.63,M,0,0,1,3,8,33,2024
3a4c8e00-d235-4bd0-b9ac-0d7782399c30,MAT-001,2024-08-16,223.73,KG,0,0,0,4,8,33,2024
7fce9071-6618-4a98-8ce7-afe1effd5d84,MAT-002,2024-08-16,88.93,L,0,0,0,4,8,33,2024
fa86968b-5e25-45d9-918a-81f3b007e88f,MAT-003,2024-08-16,310.72,UN,0,0,0,4,8,33,2024
e2995c66-dce2-41cf-ac52-63d428f8c733,MAT-004,2024-08-16,51.23,KG,0,0,0,4,8,33,2024
a1543ac6-0c77-467a-b59d-83860ca08498,MAT-005,2024-08-16,132.13,M,0,0,0,4,8,33,2024
33199453-7feb-4a02-8221-18edda15c4ba,MAT-001,2024-08-17,44.49,KG,0,1,0,5,8,33,2024
1fa606c2-a642-43c5-ac19-dabe1a295e56,MAT-002,2024-08-17,14.93,L,0,1,0,5,8,33,2024
5620942b-4fc1-4f67-9d6c-57a56af7e4ec,MAT-003,2024-08-17,71.1,UN,0,1,0,5,8,33,2024
cbb31cef-3e07-48f4-91ca-28219d2f8655,MAT-004,2024-08-17,11.05,KG,0,1,0,5,8,33,2024
081905cb-2cea-4bf6-ad11-34c455896cff,MAT-005,2024-08-17,21.93,M,0,1,0,5,8,33,2024
ecccc1ff-046b-4bbc-8e25-274cf1c27c25,MAT-001,2024-08-18,42.36,KG,0,1,0,6,8,33,2024
33c6493c-1752-4751-a11d-a42ce6b1b0e1,MAT-002,2024-08-18,14.99,L,0,1,0,6,8,33,2024
744bc77a-d833-4890-9165-e0f0e96333d8,MAT-003,2024-08-18,78.1,UN,0,1,0,6,8,33,2024
d0833bad-e9fc-4a69-a1ab-1c8fbddd7636,MAT-004,2024-08-18,9.2,KG,0,1,0,6,8,33,2024
5f1dac98-a5c5-4842-bb43-8498abcaaac6,MAT-005,2024-08-18,26.22,M,0,1,0,6,8,33,2024
580de8c8-4c31-416d-ae83-a71ac029ba11,MAT-001,2024-08-19,180.26,KG,0,0,0,0,8,34,2024
51d789bc-378e-4e0f-bbd5-84dd4df87079,MAT-002,2024-08-19,84.01,L,0,0,0,0,8,34,2024
f379bed7-ce5e-4ca7-bab0-ef24a49e001a,MAT-003,2024-08-19,361.68,UN,0,0,0,0,8,34,2024
c4a3a251-22e9-45e2-a015-5761527d3885,MAT-004,2024-08-19,54.64,KG,0,0,0,0,8,34,2024
3c3fcfab-b63b-404d-99b3-93bd09f261c3,MAT-005,2024-08-19,118.46,M,0,0,0,0,8,34,2024
4ba0c239-032c-4d5b-84a6-3f6178c4535c,MAT-001,2024-08-20,188.73,KG,0,0,0,1,8,34,2024
5da72177-dc78-4e09-a9f7-69bd13674f4c,MAT-002,2024-08-20,75.19,L,0,0,0,1,8,34,2024
b55a0a13-72ca-40ac-8863-4941a3bb92e9,MAT-003,2024-08-20,313.69,UN,0,0,0,1,8,34,2024
8dca87ba-9324-47fa-8b6b-f8aab16aa58b,MAT-004,2024-08-20,47.08,KG,0,0,0,1,8,34,2024
26bcdac7-1ba7-48cf-a5be-66b8abbc3bcf,MAT-005,2024-08-20,108.71,M,0,0,0,1,8,34,2024
0dc5df3a-c8b1-4611-8358-804a516fe4ca,MAT-001,2024-08-21,176.06,KG,0,0,0,2,8,34,2024
0f9a7afe-c343-4065-864f-912c854f8e88,MAT-002,2024-08-21,77.81,L,0,0,0,2,8,34,2024
fbe03418-8e32-4d03-8f26-6fc8e60b8d68,MAT-003,2024-08-21,369.54,UN,0,0,0,2,8,34,2024
a2aa48f8-b6e7-4813-bb40-41dc5eda2fa6,MAT-004,2024-08-21,55.63,KG,0,0,0,2,8,34,2024
c55295f8-a2a6-4bdd-a4fb-4eda0b5e9d79,MAT-005,2024-08-21,131.08,M,0,0,0,2,8,34,2024
93574b45-8b74-4ce9-be6b-530b9d44dc68,MAT-001,2024-08-22,199.67,KG,0,0,0,3,8,34,2024
6a115d15-6d3f-44b2-b95c-dc43ec76323d,MAT-002,2024-08-22,77.67,L,0,0,0,3,8,34,2024
7fe9b613-45ad-4a00-b03e-db27656ab2ac,MAT-003,2024-08-22,353.87,UN,0,0,0,3,8,34,2024
010f4c1e-0947-44d8-8bbb-bfe26f815094,MAT-004,2024-08-22,45.22,KG,0,0,0,3,8,34,2024
43de35c3-4f26-4e7a-b312-b7719c56060b,MAT-005,2024-08-22,119.41,M,0,0,0,3,8,34,2024
beaf3f58-5185-44e3-a0af-fc8aeb63c172,MAT-001,2024-08-23,217.47,KG,0,0,0,4,8,34,2024
0c8eef33-07b4-4da8-ae10-0754a16be880,MAT-002,2024-08-23,82.9,L,0,0,0,4,8,34,2024
2a0df6e9-c01f-46a1-9d4f-ffeebed64ccb,MAT-003,2024-08-23,365.72,UN,0,0,0,4,8,34,2024
b3fc8674-445c-4ba8-af04-ebc1977d7603,MAT-004,2024-08-23,45.95,KG,0,0,0,4,8,34,2024
3be56c06-a10a-4fe2-9267-67118ba0be43,MAT-005,2024-08-23,107.72,M,0,0,0,4,8,34,2024
525bd59b-cd88-4ac2-ad0f-ab33c652cbca,MAT-001,2024-08-24,43.32,KG,0,1,0,5,8,34,2024
584521e3-dcf2-4470-b846-673b4e72fbf0,MAT-002,2024-08-24,15.21,L,0,1,0,5,8,34,2024
de74463a-0f4a-4458-af54-4512ddf1bcc1,MAT-003,2024-08-24,66.95,UN,0,1,0,5,8,34,2024
0d8b402a-a8f7-43e4-87bb-82f478229a1a,MAT-004,2024-08-24,11.08,KG,0,1,0,5,8,34,2024
77b0e7ce-3c2b-41f3-8e48-ea1df9ec7d85,MAT-005,2024-08-24,21.55,M,0,1,0,5,8,34,2024
299bf97d-2f08-4014-9b83-de0244b9fd75,MAT-001,2024-08-25,36.83,KG,0,1,0,6,8,34,2024
9cee7a3a-5f48-4a6c-9236-5df503ae7ed0,MAT-002,2024-08-25,15.52,L,0,1,0,6,8,34,2024
5364c343-f485-4352-a8ae-3b52d0c5c278,MAT-003,2024-08-25,73.9,UN,0,1,0,6,8,34,2024
38d7e552-f4f7-41a1-9b97-bc5141c32bdb,MAT-004,2024-08-25,10.11,KG,0,1,0,6,8,34,2024
caba6b3b-e62b-42ba-b0b0-bc392400fccd,MAT-005,2024-08-25,26.29,M,0,1,0,6,8,34,2024
29428e5b-e015-4eb3-89f6-5c54999f2802,MAT-001,2024-08-26,180.47,KG,0,0,0,0,8,35,2024
140dffaa-0f10-44d4-977b-7b252d6572b3,MAT-002,2024-08-26,81.81,L,0,0,0,0,8,35,2024
85bd6a67-acb0-4230-980e-3c949eb243cd,MAT-003,2024-08-26,359.55,UN,0,0,0,0,8,35,2024
b836f769-0b2c-4f0a-9028-ba2784c86881,MAT-004,2024-08-26,49.79,KG,0,0,0,0,8,35,2024
6a2e239a-2b06-44c4-8f37-76f2a8e194a7,MAT-005,2024-08-26,106.49,M,0,0,0,0,8,35,2024
9d830563-926c-45f6-8160-c1bfcf5adbaf,MAT-001,2024-08-27,221.24,KG,0,0,0,1,8,35,2024
b5abb18a-fb08-47a8-b64b-27bd397d57aa,MAT-002,2024-08-27,73.57,L,0,0,0,1,8,35,2024
3a71460f-3d79-4046-bde6-d77013232f5f,MAT-003,2024-08-27,382.74,UN,0,0,0,1,8,35,2024
6e29f39d-921c-498f-ab4d-32003b574f88,MAT-004,2024-08-27,45.89,KG,0,0,0,1,8,35,2024
634f8344-fa7f-4a3e-9a3f-f1a4109b8ad9,MAT-005,2024-08-27,108.52,M,0,0,0,1,8,35,2024
16b9a060-0e76-4364-bda4-f751815c199e,MAT-001,2024-08-28,185.87,KG,0,0,0,2,8,35,2024
441fa255-2f33-4fd8-bcd5-af671cd21e47,MAT-002,2024-08-28,74.05,L,0,0,0,2,8,35,2024
c2652274-1ff4-46ab-9dbf-e8a87260f7ef,MAT-003,2024-08-28,366.56,UN,0,0,0,2,8,35,2024
ae42a591-34bb-4efc-8e57-4c56150acc04,MAT-004,2024-08-28,52.66,KG,0,0,0,2,8,35,2024
8d224ca4-fd52-456a-9790-28f01e54b16c,MAT-005,2024-08-28,126.62,M,0,0,0,2,8,35,2024
87b7ecb6-b17b-47bb-83b6-23eeb6f8811b,MAT-001,2024-08-29,188.73,KG,0,0,0,3,8,35,2024
e0c37bcb-464a-40e9-8d0d-baf3bfd9a7e3,MAT-002,2024-08-29,75.81,L,0,0,0,3,8,35,2024
e3f69b6d-6cb6-46be-9ba0-9e0e666d4abc,MAT-003,2024-08-29,327.95,UN,0,0,0,3,8,35,2024
ee0d86eb-3266-44ee-b03e-84d33d80f565,MAT-004,2024-08-29,44.6,KG,0,0,0,3,8,35,2024
47478461-b50a-490e-8331-e34ac4c849fb,MAT-005,2024-08-29,122.07,M,0,0,0,3,8,35,2024
47a39949-cead-44a7-baaf-46955cd83c21,MAT-001,2024-08-30,216.31,KG,0,0,0,4,8,35,2024
0eca8533-6790-42fa-95ba-91f05e9b6133,MAT-002,2024-08-30,73.35,L,0,0,0,4,8,35,2024
0ad497a7-a6b2-4371-9d1f-963b0cd3a5c0,MAT-003,2024-08-30,338.31,UN,0,0,0,4,8,35,2024
9a0d6a5a-227f-49d2-b08b-77bc4c288916,MAT-004,2024-08-30,49.13,KG,0,0,0,4,8,35,2024
e4e2b926-5e8e-485f-b1bb-404599c9c80c,MAT-005,2024-08-30,114.08,M,0,0,0,4,8,35,2024
cb733161-7926-4dce-aaaf-82b6e9b88526,MAT-001,2024-08-31,41.56,KG,0,1,0,5,8,35,2024
8fcaaeb5-216c-4711-99fa-87f5575835c9,MAT-002,2024-08-31,16.38,L,0,1,0,5,8,35,2024
2d8c6a69-6127-4927-a773-c3211c5130d7,MAT-003,2024-08-31,64.95,UN,0,1,0,5,8,35,2024
9c0494ba-b48f-4b41-be6b-f90390d0e73c,MAT-004,2024-08-31,8.86,KG,0,1,0,5,8,35,2024
a2eb44ce-b8c3-497c-878f-fc5be8136cf7,MAT-005,2024-08-31,22.1,M,0,1,0,5,8,35,2024
52a0f76f-44e7-420d-aaae-9202cb4b8f81,MAT-001,2024-09-01,53.2,KG,0,1,1,6,9,35,2024
55f504fc-23f7-4d3e-88ac-62abb758efb2,MAT-002,2024-09-01,20.15,L,0,1,1,6,9,35,2024
084c2f7c-6cfd-44cb-8289-f2e8d208cde2,MAT-003,2024-09-01,106.09,UN,0,1,1,6,9,35,2024
8437ce58-77d1-445c-a122-ea9fa65b1940,MAT-004,2024-09-01,13.36,KG,0,1,1,6,9,35,2024
55a9ca6b-93d2-40d4-8f11-82922d487fdb,MAT-005,2024-09-01,32.77,M,0,1,1,6,9,35,2024
c88a45a3-07c4-4abb-a953-89121eb5c1ef,MAT-001,2024-09-02,199.48,KG,0,0,0,0,9,36,2024
2ab513fc-86dd-4de9-81b3-9b532d08eab2,MAT-002,2024-09-02,83.09,L,0,0,0,0,9,36,2024
3fd71161-6c29-426a-8032-839ff135c26f,MAT-003,2024-09-02,315.66,UN,0,0,0,0,9,36,2024
50b91cb2-19fa-4d83-a283-8f5cc502c3d2,MAT-004,2024-09-02,50.53,KG,0,0,0,0,9,36,2024
8321d59f-73d5-4a9c-b488-559563cb4b28,MAT-005,2024-09-02,110.92,M,0,0,0,0,9,36,2024
eaf2baed-c682-499f-b47e-b9385510dff2,MAT-001,2024-09-03,218.5,KG,0,0,0,1,9,36,2024
e489af56-71e4-47da-8d27-6fa472541d12,MAT-002,2024-09-03,77.49,L,0,0,0,1,9,36,2024
b611327a-f905-48b6-941b-0c6232f74a19,MAT-003,2024-09-03,345.45,UN,0,0,0,1,9,36,2024
ab4901b0-a762-4f1c-a947-7192425e8588,MAT-004,2024-09-03,47.16,KG,0,0,0,1,9,36,2024
8034f639-63c9-4502-a3d3-d2a899be830b,MAT-005,2024-09-03,118.99,M,0,0,0,1,9,36,2024
a8c2073f-cfd4-4c15-93ad-2ac7ce6ed6ea,MAT-001,2024-09-04,186.86,KG,0,0,0,2,9,36,2024
4efe020d-03ac-44a2-8eee-e0039b90d16a,MAT-002,2024-09-04,75.56,L,0,0,0,2,9,36,2024
677af737-517b-4341-9e22-b64e9bd9f3ae,MAT-003,2024-09-04,313.18,UN,0,0,0,2,9,36,2024
87eae2f8-64e1-4727-8a99-72703f5e5236,MAT-004,2024-09-04,53.03,KG,0,0,0,2,9,36,2024
3f6d8f45-0bd7-4929-b904-5269b3315c13,MAT-005,2024-09-04,124.82,M,0,0,0,2,9,36,2024
0bc467bc-ec4c-4a1a-b9d3-8976b81ec340,MAT-001,2024-09-05,180.11,KG,0,0,0,3,9,36,2024
e8fced20-d9a0-4e4f-857b-dfbaad6a4841,MAT-002,2024-09-05,77.0,L,0,0,0,3,9,36,2024
95ac6af1-649b-4852-909e-2e99ddb5be26,MAT-003,2024-09-05,353.48,UN,0,0,0,3,9,36,2024
3591af62-a2fb-497c-936a-cf4b72eea403,MAT-004,2024-09-05,55.65,KG,0,0,0,3,9,36,2024
9a0819c1-6132-4e17-ad8f-7a7a72034bfc,MAT-005,2024-09-05,122.58,M,0,0,0,3,9,36,2024
075900d3-c7e5-4d56-a8b8-eaab0c0b8c7d,MAT-001,2024-09-06,202.57,KG,0,0,0,4,9,36,2024
44deac42-0b8f-47a2-b2dc-99736e65791f,MAT-002,2024-09-06,86.54,L,0,0,0,4,9,36,2024
270adbe5-f85c-4d50-811a-b0288e7924b1,MAT-003,2024-09-06,376.75,UN,0,0,0,4,9,36,2024
5e084178-a893-4963-b12c-996277508fbe,MAT-004,2024-09-06,49.02,KG,0,0,0,4,9,36,2024
1d7190f6-fb99-4729-8472-3c32b786db40,MAT-005,2024-09-06,121.02,M,0,0,0,4,9,36,2024
477fd157-7600-46a4-93b2-d83751de8e2a,MAT-001,2024-09-07,43.52,KG,0,1,0,5,9,36,2024
d412979d-47eb-4d7f-86ea-736cbf441a3d,MAT-002,2024-09-07,15.9,L,0,1,0,5,9,36,2024
807915ca-f0bf-4427-a57c-afb7770aaca1,MAT-003,2024-09-07,76.41,UN,0,1,0,5,9,36,2024
86233768-02db-45bd-83a8-b9f000995ca8,MAT-004,2024-09-07,9.94,KG,0,1,0,5,9,36,2024
7fb02aca-a97a-4660-b912-c2d490aaf361,MAT-005,2024-09-07,21.57,M,0,1,0,5,9,36,2024
b446cc2a-2849-4ecb-8fc5-811471226b8b,MAT-001,2024-09-08,43.87,KG,0,1,0,6,9,36,2024
8af1e22a-fb35-4445-8779-dfd615a76665,MAT-002,2024-09-08,16.82,L,0,1,0,6,9,36,2024
1a809ce6-abd8-41de-bb56-be744d750636,MAT-003,2024-09-08,70.04,UN,0,1,0,6,9,36,2024
ef90e185-fd5a-41a1-9a4b-96244bf769a0,MAT-004,2024-09-08,10.96,KG,0,1,0,6,9,36,2024
f3cb0223-6587-40d4-84e0-bbdd3071c01b,MAT-005,2024-09-08,25.73,M,0,1,0,6,9,36,2024
71c25f85-a946-484c-985f-841a167ee4de,MAT-001,2024-09-09,208.52,KG,0,0,0,0,9,37,2024
3e98769c-e07d-4e07-b451-7731845ca2fe,MAT-002,2024-09-09,82.31,L,0,0,0,0,9,37,2024
cb244c52-bef8-4faf-9a5b-acb2f0f10ca1,MAT-003,2024-09-09,318.1,UN,0,0,0,0,9,37,2024
98d28dc0-133b-4281-ae40-ef64c8b4ca28,MAT-004,2024-09-09,53.09,KG,0,0,0,0,9,37,2024
7fd1b870-6563-4c84-be14-5344f7e0da35,MAT-005,2024-09-09,110.58,M,0,0,0,0,9,37,2024
07dd1d43-2c54-4dd9-8c45-88d6990edf7e,MAT-001,2024-09-10,223.25,KG,0,0,0,1,9,37,2024
dabd8145-d7af-4fc6-ad39-0f801debcab9,MAT-002,2024-09-10,89.07,L,0,0,0,1,9,37,2024
3149c589-20fc-455e-b9c2-da6f81fe7a25,MAT-003,2024-09-10,375.91,UN,0,0,0,1,9,37,2024
98f77a8c-6e29-4c48-b326-f79772700645,MAT-004,2024-09-10,45.51,KG,0,0,0,1,9,37,2024
4a43062f-921f-4c6b-a68d-524a423039b2,MAT-005,2024-09-10,117.79,M,0,0,0,1,9,37,2024
ad700dd3-8388-4ad7-9bc9-8f7a1a8423da,MAT-001,2024-09-11,223.44,KG,0,0,0,2,9,37,2024
49f84b0c-e900-4957-90d6-b86df38fa9a6,MAT-002,2024-09-11,78.76,L,0,0,0,2,9,37,2024
f74480ff-2463-4617-9709-0095cf40bed8,MAT-003,2024-09-11,391.77,UN,0,0,0,2,9,37,2024
0cc05e48-bc86-46e7-ae5b-4dc6990c36d8,MAT-004,2024-09-11,51.53,KG,0,0,0,2,9,37,2024
7a18801c-80ff-44b0-b531-890ca66ee0f2,MAT-005,2024-09-11,129.62,M,0,0,0,2,9,37,2024
c9c28b35-66d8-429f-8f00-930f9978a144,MAT-001,2024-09-12,188.38,KG,0,0,0,3,9,37,2024
601db8df-9dbf-4526-9205-00ff0c175eeb,MAT-002,2024-09-12,87.89,L,0,0,0,3,9,37,2024
c512f940-3a75-4dfe-bad6-77df0fd7e012,MAT-003,2024-09-12,384.79,UN,0,0,0,3,9,37,2024
4d73abce-b8e2-4947-883c-a6b5a1e3cffc,MAT-004,2024-09-12,44.8,KG,0,0,0,3,9,37,2024
2682d57a-73da-48e5-a635-f94d48984a36,MAT-005,2024-09-12,116.78,M,0,0,0,3,9,37,2024
cb398e50-e071-4179-afeb-2ae59a1681cf,MAT-001,2024-09-13,195.07,KG,0,0,0,4,9,37,2024
12e05f4b-e7a3-4f01-8bbe-ce9ae071293e,MAT-002,2024-09-13,76.66,L,0,0,0,4,9,37,2024
4270f5dc-de13-42e5-ba89-52b2c9e62864,MAT-003,2024-09-13,331.2,UN,0,0,0,4,9,37,2024
5deb15de-fd9f-4a28-b3a0-2cb9e17dcc72,MAT-004,2024-09-13,49.5,KG,0,0,0,4,9,37,2024
a659ef59-5ab8-440f-9812-30c56af21180,MAT-005,2024-09-13,130.76,M,0,0,0,4,9,37,2024
baf7e08e-07c4-4a79-90f6-89e2d67064b7,MAT-001,2024-09-14,42.75,KG,0,1,0,5,9,37,2024
3b3d23f2-62b2-46b7-91f1-67c2c7608033,MAT-002,2024-09-14,16.47,L,0,1,0,5,9,37,2024
98ef51c9-f6f2-4d44-a3d0-03dcf3fbb86a,MAT-003,2024-09-14,70.38,UN,0,1,0,5,9,37,2024
77dcac81-8625-447d-b717-8cf4ce36a002,MAT-004,2024-09-14,9.81,KG,0,1,0,5,9,37,2024
436f3834-4480-4240-a143-b8b997389974,MAT-005,2024-09-14,23.51,M,0,1,0,5,9,37,2024
2c3c5cb4-e44b-4a1c-87ef-42e792fc1be9,MAT-001,2024-09-15,51.27,KG,0,1,1,6,9,37,2024
9eb64faf-bf01-42c8-83e3-9597592e73e5,MAT-002,2024-09-15,22.87,L,0,1,1,6,9,37,2024
85ede388-891f-43cc-8a3f-4b6469f70695,MAT-003,2024-09-15,104.08,UN,0,1,1,6,9,37,2024
7ea9079c-4e0e-40d3-99f3-f0b22aa45d6c,MAT-004,2024-09-15,15.48,KG,0,1,1,6,9,37,2024
51f293b4-810b-4589-aa2b-25c3b42e28e5,MAT-005,2024-09-15,37.03,M,0,1,1,6,9,37,2024
11e46304-5c39-43b7-af60-1c1b0b8bfcae,MAT-001,2024-09-16,203.01,KG,0,0,0,0,9,38,2024
e4b2c7bf-82a9-4187-84c2-05a4332a2f17,MAT-002,2024-09-16,72.34,L,0,0,0,0,9,38,2024
c5102aa7-a6f3-4dca-b4e3-810d8413c870,MAT-003,2024-09-16,332.03,UN,0,0,0,0,9,38,2024
2731d636-8219-4556-acdd-8007cd4c0d4d,MAT-004,2024-09-16,50.43,KG,0,0,0,0,9,38,2024
b61ef84e-7dbb-4a1a-935e-4784190d2f14,MAT-005,2024-09-16,115.5,M,0,0,0,0,9,38,2024
049b9b98-6004-4a0d-a363-57d24ced897a,MAT-001,2024-09-17,195.72,KG,0,0,0,1,9,38,2024
39717f78-f518-4e69-be99-e20e93d430ff,MAT-002,2024-09-17,77.75,L,0,0,0,1,9,38,2024
2d998ea3-5d36-4712-98f5-d3d7d3603d68,MAT-003,2024-09-17,348.79,UN,0,0,0,1,9,38,2024
e9dd87d7-eb12-4c6e-8ec9-b84c1ccf5686,MAT-004,2024-09-17,51.31,KG,0,0,0,1,9,38,2024
c136f9eb-ea53-4d27-85ac-68a4ddf7690b,MAT-005,2024-09-17,106.68,M,0,0,0,1,9,38,2024
387acc60-4008-49aa-8ac8-35321b642d42,MAT-001,2024-09-18,189.22,KG,0,0,0,2,9,38,2024
dde80f0c-b50d-49d8-a332-0826870a65fa,MAT-002,2024-09-18,73.16,L,0,0,0,2,9,38,2024
6966bdf2-76c8-49ea-8c3b-5f58db437b7b,MAT-003,2024-09-18,359.13,UN,0,0,0,2,9,38,2024
2ec7e705-3039-425a-89b7-58745d977675,MAT-004,2024-09-18,52.32,KG,0,0,0,2,9,38,2024
b46db46e-92c8-40b9-b273-6f9c0e21b94b,MAT-005,2024-09-18,106.72,M,0,0,0,2,9,38,2024
cab54238-4827-4afe-8ca2-564290bb4955,MAT-001,2024-09-19,218.7,KG,0,0,0,3,9,38,2024
f2346cdd-b315-47ac-81c7-2db562c0f5ca,MAT-002,2024-09-19,76.76,L,0,0,0,3,9,38,2024
e976c706-ca10-4f40-92c7-da18398281d6,MAT-003,2024-09-19,327.96,UN,0,0,0,3,9,38,2024
e5479d69-9b2e-4864-ab97-1319dc4d8240,MAT-004,2024-09-19,52.95,KG,0,0,0,3,9,38,2024
8c217301-f4d8-4e45-a818-54207fdd04a7,MAT-005,2024-09-19,132.12,M,0,0,0,3,9,38,2024
e5202a48-00fa-472c-8449-545f1c51a993,MAT-001,2024-09-20,219.06,KG,0,0,0,4,9,38,2024
3bb697bd-201b-463d-95f0-b072104e54e5,MAT-002,2024-09-20,70.79,L,0,0,0,4,9,38,2024
67f8e8c9-c22f-45a8-ade0-34d41ff88610,MAT-003,2024-09-20,376.66,UN,0,0,0,4,9,38,2024
0645dc9d-7a47-44fa-af3e-f48223464b1a,MAT-004,2024-09-20,47.64,KG,0,0,0,4,9,38,2024
c6f54e08-2d18-4b46-b89d-668f707791dc,MAT-005,2024-09-20,113.67,M,0,0,0,4,9,38,2024
48c6b593-d443-4f9b-9ed6-615220e690c5,MAT-001,2024-09-21,39.92,KG,0,1,0,5,9,38,2024
87c4a4bd-0740-4fc0-b5e5-ae1106fa6fa5,MAT-002,2024-09-21,16.75,L,0,1,0,5,9,38,2024
d9b684ca-c04b-4d51-8772-42f944f78e7c,MAT-003,2024-09-21,63.25,UN,0,1,0,5,9,38,2024
7dc289f8-bde9-4d9d-ab98-f2349141671c,MAT-004,2024-09-21,10.89,KG,0,1,0,5,9,38,2024
cd3dbdd3-d570-4231-9872-76bc16fbba6f,MAT-005,2024-09-21,21.89,M,0,1,0,5,9,38,2024
d09eb818-1990-4400-ad92-f44ee32a69c1,MAT-001,2024-09-22,44.55,KG,0,1,0,6,9,38,2024
5f50c026-5a35-42db-b9e8-54d29ae638d1,MAT-002,2024-09-22,15.78,L,0,1,0,6,9,38,2024
4191256a-2f3b-4a9a-9508-fd9afe24cd7e,MAT-003,2024-09-22,75.47,UN,0,1,0,6,9,38,2024
d22ed708-39a3-47f9-b4e7-00fe566b1072,MAT-004,2024-09-22,9.45,KG,0,1,0,6,9,38,2024
60081ca1-de05-4309-be2a-8fce76a602f1,MAT-005,2024-09-22,23.52,M,0,1,0,6,9,38,2024
fd2d38bb-0bae-4f42-b5ef-c0acc57a7f5b,MAT-001,2024-09-23,206.99,KG,0,0,0,0,9,39,2024
f2fe8fd7-7056-4925-8906-ee4fa45a255d,MAT-002,2024-09-23,74.01,L,0,0,0,0,9,39,2024
d5f0e148-35ca-4932-9665-2faad9cacf36,MAT-003,2024-09-23,325.76,UN,0,0,0,0,9,39,2024
f136ac3f-18a0-42cc-9fc7-8912a2f147c8,MAT-004,2024-09-23,53.89,KG,0,0,0,0,9,39,2024
0bff1372-0816-4453-812e-78b390b8aac4,MAT-005,2024-09-23,126.94,M,0,0,0,0,9,39,2024
e69bea0c-ec0b-41ea-8257-e1ce77841107,MAT-001,2024-09-24,212.46,KG,0,0,0,1,9,39,2024
21cde277-f551-4c29-aa8a-54ac4a919487,MAT-002,2024-09-24,87.05,L,0,0,0,1,9,39,2024
b7f2c1c4-7c8a-484b-a75b-fff6cf07a75d,MAT-003,2024-09-24,376.97,UN,0,0,0,1,9,39,2024
80457b91-4894-4a12-8dfd-bfbfe4eb3026,MAT-004,2024-09-24,50.18,KG,0,0,0,1,9,39,2024
d5317ee3-08a4-4efd-96b4-cac5c4cd0695,MAT-005,2024-09-24,110.18,M,0,0,0,1,9,39,2024
10d254b6-c7ee-463d-b02d-53266154088c,MAT-001,2024-09-25,190.93,KG,0,0,0,2,9,39,2024
ee547899-4023-4446-ac29-db5f2f64cd57,MAT-002,2024-09-25,80.13,L,0,0,0,2,9,39,2024
f635b935-f9eb-4526-bd6e-cbc0e0a771fb,MAT-003,2024-09-25,319.39,UN,0,0,0,2,9,39,2024
8f00a8ad-a710-4d1d-926e-4ed2be730571,MAT-004,2024-09-25,54.22,KG,0,0,0,2,9,39,2024
136b168d-afc6-4920-9581-20b76d4e91de,MAT-005,2024-09-25,130.92,M,0,0,0,2,9,39,2024
7e61f465-2cd3-4fea-9cf8-bcd279488300,MAT-001,2024-09-26,177.39,KG,0,0,0,3,9,39,2024
c02e8cec-5190-4229-9f6a-17376cb4896e,MAT-002,2024-09-26,74.1,L,0,0,0,3,9,39,2024
5129b2d0-9234-4278-99c5-677c63e511fe,MAT-003,2024-09-26,377.97,UN,0,0,0,3,9,39,2024
8b245c63-22e6-4531-ba85-bbd0f0f23abd,MAT-004,2024-09-26,54.04,KG,0,0,0,3,9,39,2024
c2e75c14-bea3-4eff-8b5f-97d1d7f7c72a,MAT-005,2024-09-26,112.79,M,0,0,0,3,9,39,2024
b2d7a9b9-862f-409b-86ba-ba212b0426fa,MAT-001,2024-09-27,197.91,KG,0,0,0,4,9,39,2024
23ff55d7-d1bc-4354-b8d7-f27884e2bd9e,MAT-002,2024-09-27,88.03,L,0,0,0,4,9,39,2024
f04ef3a8-6496-49ab-97ac-eb2525289d80,MAT-003,2024-09-27,367.19,UN,0,0,0,4,9,39,2024
276dcbd1-34cc-4fa5-9d38-a7e4d34b08c0,MAT-004,2024-09-27,47.29,KG,0,0,0,4,9,39,2024
aa3efc47-537c-4a00-8ed9-057c5e4a02c1,MAT-005,2024-09-27,129.32,M,0,0,0,4,9,39,2024
02fff5a2-ce7b-4082-b0d1-3e5dcdcc9786,MAT-001,2024-09-28,40.05,KG,0,1,0,5,9,39,2024
cfd12063-62f6-4afe-86cb-fca001f2043b,MAT-002,2024-09-28,16.52,L,0,1,0,5,9,39,2024
f62c969f-a013-48a1-855f-7364bdb88a0f,MAT-003,2024-09-28,63.68,UN,0,1,0,5,9,39,2024
66503069-8b01-4dd7-a82e-4ce8b6c71d24,MAT-004,2024-09-28,8.87,KG,0,1,0,5,9,39,2024
ee930faf-80bf-4dea-be3d-7e9303464163,MAT-005,2024-09-28,23.27,M,0,1,0,5,9,39,2024
d55b9c67-6ec3-49be-8937-0fd287a3b8e0,MAT-001,2024-09-29,40.9,KG,0,1,0,6,9,39,2024
20c2ca5b-3ca8-45a1-9afd-cd6d07c01e59,MAT-002,2024-09-29,14.76,L,0,1,0,6,9,39,2024
2127ef5d-a499-4bbc-b2c0-303ae1aead50,MAT-003,2024-09-29,76.22,UN,0,1,0,6,9,39,2024
db5cf5eb-f6cf-4a51-98ad-84354ac128e4,MAT-004,2024-09-29,10.21,KG,0,1,0,6,9,39,2024
ddcc5ab0-5578-42f4-8e3c-93361b030556,MAT-005,2024-09-29,23.13,M,0,1,0,6,9,39,2024
7eab0622-b463-4c1e-a1ab-d029f87914b5,MAT-001,2024-09-30,183.85,KG,0,0,0,0,9,40,2024
0598fbc0-e135-40c1-b3a6-8ddc419c0174,MAT-002,2024-09-30,87.57,L,0,0,0,0,9,40,2024
0143deae-9292-49aa-84dd-0fc483a56068,MAT-003,2024-09-30,370.91,UN,0,0,0,0,9,40,2024
8923c0df-553e-4ed9-bb66-62448afd33ea,MAT-004,2024-09-30,52.27,KG,0,0,0,0,9,40,2024
b244cb24-55f0-4fce-806b-dd83fbc76c70,MAT-005,2024-09-30,113.81,M,0,0,0,0,9,40,2024
b0cc50a3-d8bf-4fae-bc97-2338f2d0fea3,MAT-001,2024-10-01,354.09,KG,0,0,1,1,10,40,2024
2b155e92-ef4d-41ab-9113-ee55fa9ed2b8,MAT-002,2024-10-01,102.94,L,0,0,1,1,10,40,2024
8d9f6b89-be40-44e7-b9a5-f979e14d7543,MAT-003,2024-10-01,648.05,UN,0,0,1,1,10,40,2024
ce0b9f39-6e13-4f3c-b165-2d37125cb846,MAT-004,2024-10-01,77.81,KG,0,0,1,1,10,40,2024
aa54cae4-883b-4483-9568-5c3eb8d4cf5f,MAT-005,2024-10-01,237.12,M,0,0,1,1,10,40,2024
ed134a63-5709-4182-a99e-66a46dc99585,MAT-001,2024-10-02,269.2,KG,0,0,0,2,10,40,2024
d4418c69-1bb7-4c57-aec1-c870ae241d64,MAT-002,2024-10-02,83.41,L,0,0,0,2,10,40,2024
94eec80b-eb25-41c9-b1c2-6540e06d3c12,MAT-003,2024-10-02,429.78,UN,0,0,0,2,10,40,2024
feca1d15-c5d4-4672-a411-2c4c112825e0,MAT-004,2024-10-02,48.91,KG,0,0,0,2,10,40,2024
4e92ebbe-8c5d-400f-bdd9-76075479690e,MAT-005,2024-10-02,138.03,M,0,0,0,2,10,40,2024
7ba6cf8a-9ff1-4486-ae2d-f18e8ed94544,MAT-001,2024-10-03,277.49,KG,0,0,0,3,10,40,2024
f704f7f7-47c9-4945-b4d0-845a1ba5cb53,MAT-002,2024-10-03,85.14,L,0,0,0,3,10,40,2024
727e5782-6fb0-4e3e-a083-6d7ff852e98d,MAT-003,2024-10-03,401.37,UN,0,0,0,3,10,40,2024
bf2706c5-c1b5-40e0-9a79-06f1b41fa32f,MAT-004,2024-10-03,54.94,KG,0,0,0,3,10,40,2024
c926e55e-71d3-4506-8a1d-26bd686ba275,MAT-005,2024-10-03,161.52,M,0,0,0,3,10,40,2024
72b770b9-49a7-485d-9154-136d901f83c2,MAT-001,2024-10-04,266.31,KG,0,0,0,4,10,40,2024
6782908f-e78a-4731-955f-01aafec825f7,MAT-002,2024-10-04,70.56,L,0,0,0,4,10,40,2024
beedeb78-4b13-4ebe-83b3-ce0fd905b289,MAT-003,2024-10-04,427.96,UN,0,0,0,4,10,40,2024
0845d424-bc99-415e-b3b3-f3ef23a9913a,MAT-004,2024-10-04,53.66,KG,0,0,0,4,10,40,2024
c1f54256-dd1e-4e44-990e-7ad141cdb09e,MAT-005,2024-10-04,148.72,M,0,0,0,4,10,40,2024
c3de4993-e70e-484c-86fd-c6d48a1e2316,MAT-001,2024-10-05,57.83,KG,0,1,0,5,10,40,2024
9cfd3ca9-48ea-4a18-a8cc-f3232c4a871f,MAT-002,2024-10-05,16.55,L,0,1,0,5,10,40,2024
ac456948-a6e0-4b62-83fc-74e7e5d23ef4,MAT-003,2024-10-05,89.34,UN,0,1,0,5,10,40,2024
6d58511c-849a-4606-88d2-f27fe4298a2c,MAT-004,2024-10-05,9.7,KG,0,1,0,5,10,40,2024
c27a1f50-2406-4a93-9c4b-6a56deeb43f8,MAT-005,2024-10-05,30.07,M,0,1,0,5,10,40,2024
cb18179c-63a3-483f-b551-5ee502daaefb,MAT-001,2024-10-06,48.9,KG,0,1,0,6,10,40,2024
9241f91a-8084-4c02-a892-af28d8b066df,MAT-002,2024-10-06,15.87,L,0,1,0,6,10,40,2024
51113a42-bfe7-4511-80dc-3f32652b6149,MAT-003,2024-10-06,94.87,UN,0,1,0,6,10,40,2024
b1b2602e-9445-40bb-882b-66fa5678ff34,MAT-004,2024-10-06,10.78,KG,0,1,0,6,10,40,2024
8c82cfcc-6a95-4935-9ff7-70f4661fe1a4,MAT-005,2024-10-06,30.43,M,0,1,0,6,10,40,2024
981648bd-df64-46c0-bc5b-b67651029ad9,MAT-001,2024-10-07,235.18,KG,0,0,0,0,10,41,2024
4800c014-bedf-45f2-a21d-003323356fa5,MAT-002,2024-10-07,80.22,L,0,0,0,0,10,41,2024
a326ef9c-1c0e-4335-b35b-4b6784518b2e,MAT-003,2024-10-07,472.73,UN,0,0,0,0,10,41,2024
b92774d1-fbd4-4f06-875d-d6bc2f1385fd,MAT-004,2024-10-07,54.12,KG,0,0,0,0,10,41,2024
bee98554-f2de-4944-8211-703e40aa3cc1,MAT-005,2024-10-07,151.29,M,0,0,0,0,10,41,2024
187287a6-3324-4c01-8e55-66754c5ffa26,MAT-001,2024-10-08,269.19,KG,0,0,0,1,10,41,2024
9d71d0f1-76d6-4661-8ea1-6d20856eaf55,MAT-002,2024-10-08,82.09,L,0,0,0,1,10,41,2024
d4679866-7315-443c-95b2-6b40ae34b204,MAT-003,2024-10-08,432.99,UN,0,0,0,1,10,41,2024
049d5fea-4629-4c45-b61a-7d3e83067280,MAT-004,2024-10-08,45.3,KG,0,0,0,1,10,41,2024
323ad8ac-72be-4a99-b972-d4b9a25522b3,MAT-005,2024-10-08,139.67,M,0,0,0,1,10,41,2024
220e8bba-eb2a-4c24-adf7-0f2cc4f3f24e,MAT-001,2024-10-09,290.47,KG,0,0,0,2,10,41,2024
df18bcd3-4b96-4486-8da6-e4c7bc50bea4,MAT-002,2024-10-09,82.7,L,0,0,0,2,10,41,2024
ca7a470e-e497-45b8-87fa-12184ba88ce3,MAT-003,2024-10-09,494.47,UN,0,0,0,2,10,41,2024
cb380a48-fc44-4549-a53d-637924031dbf,MAT-004,2024-10-09,47.13,KG,0,0,0,2,10,41,2024
7471ed71-d693-49de-95b6-2e36a96539ff,MAT-005,2024-10-09,163.9,M,0,0,0,2,10,41,2024
9198cd6b-7a72-4fae-a4fd-3b1e200b8060,MAT-001,2024-10-10,284.48,KG,0,0,0,3,10,41,2024
e3e8d5b0-8cd9-4c59-af90-1d426dd929f4,MAT-002,2024-10-10,76.14,L,0,0,0,3,10,41,2024
f9f2552e-d574-4fd2-adfd-bd509c931619,MAT-003,2024-10-10,416.77,UN,0,0,0,3,10,41,2024
e000848d-5636-4512-b5b3-13d18ed85451,MAT-004,2024-10-10,53.19,KG,0,0,0,3,10,41,2024
172f61a0-6b8b-4a66-8479-959b0f074e3f,MAT-005,2024-10-10,170.96,M,0,0,0,3,10,41,2024
2888b666-e4de-4d58-8c3c-50b2cb1eb28b,MAT-001,2024-10-11,279.06,KG,0,0,0,4,10,41,2024
30f51f4e-a184-4d6a-8bf6-4ca1e873225f,MAT-002,2024-10-11,85.81,L,0,0,0,4,10,41,2024
0f70e475-74d4-41d4-b2dd-ded3a112f891,MAT-003,2024-10-11,465.92,UN,0,0,0,4,10,41,2024
bc1bc26d-f6b9-48d5-a758-804c0a316137,MAT-004,2024-10-11,51.93,KG,0,0,0,4,10,41,2024
e3ef03b2-90ba-4897-af72-b3528128726d,MAT-005,2024-10-11,162.77,M,0,0,0,4,10,41,2024
e021290d-640b-4585-bb41-9052675baa50,MAT-001,2024-10-12,54.76,KG,0,1,0,5,10,41,2024
4e53e0df-68c3-47cc-9661-1e31da61b881,MAT-002,2024-10-12,16.6,L,0,1,0,5,10,41,2024
6a7054a1-e5d2-4fb3-ab70-445196b0dc51,MAT-003,2024-10-12,101.86,UN,0,1,0,5,10,41,2024
e301bc9e-c805-49e2-8f5e-8be14815fc93,MAT-004,2024-10-12,9.42,KG,0,1,0,5,10,41,2024
54f72c7e-8045-4150-9612-223c3af90d67,MAT-005,2024-10-12,30.59,M,0,1,0,5,10,41,2024
14931948-9bef-42f6-8510-615cb49019fa,MAT-001,2024-10-13,50.61,KG,0,1,0,6,10,41,2024
0df00322-c186-41ca-b9ca-ce7d30af1134,MAT-002,2024-10-13,14.22,L,0,1,0,6,10,41,2024
8e4b91cf-2c77-4842-807a-80cd5451a8a3,MAT-003,2024-10-13,95.54,UN,0,1,0,6,10,41,2024
3d12ff02-52c2-44b1-bb64-e72e5b3662a5,MAT-004,2024-10-13,10.17,KG,0,1,0,6,10,41,2024
dc70772f-d358-4291-aa42-26d926e2b064,MAT-005,2024-10-13,28.88,M,0,1,0,6,10,41,2024
77a5343a-7662-4a53-a726-484bd37eb81a,MAT-001,2024-10-14,274.14,KG,0,0,0,0,10,42,2024
a83aff62-730f-4b9a-8388-71c08af34890,MAT-002,2024-10-14,74.67,L,0,0,0,0,10,42,2024
d4986712-b0ad-4950-b894-a87dd2a30d4c,MAT-003,2024-10-14,458.78,UN,0,0,0,0,10,42,2024
d76e9372-2425-4523-899c-955639ebf8ee,MAT-004,2024-10-14,53.42,KG,0,0,0,0,10,42,2024
2aa3dee2-3c59-4604-b22d-203adbd8252c,MAT-005,2024-10-14,171.22,M,0,0,0,0,10,42,2024
2afb90a7-53f1-4481-a129-74777ca246d6,MAT-001,2024-10-15,379.01,KG,0,0,1,1,10,42,2024
769c04a1-df4e-438d-a3c7-3d2fe6c777b6,MAT-002,2024-10-15,112.2,L,0,0,1,1,10,42,2024
1fed26e3-b2bf-4b55-8b91-639bd9d9c147,MAT-003,2024-10-15,689.81,UN,0,0,1,1,10,42,2024
7da2d3e7-5a45-4818-82c7-638995126af0,MAT-004,2024-10-15,75.72,KG,0,0,1,1,10,42,2024
0e02a5ee-b147-4012-bf31-10281092e27e,MAT-005,2024-10-15,238.13,M,0,0,1,1,10,42,2024
3b154edd-2c39-4200-a5e7-ffcf8aa988c1,MAT-001,2024-10-16,240.1,KG,0,0,0,2,10,42,2024
dd124cb2-6c1e-4e0c-a765-454c35d46994,MAT-002,2024-10-16,72.27,L,0,0,0,2,10,42,2024
ba2533a4-b3f0-4138-b950-9d394a65537c,MAT-003,2024-10-16,414.37,UN,0,0,0,2,10,42,2024
0da7b683-30b3-4d06-a5b6-2a67b53f669e,MAT-004,2024-10-16,47.1,KG,0,0,0,2,10,42,2024
5ba27af6-c8cc-44dc-9878-848742f77e04,MAT-005,2024-10-16,167.54,M,0,0,0,2,10,42,2024
aa23e6b7-187d-4127-a8b7-2eb66161ef24,MAT-001,2024-10-17,276.41,KG,0,0,0,3,10,42,2024
9b832329-1487-43d0-8340-d4d0cf8b66e7,MAT-002,2024-10-17,73.91,L,0,0,0,3,10,42,2024
cca56f6e-9cc8-4c4d-bd6c-5418f2d174df,MAT-003,2024-10-17,474.62,UN,0,0,0,3,10,42,2024
08529154-394b-4221-bd49-16924be2a706,MAT-004,2024-10-17,48.03,KG,0,0,0,3,10,42,2024
f8af64a4-d201-4319-aa41-04de584c9b35,MAT-005,2024-10-17,140.62,M,0,0,0,3,10,42,2024
c0b08c9d-4ce9-42a0-8e2f-ebb5135db0e0,MAT-001,2024-10-18,250.97,KG,0,0,0,4,10,42,2024
a6c148b5-e95b-4cb3-96c2-7e563b222192,MAT-002,2024-10-18,84.69,L,0,0,0,4,10,42,2024
cb956c63-9ced-4672-b6cd-56e8d15b1b00,MAT-003,2024-10-18,433.93,UN,0,0,0,4,10,42,2024
63760f84-fa40-420f-a8a3-fd49ddb32bb6,MAT-004,2024-10-18,53.46,KG,0,0,0,4,10,42,2024
7c7fb32f-57f0-4e73-b05a-0a2c6ebdb1f6,MAT-005,2024-10-18,149.68,M,0,0,0,4,10,42,2024
20c1f944-4807-4ab8-b37a-6b021e4f7fb2,MAT-001,2024-10-19,49.01,KG,0,1,0,5,10,42,2024
c5830631-7370-4adb-9eea-e508dfbd2dcb,MAT-002,2024-10-19,15.21,L,0,1,0,5,10,42,2024
7c8d382d-df78-4697-86d0-0ca37f42e3ef,MAT-003,2024-10-19,98.67,UN,0,1,0,5,10,42,2024
b550d96e-b90d-4bd9-a36e-0170c5795f93,MAT-004,2024-10-19,9.93,KG,0,1,0,5,10,42,2024
e05de6d8-ee4c-4e5d-ab69-c0a346bd86da,MAT-005,2024-10-19,33.94,M,0,1,0,5,10,42,2024
422e93f8-e2c4-4abb-ac90-7aaa6abb3dc2,MAT-001,2024-10-20,53.04,KG,0,1,0,6,10,42,2024
e71a83e4-c761-4661-be9d-ece119f25c29,MAT-002,2024-10-20,17.71,L,0,1,0,6,10,42,2024
a6f10c5a-38f1-46df-bf06-10ba91008f86,MAT-003,2024-10-20,81.64,UN,0,1,0,6,10,42,2024
1b2e3fc4-9163-4f1b-8a0c-61f7107ce745,MAT-004,2024-10-20,10.93,KG,0,1,0,6,10,42,2024
148e568e-b593-40af-9026-477eefb52bf2,MAT-005,2024-10-20,31.2,M,0,1,0,6,10,42,2024
0aecebb4-c4ae-4cfe-9cc0-7fd929cfbc78,MAT-001,2024-10-21,282.93,KG,0,0,0,0,10,43,2024
bc21adcf-3601-4545-b844-d515136821b4,MAT-002,2024-10-21,77.73,L,0,0,0,0,10,43,2024
2dd3d434-c215-4f31-a160-4dfdc8765982,MAT-003,2024-10-21,432.98,UN,0,0,0,0,10,43,2024
13234c6b-5c8c-4ab4-89ca-aa38b273685a,MAT-004,2024-10-21,44.65,KG,0,0,0,0,10,43,2024
16424cbd-bb1d-4f23-af3c-b07c9b5119e0,MAT-005,2024-10-21,169.26,M,0,0,0,0,10,43,2024
a96b72e9-13e2-4241-b1c4-a1729b71c848,MAT-001,2024-10-22,237.37,KG,0,0,0,1,10,43,2024
3aacdf15-d055-479d-bfa6-ba459d143134,MAT-002,2024-10-22,74.25,L,0,0,0,1,10,43,2024
3dded6d3-49f0-4f53-9c04-4a542c94f542,MAT-003,2024-10-22,445.08,UN,0,0,0,1,10,43,2024
fd606672-7944-481b-98ef-642d7041a90a,MAT-004,2024-10-22,50.83,KG,0,0,0,1,10,43,2024
d4cf0f51-4d65-450d-9fc1-8fe1d0a069d4,MAT-005,2024-10-22,171.22,M,0,0,0,1,10,43,2024
d06ec83c-292f-4776-aa8f-abef6175b3eb,MAT-001,2024-10-23,257.35,KG,0,0,0,2,10,43,2024
f3af7a09-06f3-424e-be9f-0682760e9493,MAT-002,2024-10-23,76.47,L,0,0,0,2,10,43,2024
0e3c754a-31db-467a-b52d-d337d2494f3d,MAT-003,2024-10-23,478.55,UN,0,0,0,2,10,43,2024
80ea367b-616b-47fd-a5fd-7dcb6896c1e6,MAT-004,2024-10-23,53.35,KG,0,0,0,2,10,43,2024
b944d90b-ae3c-4f7e-a17d-c216b7e4127b,MAT-005,2024-10-23,155.54,M,0,0,0,2,10,43,2024
d8e1cb5a-3f70-47a1-8e21-af3fb51e17e3,MAT-001,2024-10-24,268.18,KG,0,0,0,3,10,43,2024
d8edecaf-f913-4561-a359-7b2363a68159,MAT-002,2024-10-24,73.8,L,0,0,0,3,10,43,2024
a6756b33-81cc-4ff1-821b-4e29ef6aafac,MAT-003,2024-10-24,469.69,UN,0,0,0,3,10,43,2024
0e1793ab-b861-4b85-a793-5acedf1fabc6,MAT-004,2024-10-24,44.06,KG,0,0,0,3,10,43,2024
3aa0536d-7e8c-416b-9dca-7b8ed0e14188,MAT-005,2024-10-24,147.52,M,0,0,0,3,10,43,2024
5e8853c5-2d46-45da-99f4-0ec1a52ea115,MAT-001,2024-10-25,276.3,KG,0,0,0,4,10,43,2024
439367a5-ca41-426e-9f66-013a52893eb4,MAT-002,2024-10-25,73.64,L,0,0,0,4,10,43,2024
d50e671d-8dcf-44e9-b5d2-a81ec9d2ae7b,MAT-003,2024-10-25,483.88,UN,0,0,0,4,10,43,2024
0a86c2d9-6101-4665-8548-d968f0cf09d2,MAT-004,2024-10-25,49.87,KG,0,0,0,4,10,43,2024
79fcbc81-6b05-4c34-8568-3a22effd4e2d,MAT-005,2024-10-25,165.87,M,0,0,0,4,10,43,2024
08fe9d6c-2afc-4bda-86d8-0e5e13ecb5e5,MAT-001,2024-10-26,46.86,KG,0,1,0,5,10,43,2024
1f1f29dd-75e4-449a-bf99-ce5408c3d76a,MAT-002,2024-10-26,16.44,L,0,1,0,5,10,43,2024
7f46cab7-4adb-45e6-b4e1-ab3202301bb3,MAT-003,2024-10-26,93.92,UN,0,1,0,5,10,43,2024
d9f6950d-b411-4c6c-92f5-29a3d9a41516,MAT-004,2024-10-26,9.77,KG,0,1,0,5,10,43,2024
73b0fb28-89a6-45a2-a9e1-032bffb0c6b6,MAT-005,2024-10-26,34.68,M,0,1,0,5,10,43,2024
2392a496-c451-4fff-b818-e4b37f8c2580,MAT-001,2024-10-27,50.54,KG,0,1,0,6,10,43,2024
ec25a2dd-1d81-4fa8-b19b-621978751201,MAT-002,2024-10-27,14.22,L,0,1,0,6,10,43,2024
c6664e13-b3de-4a3e-bae7-d24615170596,MAT-003,2024-10-27,84.44,UN,0,1,0,6,10,43,2024
231aeefb-f3be-4866-b4fc-4363fea97a24,MAT-004,2024-10-27,9.7,KG,0,1,0,6,10,43,2024
56634342-0033-4e9d-afd9-f76e5bcc3c93,MAT-005,2024-10-27,27.56,M,0,1,0,6,10,43,2024
adf8f6c9-4f85-4eb5-b231-1ff8fdd0dfb7,MAT-001,2024-10-28,248.91,KG,0,0,0,0,10,44,2024
4222d8a7-83f6-4d64-a0b7-7e6c035a1c0d,MAT-002,2024-10-28,86.4,L,0,0,0,0,10,44,2024
cea9e004-7bea-4547-85b5-2d8bd28a0843,MAT-003,2024-10-28,421.21,UN,0,0,0,0,10,44,2024
da91a76e-522d-41cd-b753-999c689551ab,MAT-004,2024-10-28,52.12,KG,0,0,0,0,10,44,2024
58a13ff6-3a64-4f36-8485-5d4989b17660,MAT-005,2024-10-28,160.74,M,0,0,0,0,10,44,2024
e5fac7aa-6ec4-4dd3-abe1-fd3d37ac69d5,MAT-001,2024-10-29,244.33,KG,0,0,0,1,10,44,2024
cd5f6c8e-10e0-4161-9be4-edc995e4faf5,MAT-002,2024-10-29,83.72,L,0,0,0,1,10,44,2024
899209bd-2f0e-481f-8277-5505ba767328,MAT-003,2024-10-29,438.0,UN,0,0,0,1,10,44,2024
90c1da00-4af6-4db0-9618-70d4783e9093,MAT-004,2024-10-29,45.55,KG,0,0,0,1,10,44,2024
2122a448-cdd1-443c-8969-4deda3ee73d4,MAT-005,2024-10-29,151.64,M,0,0,0,1,10,44,2024
876d536e-4555-4daf-8c70-0806bd7a4ae9,MAT-001,2024-10-30,265.53,KG,0,0,0,2,10,44,2024
5abf35ab-0259-4fb7-b862-029f9e638966,MAT-002,2024-10-30,73.61,L,0,0,0,2,10,44,2024
48d60ae3-a9d5-4ca0-af9a-21ef3c93d74c,MAT-003,2024-10-30,490.36,UN,0,0,0,2,10,44,2024
53d591b2-a313-4c08-ba3e-4f240bbfcc8f,MAT-004,2024-10-30,47.58,KG,0,0,0,2,10,44,2024
8ed2f217-a673-4457-9984-6f67d1d4e706,MAT-005,2024-10-30,148.17,M,0,0,0,2,10,44,2024
6d2f89de-40a8-4b22-bd04-fabe6e2d58eb,MAT-001,2024-10-31,274.22,KG,0,0,0,3,10,44,2024
7c550cc2-4a22-49d9-a227-8c2efa999d6f,MAT-002,2024-10-31,81.85,L,0,0,0,3,10,44,2024
cf9e3a3c-cd44-467e-b1fb-e1e6e6439b5d,MAT-003,2024-10-31,437.29,UN,0,0,0,3,10,44,2024
fa12d75a-bb7d-43e4-98e4-e5162d466353,MAT-004,2024-10-31,54.66,KG,0,0,0,3,10,44,2024
e983b862-be44-4b8a-9d68-6c9a35cb7e73,MAT-005,2024-10-31,174.55,M,0,0,0,3,10,44,2024
f7ff9084-9fbf-4497-a428-412a6c625d83,MAT-001,2024-11-01,350.26,KG,0,0,1,4,11,44,2024
81e90084-56ff-4803-926e-7df584473f42,MAT-002,2024-11-01,122.79,L,0,0,1,4,11,44,2024
cc7483e0-f32d-43aa-9251-daea6ee189cb,MAT-003,2024-11-01,615.48,UN,0,0,1,4,11,44,2024
f4fba981-d16c-4a29-8657-98a3ad26f61c,MAT-004,2024-11-01,64.77,KG,0,0,1,4,11,44,2024
dca5c876-47bd-4319-9216-a2e619f37a57,MAT-005,2024-11-01,241.89,M,0,0,1,4,11,44,2024
1bc10174-efb2-4267-bc95-25865b7b7f7f,MAT-001,2024-11-02,57.22,KG,0,1,0,5,11,44,2024
c9788e21-7267-4c41-bb3c-14556b3a999c,MAT-002,2024-11-02,15.63,L,0,1,0,5,11,44,2024
bc2aae0f-e5d0-4a4e-9bba-bcf104998351,MAT-003,2024-11-02,85.07,UN,0,1,0,5,11,44,2024
223c6554-e988-4a5d-91bd-274a6fc71032,MAT-004,2024-11-02,10.55,KG,0,1,0,5,11,44,2024
f6a29345-377b-4c32-bc8d-164fb93a8898,MAT-005,2024-11-02,28.44,M,0,1,0,5,11,44,2024
3fe64be0-b076-4327-add1-20b3a8c15441,MAT-001,2024-11-03,54.92,KG,0,1,0,6,11,44,2024
7de0dd87-fdb2-4ea2-97c4-ab01b850babd,MAT-002,2024-11-03,16.34,L,0,1,0,6,11,44,2024
db50944b-29ee-46ca-9553-f3a6887ebb38,MAT-003,2024-11-03,83.77,UN,0,1,0,6,11,44,2024
aadd081d-2330-4ba8-b476-0c50c23c6f33,MAT-004,2024-11-03,9.68,KG,0,1,0,6,11,44,2024
9cb6d9ee-25d6-4531-bc83-3997e47ff22f,MAT-005,2024-11-03,32.33,M,0,1,0,6,11,44,2024
9d1d6c7d-2454-4972-a4e6-69b218008e69,MAT-001,2024-11-04,231.13,KG,0,0,0,0,11,45,2024
aa94005a-c023-4e88-8328-7ad5477ce534,MAT-002,2024-11-04,87.23,L,0,0,0,0,11,45,2024
00022017-1210-44da-8774-13ba528438c0,MAT-003,2024-11-04,428.33,UN,0,0,0,0,11,45,2024
102fd6b9-54ee-4bdc-b3c1-f5486b0544d1,MAT-004,2024-11-04,50.42,KG,0,0,0,0,11,45,2024
b08bd529-4e0e-4e81-8333-13ab2e361afe,MAT-005,2024-11-04,139.1,M,0,0,0,0,11,45,2024
8bdd07ec-571f-494c-92e9-892b16c0b8c0,MAT-001,2024-11-05,290.87,KG,0,0,0,1,11,45,2024
bde01681-b5b1-4321-9deb-c8a3222d4af9,MAT-002,2024-11-05,83.11,L,0,0,0,1,11,45,2024
ce1ca488-7370-4d94-b376-29417f90b953,MAT-003,2024-11-05,471.77,UN,0,0,0,1,11,45,2024
2aee60cb-c23e-4cc4-acc5-43640f5a3edd,MAT-004,2024-11-05,44.24,KG,0,0,0,1,11,45,2024
feb236bc-1ec1-4a48-a7f8-33266b30cc7b,MAT-005,2024-11-05,163.1,M,0,0,0,1,11,45,2024
377e33fb-eceb-4d0d-96b0-79f42bc6c139,MAT-001,2024-11-06,254.81,KG,0,0,0,2,11,45,2024
7c416366-a44c-4fab-b099-c061cc97f339,MAT-002,2024-11-06,77.7,L,0,0,0,2,11,45,2024
1874e87b-3ac4-429b-b94c-0d609a026238,MAT-003,2024-11-06,460.16,UN,0,0,0,2,11,45,2024
615d47a2-3945-4b54-ac2b-fa775020b030,MAT-004,2024-11-06,49.69,KG,0,0,0,2,11,45,2024
f3f15444-9780-47c3-83c5-25c2890feb15,MAT-005,2024-11-06,143.01,M,0,0,0,2,11,45,2024
1c25a622-b36a-4c7c-9539-352508ff34bb,MAT-001,2024-11-07,272.18,KG,0,0,0,3,11,45,2024
5cb48e03-58af-4daf-b812-bf50aa0c1e34,MAT-002,2024-11-07,82.5,L,0,0,0,3,11,45,2024
d6ee6259-2768-4048-9e88-227992ff1da2,MAT-003,2024-11-07,433.28,UN,0,0,0,3,11,45,2024
6ea25050-3bcf-4a50-b214-f6426dfdd505,MAT-004,2024-11-07,51.94,KG,0,0,0,3,11,45,2024
a72a54f6-8a7d-4cd1-8266-d6f5955ede6f,MAT-005,2024-11-07,162.08,M,0,0,0,3,11,45,2024
c9c6f1e4-d47a-4cb2-81e5-720f7a8105bd,MAT-001,2024-11-08,245.65,KG,0,0,0,4,11,45,2024
6951ba53-da84-4b09-89cb-778a673f95ae,MAT-002,2024-11-08,82.03,L,0,0,0,4,11,45,2024
e30fd655-f379-4445-9432-720d62497cb3,MAT-003,2024-11-08,415.38,UN,0,0,0,4,11,45,2024
b7aa6b79-a6ca-41ee-95f0-7caa45ad9e8b,MAT-004,2024-11-08,53.97,KG,0,0,0,4,11,45,2024
cf87f429-dc6a-4dea-8965-bb693a3184c4,MAT-005,2024-11-08,141.21,M,0,0,0,4,11,45,2024
bb22e3de-20e7-4a55-9bb7-70ef09866661,MAT-001,2024-11-09,54.73,KG,0,1,0,5,11,45,2024
00b31ef9-9c25-4f8b-8e48-32b20a17a580,MAT-002,2024-11-09,14.53,L,0,1,0,5,11,45,2024
a9f07359-7279-44c4-a3da-cbb94c4034fb,MAT-003,2024-11-09,82.57,UN,0,1,0,5,11,45,2024
d0ad50bb-9ee2-4b10-b348-d365f8661ebd,MAT-004,2024-11-09,9.06,KG,0,1,0,5,11,45,2024
d6398a46-22cc-4307-b10d-192ba22ec169,MAT-005,2024-11-09,28.94,M,0,1,0,5,11,45,2024
bb3849a9-9e29-4a63-9b09-d6c30e05bae1,MAT-001,2024-11-10,48.25,KG,0,1,0,6,11,45,2024
5c580fc7-a513-44bf-b79a-fd00622a9590,MAT-002,2024-11-10,15.09,L,0,1,0,6,11,45,2024
d47813d9-0d32-4248-80c6-e876fe4ca043,MAT-003,2024-11-10,91.51,UN,0,1,0,6,11,45,2024
2bcebf63-2d87-4019-b04f-6516c5a3b42e,MAT-004,2024-11-10,9.28,KG,0,1,0,6,11,45,2024
cb74a232-771b-4d53-9082-79e5c9a0c612,MAT-005,2024-11-10,32.72,M,0,1,0,6,11,45,2024
e019a6ae-1851-45cb-8ce2-032b31cb97ff,MAT-001,2024-11-11,247.23,KG,0,0,0,0,11,46,2024
f22da335-f36d-423a-97e6-54bd4ab1d149,MAT-002,2024-11-11,71.16,L,0,0,0,0,11,46,2024
b978b00b-def6-4f4b-b7a2-64211a79514b,MAT-003,2024-11-11,454.6,UN,0,0,0,0,11,46,2024
4a73287e-1068-4fe1-ad4c-6b3f5671363c,MAT-004,2024-11-11,46.49,KG,0,0,0,0,11,46,2024
d64e704a-559a-4a3e-96c2-cd38ccfe469c,MAT-005,2024-11-11,172.22,M,0,0,0,0,11,46,2024
eaa9320c-9fe7-44fc-8829-cde9c120dbfe,MAT-001,2024-11-12,249.43,KG,0,0,0,1,11,46,2024
053787ed-aa24-47e9-80c4-f91771d17546,MAT-002,2024-11-12,70.45,L,0,0,0,1,11,46,2024
968df6a2-6c2d-42f3-8892-fdc1430288f5,MAT-003,2024-11-12,473.74,UN,0,0,0,1,11,46,2024
50400c30-efd4-4eac-9c29-a42fdc8182ff,MAT-004,2024-11-12,54.88,KG,0,0,0,1,11,46,2024
da24b771-eda5-41e2-8317-9882e8c992f7,MAT-005,2024-11-12,168.55,M,0,0,0,1,11,46,2024
9a3a8e8a-011c-404f-8a9c-23adc04a010a,MAT-001,2024-11-13,270.55,KG,0,0,0,2,11,46,2024
3d4e5a28-9279-49db-a71f-0f440a377c4a,MAT-002,2024-11-13,73.26,L,0,0,0,2,11,46,2024
e482a9aa-6be2-49a4-af72-3a1ceab688cf,MAT-003,2024-11-13,410.24,UN,0,0,0,2,11,46,2024
246cb996-629b-41d9-8d2b-827ffd290bee,MAT-004,2024-11-13,50.14,KG,0,0,0,2,11,46,2024
2e81cc9d-def1-490d-b157-14a57890d8f6,MAT-005,2024-11-13,164.37,M,0,0,0,2,11,46,2024
eb5f3af5-4e1e-407f-bebf-f6479292bb3e,MAT-001,2024-11-14,235.12,KG,0,0,0,3,11,46,2024
745a316b-98db-434c-b7b9-70f3d392389c,MAT-002,2024-11-14,75.31,L,0,0,0,3,11,46,2024
e6cbee21-9c5d-48d6-861b-96a65f2f215a,MAT-003,2024-11-14,425.64,UN,0,0,0,3,11,46,2024
2a667c03-b3a5-4be1-b833-97d56ec5a9ae,MAT-004,2024-11-14,55.86,KG,0,0,0,3,11,46,2024
83aec03c-e50d-42a2-b699-55d6d80182c6,MAT-005,2024-11-14,148.36,M,0,0,0,3,11,46,2024
af894e63-2b47-4409-80cb-7971a2130583,MAT-001,2024-11-15,360.88,KG,0,0,1,4,11,46,2024
436f46fa-1d3f-4db8-b8bc-6ebfb594cfef,MAT-002,2024-11-15,101.24,L,0,0,1,4,11,46,2024
1e56e2fc-d67b-4057-a873-c15201e66f36,MAT-003,2024-11-15,587.27,UN,0,0,1,4,11,46,2024
60cb243e-74b8-4bb7-b4bc-892d2e71013f,MAT-004,2024-11-15,62.26,KG,0,0,1,4,11,46,2024
2e4cf548-cfdb-4e40-9f19-5e3289c858a4,MAT-005,2024-11-15,207.42,M,0,0,1,4,11,46,2024
ab82ab1c-5617-475c-9ebb-71034d06f1f2,MAT-001,2024-11-16,55.76,KG,0,1,0,5,11,46,2024
4b04b23c-8c00-4926-9249-c3e3bde88c7f,MAT-002,2024-11-16,15.28,L,0,1,0,5,11,46,2024
e2f33497-3362-4808-933d-d9009845c75d,MAT-003,2024-11-16,96.21,UN,0,1,0,5,11,46,2024
b38edf8d-6855-4d04-9649-fcc2f54f3b9d,MAT-004,2024-11-16,9.03,KG,0,1,0,5,11,46,2024
f9f34ecd-ffab-495c-9160-306be6528b70,MAT-005,2024-11-16,33.13,M,0,1,0,5,11,46,2024
8aae957c-4ba1-425c-9fcd-7022cf83ad35,MAT-001,2024-11-17,46.33,KG,0,1,0,6,11,46,2024
2b688d7c-ad91-4966-a2d5-27b0dce2e44b,MAT-002,2024-11-17,17.35,L,0,1,0,6,11,46,2024
d7cf0c8f-b720-4c68-96f4-6c8ead903596,MAT-003,2024-11-17,94.57,UN,0,1,0,6,11,46,2024
860b2534-e1f6-40fb-859c-e469cbc1f750,MAT-004,2024-11-17,9.21,KG,0,1,0,6,11,46,2024
4b6d4d69-9d34-44cc-8d52-54a96ad96b17,MAT-005,2024-11-17,30.13,M,0,1,0,6,11,46,2024
845bfc6d-44a1-4b5a-903e-28318b9b8ab9,MAT-001,2024-11-18,256.11,KG,0,0,0,0,11,47,2024
4a86ab41-1a89-48e1-a861-a6e61bb167b1,MAT-002,2024-11-18,82.34,L,0,0,0,0,11,47,2024
a4902d32-e006-4398-8c23-74fb798983f2,MAT-003,2024-11-18,496.33,UN,0,0,0,0,11,47,2024
6589f90b-3621-4dd7-89bc-471533798563,MAT-004,2024-11-18,45.12,KG,0,0,0,0,11,47,2024
6294e5d9-0eb5-4008-87b6-7ad70ee177aa,MAT-005,2024-11-18,167.79,M,0,0,0,0,11,47,2024
70613d65-577a-43a2-abcb-53cc0c23cecf,MAT-001,2024-11-19,240.21,KG,0,0,0,1,11,47,2024
7decddeb-9bf1-4f46-afd9-6d46ae2c350f,MAT-002,2024-11-19,78.09,L,0,0,0,1,11,47,2024
5c89e47b-ab1d-488a-bfca-85b4a6b835be,MAT-003,2024-11-19,505.48,UN,0,0,0,1,11,47,2024
056180e9-d2e4-49ed-9e25-c1295d355f4e,MAT-004,2024-11-19,47.26,KG,0,0,0,1,11,47,2024
0deec029-25c3-46ac-8fed-3328425bab2d,MAT-005,2024-11-19,151.72,M,0,0,0,1,11,47,2024
695ccc1e-2464-4248-bf6b-eccd99cb080c,MAT-001,2024-11-20,281.88,KG,0,0,0,2,11,47,2024
dc598b3d-a40d-41a3-97c1-ca5226f56749,MAT-002,2024-11-20,85.76,L,0,0,0,2,11,47,2024
9f56fc2c-7856-4340-a99c-1274f31f012a,MAT-003,2024-11-20,471.25,UN,0,0,0,2,11,47,2024
7a07c27a-2142-43a0-9626-f7fefe44dc50,MAT-004,2024-11-20,53.56,KG,0,0,0,2,11,47,2024
a9337dab-3708-477f-a858-0a17f5a27776,MAT-005,2024-11-20,141.51,M,0,0,0,2,11,47,2024
0a16e4d8-380f-4991-b31a-f847575f5491,MAT-001,2024-11-21,272.24,KG,0,0,0,3,11,47,2024
0ee7565c-d2da-47aa-a293-a04fba7a4d2f,MAT-002,2024-11-21,71.53,L,0,0,0,3,11,47,2024
3e40fa3e-d3ce-4f90-8c34-a3407365d959,MAT-003,2024-11-21,503.32,UN,0,0,0,3,11,47,2024
13345682-adc3-462f-b78b-e5c4f6d34a91,MAT-004,2024-11-21,45.91,KG,0,0,0,3,11,47,2024
48811367-edaa-4c9b-bc09-e6a8db611fdd,MAT-005,2024-11-21,152.86,M,0,0,0,3,11,47,2024
caf695b6-54a5-4ac2-90f9-47bc4d106f45,MAT-001,2024-11-22,265.66,KG,0,0,0,4,11,47,2024
c8754276-915a-4dad-ad8a-3ef256d03b53,MAT-002,2024-11-22,85.8,L,0,0,0,4,11,47,2024
bad72a95-9b13-4cdd-a06e-d338064a30b7,MAT-003,2024-11-22,474.48,UN,0,0,0,4,11,47,2024
a5c4411b-f4f2-4ad2-a9fd-bb8140973ea6,MAT-004,2024-11-22,46.18,KG,0,0,0,4,11,47,2024
b5bce863-72d5-4ae1-a19e-f2e4f926bf83,MAT-005,2024-11-22,151.5,M,0,0,0,4,11,47,2024
0c6f7802-0351-49b3-8219-0c523c8d510d,MAT-001,2024-11-23,50.24,KG,0,1,0,5,11,47,2024
6c9534b8-1a93-4bae-823a-a3909a50b293,MAT-002,2024-11-23,14.19,L,0,1,0,5,11,47,2024
1450e628-be78-4756-ad08-de3649b8629b,MAT-003,2024-11-23,95.03,UN,0,1,0,5,11,47,2024
a15407d8-b152-43e6-a0b7-7a25b9428cd8,MAT-004,2024-11-23,10.81,KG,0,1,0,5,11,47,2024
7fdc2eb6-de8d-4e70-a1a5-c18ea1cc034b,MAT-005,2024-11-23,34.75,M,0,1,0,5,11,47,2024
95da5a26-f7a7-4302-960b-32e42430c92b,MAT-001,2024-11-24,47.39,KG,0,1,0,6,11,47,2024
60905a10-5294-42ae-a992-d27b5a4ba245,MAT-002,2024-11-24,17.61,L,0,1,0,6,11,47,2024
6f074feb-3b79-4f6c-8bdc-49aa1c5b439e,MAT-003,2024-11-24,82.55,UN,0,1,0,6,11,47,2024
208f2368-ef04-49d8-b8cb-88ae41d81716,MAT-004,2024-11-24,9.79,KG,0,1,0,6,11,47,2024
78bbb595-b493-42c6-985f-91408696b35d,MAT-005,2024-11-24,27.8,M,0,1,0,6,11,47,2024
58cd6b93-1fe7-4833-b7ba-9aac71f3b562,MAT-001,2024-11-25,245.12,KG,0,0,0,0,11,48,2024
4a71a4c5-ca5b-4be4-bc38-4811273de564,MAT-002,2024-11-25,76.43,L,0,0,0,0,11,48,2024
e0b8ee06-b3a1-4f8b-8e05-d4150bffe283,MAT-003,2024-11-25,477.34,UN,0,0,0,0,11,48,2024
b5347739-e390-4d0a-b844-e5daaba7c029,MAT-004,2024-11-25,52.14,KG,0,0,0,0,11,48,2024
95302643-049d-48da-8508-2c49fa8fe369,MAT-005,2024-11-25,166.02,M,0,0,0,0,11,48,2024
5e4e8a3e-4f3d-4ece-9a06-f9e4cf7f3dce,MAT-001,2024-11-26,264.78,KG,0,0,0,1,11,48,2024
3c81a8c4-f4a7-4fee-a93b-eb82fb273fe7,MAT-002,2024-11-26,81.25,L,0,0,0,1,11,48,2024
2daff664-121b-445f-a4ee-9b7d214d6405,MAT-003,2024-11-26,507.19,UN,0,0,0,1,11,48,2024
448671ef-9776-4acd-ac8f-6d60567e16f2,MAT-004,2024-11-26,52.04,KG,0,0,0,1,11,48,2024
7c2f8876-0f15-46c2-b686-bfb3b5612086,MAT-005,2024-11-26,149.95,M,0,0,0,1,11,48,2024
d49a3c5b-6d1c-439b-9259-507e47f07755,MAT-001,2024-11-27,261.44,KG,0,0,0,2,11,48,2024
88da0bb6-534f-4866-bf62-b3a9048d0254,MAT-002,2024-11-27,83.85,L,0,0,0,2,11,48,2024
7465c66b-1a4e-4f84-92d0-5e99acda1b6c,MAT-003,2024-11-27,410.8,UN,0,0,0,2,11,48,2024
14a5d8fb-c913-405e-81bb-c7b3cef23ae7,MAT-004,2024-11-27,51.94,KG,0,0,0,2,11,48,2024
0389fbe9-eaa3-4a9f-98b2-f106a2179991,MAT-005,2024-11-27,146.59,M,0,0,0,2,11,48,2024
3e8185b3-63ee-4814-b71c-e0566ca09598,MAT-001,2024-11-28,250.37,KG,0,0,0,3,11,48,2024
9c636dd3-516c-4b13-829f-dade0e9a2baf,MAT-002,2024-11-28,83.38,L,0,0,0,3,11,48,2024
7cfc38a9-9633-421f-b210-9cdba340df27,MAT-003,2024-11-28,442.43,UN,0,0,0,3,11,48,2024
4b5ecfa5-f7aa-4fdc-bd3b-b45293827124,MAT-004,2024-11-28,54.07,KG,0,0,0,3,11,48,2024
62a45ce8-f76b-4260-a749-ac71791064c5,MAT-005,2024-11-28,158.18,M,0,0,0,3,11,48,2024
3ea29596-d36d-4efd-8083-4d8abfc0aef5,MAT-001,2024-11-29,290.44,KG,0,0,0,4,11,48,2024
4459ee2a-1bdf-42b9-a7e9-4f9fa22321a4,MAT-002,2024-11-29,71.45,L,0,0,0,4,11,48,2024
1159906b-7e42-4761-bbcd-c79c1534dd4c,MAT-003,2024-11-29,470.66,UN,0,0,0,4,11,48,2024
9d04f828-9fac-4ec9-a3f8-a77dba8d2299,MAT-004,2024-11-29,45.88,KG,0,0,0,4,11,48,2024
dc9a45e0-63c3-4072-8503-10885ff3053c,MAT-005,2024-11-29,169.06,M,0,0,0,4,11,48,2024
ae5d6c9d-36d0-4f75-aa33-d7675cbca5f9,MAT-001,2024-11-30,56.39,KG,0,1,0,5,11,48,2024
abe7808c-18c5-450d-8fea-a0f182b24b43,MAT-002,2024-11-30,17.42,L,0,1,0,5,11,48,2024
61cfeb30-2590-495a-93ea-b381a6620bb3,MAT-003,2024-11-30,81.72,UN,0,1,0,5,11,48,2024
0c0b35bf-5bbd-4e87-a55e-002ed365452a,MAT-004,2024-11-30,9.98,KG,0,1,0,5,11,48,2024
75dda7d3-a8a9-411d-9ee5-8c4d33748a13,MAT-005,2024-11-30,29.26,M,0,1,0,5,11,48,2024
0fe39df1-70dc-470f-ab4b-644bd080df15,MAT-001,2024-12-01,81.01,KG,0,1,1,6,12,48,2024
77f941b7-c6dd-4111-9d45-d2a36754c8bc,MAT-002,2024-12-01,19.98,L,0,1,1,6,12,48,2024
e5330b95-fe48-44cb-b756-ab44a605c479,MAT-003,2024-12-01,118.92,UN,0,1,1,6,12,48,2024
7e20374c-d1f8-4978-9462-449365e77c46,MAT-004,2024-12-01,14.48,KG,0,1,1,6,12,48,2024
c686cc31-f13a-4b52-a6fb-3b0f16585ca4,MAT-005,2024-12-01,42.67,M,0,1,1,6,12,48,2024
48c5ad2c-0d57-4e10-b1a5-6433b35ee26e,MAT-001,2024-12-02,243.46,KG,0,0,0,0,12,49,2024
b35d4e79-4936-4d03-acba-409ae41dd901,MAT-002,2024-12-02,79.21,L,0,0,0,0,12,49,2024
96704957-81b7-4718-ac07-544d05964c0d,MAT-003,2024-12-02,487.9,UN,0,0,0,0,12,49,2024
35bab985-dfd1-4918-a61c-9297b21e2acd,MAT-004,2024-12-02,49.38,KG,0,0,0,0,12,49,2024
fa62cc92-2745-4382-9248-d90e8ca03b7e,MAT-005,2024-12-02,169.35,M,0,0,0,0,12,49,2024
1733ba43-8d90-4404-9d9d-c154fb512928,MAT-001,2024-12-03,256.7,KG,0,0,0,1,12,49,2024
d1df781f-825c-4915-a9c4-35e7522ee35b,MAT-002,2024-12-03,72.68,L,0,0,0,1,12,49,2024
b785d9d0-a176-4b82-89d2-2b2c9b6f0e64,MAT-003,2024-12-03,454.71,UN,0,0,0,1,12,49,2024
461fcfeb-850b-4db8-9f57-db4cfdbbdeaa,MAT-004,2024-12-03,51.84,KG,0,0,0,1,12,49,2024
f0ca177b-0308-4038-bb62-0f41b6b070db,MAT-005,2024-12-03,141.12,M,0,0,0,1,12,49,2024
d5fa104d-704e-4142-b0c2-7b2eba7be081,MAT-001,2024-12-04,254.53,KG,0,0,0,2,12,49,2024
675e309a-ba87-477c-be73-823414bb4f2c,MAT-002,2024-12-04,81.1,L,0,0,0,2,12,49,2024
1b7a1523-cea6-40ca-a932-560a8c2c5168,MAT-003,2024-12-04,400.42,UN,0,0,0,2,12,49,2024
9efee662-89bb-4612-a8e9-25e658910425,MAT-004,2024-12-04,45.09,KG,0,0,0,2,12,49,2024
5cecfba8-bab9-493e-aad1-e90aadca25be,MAT-005,2024-12-04,159.9,M,0,0,0,2,12,49,2024
755de874-80cf-4a9b-a204-969f2f3af92d,MAT-001,2024-12-05,267.43,KG,0,0,0,3,12,49,2024
6b69db56-e467-4fd6-a0a1-e2d66f8760c7,MAT-002,2024-12-05,76.25,L,0,0,0,3,12,49,2024
621ffb39-18e3-4789-8b27-6b7c7c687191,MAT-003,2024-12-05,455.91,UN,0,0,0,3,12,49,2024
50a16760-f899-441a-b04c-42c53916e18d,MAT-004,2024-12-05,46.48,KG,0,0,0,3,12,49,2024
2c7ef865-180f-4d67-a780-236eea8e1f2d,MAT-005,2024-12-05,162.42,M,0,0,0,3,12,49,2024
f8c2c8aa-fead-47c9-a7dd-e1e0aab72c30,MAT-001,2024-12-06,288.1,KG,0,0,0,4,12,49,2024
b4c31306-6909-46b8-a4ec-df3f1036636c,MAT-002,2024-12-06,77.38,L,0,0,0,4,12,49,2024
90c224a0-7b3a-4082-927f-bab5276ec98e,MAT-003,2024-12-06,406.33,UN,0,0,0,4,12,49,2024
56ec9158-a37b-44e2-932c-20d1a4c0e58c,MAT-004,2024-12-06,46.68,KG,0,0,0,4,12,49,2024
09a3ba61-858e-4e9e-80ae-6c11ffc3d836,MAT-005,2024-12-06,154.29,M,0,0,0,4,12,49,2024
c72caaf2-7b64-4730-be29-5d937260b5aa,MAT-001,2024-12-07,52.75,KG,0,1,0,5,12,49,2024
5d4615a7-8754-4605-b2dc-ed3d90707abe,MAT-002,2024-12-07,16.46,L,0,1,0,5,12,49,2024
b8520920-6c15-485e-9211-06fde056fcac,MAT-003,2024-12-07,90.41,UN,0,1,0,5,12,49,2024
a4887390-fa96-41be-b681-5c8adff2094e,MAT-004,2024-12-07,10.38,KG,0,1,0,5,12,49,2024
d1985369-71f1-4ea3-a695-75df38e500b7,MAT-005,2024-12-07,32.82,M,0,1,0,5,12,49,2024
82be650f-c519-47cd-8e90-a12b95932c65,MAT-001,2024-12-08,47.18,KG,0,1,0,6,12,49,2024
1b774592-2bd0-4006-a13f-048a344e4fad,MAT-002,2024-12-08,17.0,L,0,1,0,6,12,49,2024
7a67bb53-106f-4be0-9188-d219ceca5f05,MAT-003,2024-12-08,84.92,UN,0,1,0,6,12,49,2024
b0500675-18c6-4832-8371-ee27a1c94426,MAT-004,2024-12-08,9.62,KG,0,1,0,6,12,49,2024
c9f01929-90f0-4d53-930c-5e735934d278,MAT-005,2024-12-08,33.67,M,0,1,0,6,12,49,2024
c6202cc7-32ca-4bc3-a6f6-d83ff4f2e2a8,MAT-001,2024-12-09,288.98,KG,0,0,0,0,12,50,2024
32f08624-a480-404e-b25c-ab7e2b45a9db,MAT-002,2024-12-09,76.01,L,0,0,0,0,12,50,2024
68d574da-c3dc-4177-b0ed-13c55cbece61,MAT-003,2024-12-09,457.4,UN,0,0,0,0,12,50,2024
4c605e59-98d5-4e4e-ae86-5f8cdea17e1a,MAT-004,2024-12-09,52.43,KG,0,0,0,0,12,50,2024
ae0f5971-6843-41a2-a594-fc1875c204f3,MAT-005,2024-12-09,138.99,M,0,0,0,0,12,50,2024
f498f05e-f019-4689-8272-9e5ccbbb3582,MAT-001,2024-12-10,239.04,KG,0,0,0,1,12,50,2024
6c1b27cf-b45e-4ca6-a6e3-47dac6d06102,MAT-002,2024-12-10,73.1,L,0,0,0,1,12,50,2024
33adb884-1f22-488a-abdc-eedc10022a16,MAT-003,2024-12-10,478.68,UN,0,0,0,1,12,50,2024
d86ee661-7534-4cb2-86e9-1c6b7e581832,MAT-004,2024-12-10,52.66,KG,0,0,0,1,12,50,2024
0935f2fe-5600-494c-b452-c52f75d32959,MAT-005,2024-12-10,141.28,M,0,0,0,1,12,50,2024
dc8585d3-4d3d-4162-8b9c-f8c04ed9a330,MAT-001,2024-12-11,266.92,KG,0,0,0,2,12,50,2024
46295bdd-5eca-45d8-b00d-8a5d8b6c7011,MAT-002,2024-12-11,74.0,L,0,0,0,2,12,50,2024
7021db25-3a40-4bf6-8321-143d0f4e9230,MAT-003,2024-12-11,501.98,UN,0,0,0,2,12,50,2024
7dee54e5-5321-49f0-9bdb-a323bd457cf1,MAT-004,2024-12-11,48.71,KG,0,0,0,2,12,50,2024
306e2e82-a187-4ea5-81f6-5b03fd3532b8,MAT-005,2024-12-11,154.39,M,0,0,0,2,12,50,2024
bf16953d-f531-46bb-a113-d98c11469194,MAT-001,2024-12-12,277.56,KG,0,0,0,3,12,50,2024
a033e436-7608-408c-8144-e62c044503df,MAT-002,2024-12-12,84.16,L,0,0,0,3,12,50,2024
597333c5-b858-42ff-8dbc-4bbf47a3aac4,MAT-003,2024-12-12,412.17,UN,0,0,0,3,12,50,2024
0876f46e-9246-429d-83ae-dfe69ab562b3,MAT-004,2024-12-12,48.97,KG,0,0,0,3,12,50,2024
91b30b1f-074b-435e-82d9-5160d255e45c,MAT-005,2024-12-12,171.97,M,0,0,0,3,12,50,2024
13e581c1-cd71-4489-a5b0-bac05fc91411,MAT-001,2024-12-13,281.06,KG,0,0,0,4,12,50,2024
ad385b06-f61d-4c65-bcda-8ef38f8b00e9,MAT-002,2024-12-13,81.71,L,0,0,0,4,12,50,2024
2fcf8a56-221c-46d5-b81f-6d45ffc5376f,MAT-003,2024-12-13,484.72,UN,0,0,0,4,12,50,2024
a7500302-c458-4939-8a3a-cce549cc4a7b,MAT-004,2024-12-13,49.41,KG,0,0,0,4,12,50,2024
37060bdc-075a-4d83-805f-7cc4bd79d86b,MAT-005,2024-12-13,161.93,M,0,0,0,4,12,50,2024
86e22bb2-318e-4545-bfba-1dab1919b0ce,MAT-001,2024-12-14,57.69,KG,0,1,0,5,12,50,2024
c97ff5a4-bb4d-4363-a88d-4b5833c59965,MAT-002,2024-12-14,14.6,L,0,1,0,5,12,50,2024
8395fdbd-c70a-497a-9d56-0d64b4021770,MAT-003,2024-12-14,90.97,UN,0,1,0,5,12,50,2024
94c4f055-8ee7-4199-ae84-312b06c80336,MAT-004,2024-12-14,10.07,KG,0,1,0,5,12,50,2024
f963f9fa-1d81-40ac-974f-fd9ca017e2fa,MAT-005,2024-12-14,27.82,M,0,1,0,5,12,50,2024
e0b669d3-bd71-4987-8697-17d4768e8e11,MAT-001,2024-12-15,80.41,KG,0,1,1,6,12,50,2024
4bfea99a-639f-4bca-ab13-92d00edfc783,MAT-002,2024-12-15,24.22,L,0,1,1,6,12,50,2024
f825a244-4708-435a-b38d-013908ce2f60,MAT-003,2024-12-15,126.88,UN,0,1,1,6,12,50,2024
ed9c46ee-ce87-46e8-b7b4-510a0fc861d7,MAT-004,2024-12-15,14.03,KG,0,1,1,6,12,50,2024
7ecfdb49-0841-4682-a744-ff0ba35e3f02,MAT-005,2024-12-15,48.1,M,0,1,1,6,12,50,2024
fed97054-487f-4e0d-8f4e-e4f832d80775,MAT-001,2024-12-16,239.86,KG,0,0,0,0,12,51,2024
19c110c8-b669-4a82-ae05-48035c7c168a,MAT-002,2024-12-16,81.51,L,0,0,0,0,12,51,2024
9d75e957-cde5-4cee-88ec-20f921bc1685,MAT-003,2024-12-16,480.17,UN,0,0,0,0,12,51,2024
9c141e6a-e67b-4306-9fa0-91505fa4fde6,MAT-004,2024-12-16,45.54,KG,0,0,0,0,12,51,2024
77a5221a-db31-4f62-a24b-8ef8830934c1,MAT-005,2024-12-16,151.78,M,0,0,0,0,12,51,2024
7f691ab6-33b6-4903-b755-9121f82118ee,MAT-001,2024-12-17,266.27,KG,0,0,0,1,12,51,2024
6dc93b72-54ae-4f60-846d-2f2b90b7fe54,MAT-002,2024-12-17,87.35,L,0,0,0,1,12,51,2024
a9d70f9e-121c-494e-a910-c591bba64370,MAT-003,2024-12-17,455.45,UN,0,0,0,1,12,51,2024
afdb5347-aa87-4b10-b020-b131b48da20e,MAT-004,2024-12-17,48.62,KG,0,0,0,1,12,51,2024
d80398cf-7774-44d9-a907-7fd06d73dfc8,MAT-005,2024-12-17,173.95,M,0,0,0,1,12,51,2024
b5368427-e97f-486d-82fa-dc178cedec10,MAT-001,2024-12-18,285.95,KG,0,0,0,2,12,51,2024
2c753691-fcf0-4487-890a-831962677234,MAT-002,2024-12-18,85.04,L,0,0,0,2,12,51,2024
96f52dbd-9ee1-4f48-8cd1-6530065aad64,MAT-003,2024-12-18,430.28,UN,0,0,0,2,12,51,2024
ad385f13-a9dd-4e9d-87fe-c446d10a7882,MAT-004,2024-12-18,55.56,KG,0,0,0,2,12,51,2024
c2b1f054-8e3a-4ff1-ae1d-035ef8be79ec,MAT-005,2024-12-18,173.62,M,0,0,0,2,12,51,2024
bba098c4-a2bc-4604-a56f-63818b9052d7,MAT-001,2024-12-19,257.06,KG,0,0,0,3,12,51,2024
1267b3e1-6e7b-45d1-86c9-bc6f081a2b7a,MAT-002,2024-12-19,72.96,L,0,0,0,3,12,51,2024
4fe80acf-aa28-486f-8f40-9863f51b0a41,MAT-003,2024-12-19,445.47,UN,0,0,0,3,12,51,2024
afe12158-9083-431e-91f8-88be7565c69e,MAT-004,2024-12-19,52.4,KG,0,0,0,3,12,51,2024
16de9afd-049f-47f9-b4d2-5afb474a2626,MAT-005,2024-12-19,165.3,M,0,0,0,3,12,51,2024
bf4ca61a-a27d-440d-84a0-60ae4e9d4a2d,MAT-001,2024-12-20,247.45,KG,0,0,0,4,12,51,2024
7cda566b-15f1-443b-8fb1-af32cefa3d18,MAT-002,2024-12-20,83.87,L,0,0,0,4,12,51,2024
75e2815b-953a-4424-ad5d-644b93d84431,MAT-003,2024-12-20,494.39,UN,0,0,0,4,12,51,2024
61a9d53b-2f1f-4d8b-8597-35fcd7e9baee,MAT-004,2024-12-20,52.54,KG,0,0,0,4,12,51,2024
03cbe70f-4a0d-4ea1-aa35-1709c3e4bd1b,MAT-005,2024-12-20,172.31,M,0,0,0,4,12,51,2024
052558b7-3dba-433d-ab88-95eceae903d5,MAT-001,2024-12-21,53.65,KG,0,1,0,5,12,51,2024
9fa92a0d-19de-4c60-8b87-4258d6ef1c06,MAT-002,2024-12-21,14.85,L,0,1,0,5,12,51,2024
727ce315-5520-48b1-997c-799c8aea5113,MAT-003,2024-12-21,93.71,UN,0,1,0,5,12,51,2024
dec14d32-9e93-4f9f-8bc0-d70d77bf7029,MAT-004,2024-12-21,9.5,KG,0,1,0,5,12,51,2024
f9ff5619-c2a2-4680-9b8c-d7aff65bc4b5,MAT-005,2024-12-21,30.04,M,0,1,0,5,12,51,2024
62e95166-a12d-4729-bab4-2b41e8f37baa,MAT-001,2024-12-22,54.15,KG,0,1,0,6,12,51,2024
26841b0a-5aca-45e4-a022-efa5102bc379,MAT-002,2024-12-22,17.85,L,0,1,0,6,12,51,2024
f793a0df-fe32-4486-adc3-9b0a186886d7,MAT-003,2024-12-22,94.28,UN,0,1,0,6,12,51,2024
bc874b48-7fb0-47f2-9d28-ee06b110efe2,MAT-004,2024-12-22,11.1,KG,0,1,0,6,12,51,2024
60ad0139-9eb5-4302-af90-b1a34903cbc3,MAT-005,2024-12-22,31.23,M,0,1,0,6,12,51,2024
f6224079-c0a1-404a-9590-e9f2d402cd98,MAT-001,2024-12-23,272.13,KG,0,0,0,0,12,52,2024
16563622-222b-41b6-a913-a2ed21e7e7b9,MAT-002,2024-12-23,76.59,L,0,0,0,0,12,52,2024
e80c29f8-2545-4a03-8935-9fac27563800,MAT-003,2024-12-23,413.0,UN,0,0,0,0,12,52,2024
0bf0c2f4-f99d-4329-85fe-0b5216459bea,MAT-004,2024-12-23,48.23,KG,0,0,0,0,12,52,2024
9e277c11-d306-4296-bd56-4624d1757de4,MAT-005,2024-12-23,155.27,M,0,0,0,0,12,52,2024
4795b6fa-ddb5-4495-a4e0-1cb05e071a70,MAT-001,2024-12-24,264.41,KG,0,0,0,1,12,52,2024
baf66b52-34b1-4820-b214-0da967c290e1,MAT-002,2024-12-24,83.21,L,0,0,0,1,12,52,2024
644aad31-119c-461e-b30e-4040e2a965f0,MAT-003,2024-12-24,445.99,UN,0,0,0,1,12,52,2024
127c3c7f-04fb-445a-ab55-29c20474c44f,MAT-004,2024-12-24,52.97,KG,0,0,0,1,12,52,2024
0072cca8-7519-49c8-99b6-ed656f645f16,MAT-005,2024-12-24,168.78,M,0,0,0,1,12,52,2024
aa64ff70-c738-4fa6-972a-76c03209a6e9,MAT-001,2024-12-25,12.33,KG,1,0,0,2,12,52,2024
a07d977b-4386-437f-8879-cd3b5dc6de30,MAT-002,2024-12-25,4.33,L,1,0,0,2,12,52,2024
a05d607d-9915-441d-8978-fe0008338bfe,MAT-003,2024-12-25,24.43,UN,1,0,0,2,12,52,2024
3116e561-c684-4bdb-8a01-250d787f133b,MAT-004,2024-12-25,2.51,KG,1,0,0,2,12,52,2024
64768df0-a9d3-4c2f-ba7a-7e18fc067970,MAT-005,2024-12-25,6.91,M,1,0,0,2,12,52,2024
46eb01d6-19f8-4be3-a6a9-75589407105a,MAT-001,2024-12-26,237.87,KG,0,0,0,3,12,52,2024
78fbc184-547c-4ce1-8e9c-79cff10764e1,MAT-002,2024-12-26,83.27,L,0,0,0,3,12,52,2024
63c8b34a-0736-451e-9910-806431f285d3,MAT-003,2024-12-26,422.23,UN,0,0,0,3,12,52,2024
f9c2b59f-3548-4b57-b728-a5690012cbbb,MAT-004,2024-12-26,53.0,KG,0,0,0,3,12,52,2024
7c2af947-ee01-4c37-a5d6-8023c4056a0a,MAT-005,2024-12-26,143.31,M,0,0,0,3,12,52,2024
49dce830-1c32-47e0-bd2d-f83210947137,MAT-001,2024-12-27,246.68,KG,0,0,0,4,12,52,2024
d8b5b997-ece1-41e6-aa7d-a60833520d67,MAT-002,2024-12-27,75.21,L,0,0,0,4,12,52,2024
fa4fa6f6-7629-4fff-8493-1f84b7ba2075,MAT-003,2024-12-27,492.06,UN,0,0,0,4,12,52,2024
4bec66eb-b439-43f3-a55c-a1f539239733,MAT-004,2024-12-27,52.29,KG,0,0,0,4,12,52,2024
ae07868b-f6f5-4585-ab5f-88d4ac5922b4,MAT-005,2024-12-27,148.33,M,0,0,0,4,12,52,2024
693aecff-3e24-474b-9f4b-0acb873e98ae,MAT-001,2024-12-28,55.16,KG,0,1,0,5,12,52,2024
2eac151d-ff27-48d9-98c7-6056d4d7e37d,MAT-002,2024-12-28,14.2,L,0,1,0,5,12,52,2024
f8ce1fc7-b912-4165-8d69-342bef9f9109,MAT-003,2024-12-28,97.86,UN,0,1,0,5,12,52,2024
c28630ee-e962-446d-8310-ef0190e9970e,MAT-004,2024-12-28,9.05,KG,0,1,0,5,12,52,2024
1bf88397-a83d-4f5d-918f-24928433104d,MAT-005,2024-12-28,33.96,M,0,1,0,5,12,52,2024
5299fe06-58a0-4da7-9cb2-110733651efa,MAT-001,2024-12-29,54.99,KG,0,1,0,6,12,52,2024
dcacd65e-5685-41fb-8a40-c89be6881b91,MAT-002,2024-12-29,17.4,L,0,1,0,6,12,52,2024
64bbd2dc-0eaf-449c-80b2-141ce8bd1773,MAT-003,2024-12-29,96.29,UN,0,1,0,6,12,52,2024
0323a459-353e-472a-87d3-23736fa63201,MAT-004,2024-12-29,10.15,KG,0,1,0,6,12,52,2024
ad64baa8-c6bc-4a18-bb9d-f673089b0142,MAT-005,2024-12-29,29.24,M,0,1,0,6,12,52,2024
922324dd-50d3-48c9-8a65-3fe530fd0782,MAT-001,2024-12-30,277.74,KG,0,0,0,0,12,1,2024
1b12c713-ab57-4bbf-a889-b1275089f641,MAT-002,2024-12-30,85.74,L,0,0,0,0,12,1,2024
5e5a015b-4a42-47ad-b5e1-714f07b13aac,MAT-003,2024-12-30,431.81,UN,0,0,0,0,12,1,2024
7812b4b5-26f4-44a4-bf60-fc7447d5854d,MAT-004,2024-12-30,51.97,KG,0,0,0,0,12,1,2024
5e8d902a-378a-4dd7-90af-8e19711400fa,MAT-005,2024-12-30,171.97,M,0,0,0,0,12,1,2024
59263c5a-b56d-4e74-af68-551c1bb70e78,MAT-001,2024-12-31,252.98,KG,0,0,0,1,12,1,2024
0c0c2bcb-30bd-4670-a5b6-3cb066a7fad2,MAT-002,2024-12-31,88.77,L,0,0,0,1,12,1,2024
2b79254d-515f-40d1-9eae-0af5f9226eed,MAT-003,2024-12-31,506.96,UN,0,0,0,1,12,1,2024
81649257-4907-45b3-ae81-ffdf66a00254,MAT-004,2024-12-31,47.75,KG,0,0,0,1,12,1,2024
9e6345c4-72e1-4f4a-ba3b-ff64ca4e514c,MAT-005,2024-12-31,157.95,M,0,0,0,1,12,1,2024